estudio,pais,trilha,email,fonte_do_email,encaixe,observacao
Airborn Studios,Alemanha,A,contact@airborn-studios.com,https://airborn-studios.com/contact/,forte,Referência mundial em personagens estilizados (Overwatch; Spyro; Crash 4; Ori; Fortnite); rede de artistas remotos
Digic Pictures,Hungria,A,contact@digicpictures.com,https://digicgroup.com/contact/,forte,Maior estúdio de cinematics da Europa (Assassin's Creed; League); vaga aberta de Character Modeler
Puppetworks,Hungria,A,info@puppetworks.eu,https://puppetworks.eu/puppetworks-contact/,forte,Cinematics em Budapeste com artistas internacionais remotos; vaga de Asset Generalist ativa
The Sequence Group,Canadá,A,jobs@thesequencegroup.com,https://thesequencegroup.com/jobs,forte,Cinematics e trailers estilizados (Magic: The Gathering; Xbox; Destiny) em Vancouver; email dedicado de vagas
Ember Lab,EUA,A,contact@emberlab.com,https://emberlab.com/careers/,forte,Criadores de Kena: Bridge of Spirits; personagens estilizados de alto nível
Steamroller Studios,EUA,A,contact@steamrollerstudios.com,https://www.steamrollerstudios.com/,forte,Animação e cinematics para Weta; Epic; NetherRealm; cultura distribuída remote-friendly (Flórida)
Woodblock,Alemanha,A,work@woodblock.tv,https://woodblock.tv/,forte,Trailers estilizados para Riot e Ubisoft; character animation como núcleo; Berlim/Ludwigsburg
Kevuru Games,Ucrânia,A,career@kevurugames.com,https://kevurugames.com/career/,forte,Outsourcing 350+ (EA; Epic; Lucasfilm); arte estilizada e realista; contrata remoto
VSQUAD,Ucrânia,A,head@vsquad.art,https://vsquad.art/contact-us/,forte,Outsourcing com foco em personagens estilizados (lineup 3D de Wayfinder); concept a asset in-engine
RetroStyle Games,Ucrânia,A,job@retrostylegames.com,https://retrostylegames.com/careers/,forte,Outsourcing 2D/3D estilizado/casual (100+ artistas); email de vagas na página de careers
RocketBrush Studio,Chipre,A,hr@rocketbrush.com,https://rocketbrush.com/,forte,Outsourcing de concept e personagens estilizados (~100 pessoas); aceita portfólios por email de HR
SunStrike Studios,Chipre,A,job@sunstrikestudios.com,https://sunstrikestudios.com/ru/career/,forte,Game art (70+ artistas): character design; environments; animação; forte em estilizado
Art Bully Productions,EUA,A,contact@artbullyproductions.com,https://www.artbully.co/whoweare,forte,Outsourcing AAA focado em characters/creatures (Fortnite; Godfall); aceita CV+portfólio por email; full-time e freelance
Argentics,EUA/Ucrânia,A,contact@argentics.io,https://www.argentics.io/contact-us,forte,Outsourcing de arte 2D/3D (80+); convida envio de CV+portfólio; trabalho remoto
Airship Interactive,Reino Unido,A,talent@airshipinteractive.com,https://careers.airshipinteractive.com/jobs/6191955-freelance-character-artist,forte,External art AAA com rede de Freelance Character Artists remotos (EA; 2K; Sony; 343)
Unit Image,França,A,contact@unit-image.fr,https://www.unit-image.fr/mentions-legales/,médio,Cinematics ultra-realistas em Paris (Ghost Recon; The Division); email geral do site
Goodbye Kansas Studios,Suécia,A,hello@goodbyekansas.com,https://goodbyekansasgroup.com/contact,médio,Trailers e cinematics realistas (Cyberpunk 2077); grooming pesado; Estocolmo/Londres
Sun Creature,Dinamarca,A,contact@suncreature.com,https://suncreature.com/contact/,médio,Estúdio estilizado (trailers de League of Legends; Ivandoe); foco 2D; bom para vis dev
Meduzarts,Canadá,A,info@meduzarts.com,https://meduzarts.com/contact,médio,Cinematics UE5 e animação adulta em Montreal (WB Games; Ubisoft; EA; Netflix)
Mathematic,França,A,contact@mathematicfilm.com,https://www.filmfrance.net/en/plan-your-production/vfx-studios/mathematic-film/,médio,250+ artistas Paris/Montreal/LA; trailers de games e estilos variados; fonte é diretório oficial Film France (confirmar no site)
TrailerFarm,Reino Unido,A,info@thetrailerfarm.com,https://www.trailerfarm.studio/contact,médio,Trailer house de Brighton (Borderlands 3; Fall Guys); aceita freelancers com day rate
Flipbook Studio,Reino Unido,A,jobs@flipbookstudio.co.uk,https://www.flipbookstudio.co.uk/news/current-positions-permanent-freelance/,médio,CG de Manchester (trailers de games e TV); aceita permanentes e freelancers por email
Waterproof Studios,Canadá,A,info@waterproofstudios.com,https://waterproofstudios.com/careers,médio,Cinematics CG de games em Vancouver/Burnaby; muito trabalho de modelagem de personagens
Blow Studio,Espanha,A,jobs@blowstudio.es,https://www.blowstudio.es/contact-us/,médio,CG de Sevilha (Three Robots de Love Death & Robots); email de vagas publicado; avisam que respondem pouco
Sperasoft,EUA/Polônia,A,jobs@sperasoft.com,https://sperasoft.com/career/,médio,Co-dev e art services AAA (Keywords); personagens realistas; EUA/Europa do Leste
elite3d,Espanha,A,info@elite3d.com,https://www.elite3d.com/privacy-policy/,médio,Arte AAA em Valência (Call of Duty) com character art dedicado; foco realista
Nuare Studio,Canadá,A,contact@nuarestudio.com,https://nuare.com/contact/,médio,Art outsourcing full-pipeline desde 2006 (2D/3D characters; promo art); Kelowna BC
Amber,Romênia (global),A,recruitment_ro@amberstudio.com,https://amberstudio.com/talent-network,médio,Full-service game dev/art em 9 locais; Talent Network aceita candidaturas por email
Moonmana,Ucrânia/Polônia,A,careers@moonmana.com,https://moonmana.com/careers/,médio,Game dev e art outsourcing 2D/3D (characters; props); email de careers verificado
Game-Ace,Chipre/Ucrânia,A,contact@game-ace.com,https://game-ace.com/contact-us/,médio,Outsourcing/co-dev desde 2005 com character modeling 2D/3D
iLogos Game Studios,Malta/Ucrânia,A,bizdev@ilogos.biz,https://ilogos.biz/contacts/,médio,Vagas de character 100% remotas via ATS próprio; único email visível é bizdev@ (usar com cautela)
Polydin Studio,Global (sede não confirmada),A,info@polydin.com,https://polydin.com/get-in-touch/,médio,Art outsourcing p/ indies/AA com personagens de cartoon a realista e visdev
Industrial Brothers,Canadá,B,info@industrialbrothers.com,https://www.industrialbrothers.com/contact/,forte,Toronto; séries infantis CG próprias (Remy & Boo; Kingdom Force); pede CV e portfólio por email com a vaga no assunto
10th Ave Productions,Canadá,B,talent@10ave.com,https://10ave.com/en/,forte,Longas CG canadenses em Québec (Katak a Corajosa Beluga; Mission Kathmandu); unidade 10th Ave Animation
Digital Dimension (Saturday Animation),Canadá,B,info@digitaldimension.com,https://digitaldimension.com/careers,forte,Grupo de Montreal: séries CG (Saturday); cinemáticas (Meduzarts; KRAKN); careers ativa
Kickstart Entertainment,Canadá,B,info@kickstartent.com,https://www.kickstartent.com/careers,forte,Vancouver/Toronto; séries infantis 2D/CG; pede CV + reel por email de carreiras
Blue Spirit,França,B,contact.france@spirit-prod.com,https://www.spirit-prod.com/en/contacts/,forte,Séries e longas CG/2D em Angoulême/Paris; portal próprio de vagas jobs.spirit-prod.com
Miam! Animation,França,B,jobs@miam-animation.com,https://www.miam-animation.com/,forte,Séries CG estilizadas (Edmond & Lucy); jobs@ publicado no site oficial
Able & Baker,Espanha,B,contact@ableandbakerstudios.com,https://ableandbakerstudios.com/contact-us-2,forte,Madri; Bad Dinosaurs (Netflix) e Love Death & Robots; personagens estilizados
B-Water Animation Studios,Espanha,B,ag@b-waterstudios.com,https://b-waterstudios.com/contact/,forte,Barcelona+Tenerife; serviço de longas/séries CG; email da General Manager na página de contato
Studio Soi,Alemanha,B,work@studiosoi.de,https://www.studiosoi.de/contact,forte,Ludwigsburg; séries/especiais CG estilizados (Gruffalo; Trudes Tier); email dedicado a trabalho
Telescope Animation,Alemanha,B,apply@telescopeanimation.com,https://www.telescopeanimation.com/contact,forte,Longa CG The Last Whale Singer com pipeline próprio de personagens; pede CV + reel por email
Cyborn,Bélgica,B,jobs@cyborn.be,https://www.cyborn.be/contact,forte,Antuérpia; longas CG (The Inseparables; Hitpig); aceita candidatura espontânea com CV+portfólio
Walking The Dog,Bélgica,B,hr@walkingthedog.be,http://www.walkingthedog.be/contact,forte,Bruxelas; longas CG em co-produções europeias; email de RH dedicado (não usar o info@)
Rainbow CGI,Itália,B,info@rbw-cgi.it,https://www.rbw-cgi.it/contact/,forte,Roma; maior estúdio CG da Itália (Winx Club; longas do grupo Rainbow)
A. Film Production,Dinamarca,B,info@afilm.dk,https://afilm.com/jobs/,forte,Copenhague; longas CG dinamarquesas (franquia Checkered Ninja)
GO-N Productions,França,B,contact@go-n.fr,https://www.go-n.fr/contact/,médio,Paris; séries infantis animadas (Simon; Zip Zip) com estúdio próprio
Anima Kitchent,Espanha,B,info@animakitchent.com,https://media.animakitchent.com/index/legal,médio,Madri/Canárias; séries CG pré-escolares (Cleo & Cuquin); recebeu US$28M em 2026 para expandir
Hampa Studio,Espanha,B,admin@hampastudio.com,https://hampastudio.com/en/contact/,médio,Valência; estúdio 3D e 2D de curtas/séries/longas pequenas
Studio AKA,Reino Unido,B,hello@studioaka.co.uk,https://studioaka.co.uk/contacts/,médio,Londres; boutique premiada de animação CG/2D autoral e comerciais
Cartoon Saloon,Irlanda,B,jobs@cartoonsaloon.ie,https://www.cartoonsaloon.ie/positions/,médio,Kilkenny; longas 2D indicadas ao Oscar; pouco CG mas contrata character designers internacionalmente
Kavaleer Productions,Irlanda,B,jobs@kavaleer.com,https://kavaleer.com/contact-us/,médio,Dublin; séries infantis CG (Kiva Can Do; Alva & the Trolls)
Piranha Bar,Irlanda,B,info@piranhabar.ie,https://piranhabar.ie/contact,médio,Dublin; CG para publicidade e curtas com personagens; equipe pequena
Elliott Animation,Canadá,B,info@elliottanimation.com,http://www.elliottanimation.com/apply-job-elliott-animation,médio,Toronto; serviço 2D/CG (Total Dramarama); envio de currículo por email
Copernicus Studios,Canadá,B,info@copernicus.ca,https://copernicusstudios.com/contact/,médio,Halifax; séries de TV; mais 2D com algum 3D
Artists Animation Studio,Canadá,B,info@artistsanimation.com,https://www.yetifarmcreative.com/contact/,médio,Kelowna BC; serviço 2D/CG; declara buscar artistas continuamente
Flight School Studio,EUA,B,info@flightschoolstudio.com,https://www.flightschoolstudio.com/contact/,médio,Dallas; animação estilizada e games (Stonefly; Department of Wonder)
Blue Zoo Animation,Reino Unido,B,recruitment@blue-zoo.co.uk,https://www.blue-zoo.co.uk/contact/,forte,200+ artistas em Londres; CG infantil (Numberblocks; Pip and Posy); email dedicado de recrutamento
Giant Animation,Irlanda,B,hello@giant.ie,https://giantanimation.ie/,medio,CG independente em Dublin; game cinematics e shorts estilizados
Squeeze Animation Studios,Canadá,B,info@squeezestudio.com,https://www.squeezestudio.com/en/contact,forte,Québec/Montréal; série própria Cracké + cinematics para games; contrata remoto
Flying Bark Productions,Austrália,B,enquiries@flyingbark.com.au,https://www.flyingbark.com.au/contact,forte,Sydney; LEGO Monkie Kid e animação para Marvel; registro action estilizado
TeamTO,França,B,info@teamto.com,https://www.filmfrance.net/en/plan-your-production/animation-studios/team-to/,forte,400 colaboradores; séries CG (Mighty Mike); pipeline 100% na França
Karrot Animation,Reino Unido,B,hello@karrotanimation.com,https://karrotanimation.com/contact/,medio,Londres; Sarah & Duck (BAFTA); kids character-led
3Doubles Producciones,Espanha,B,info@3doubles.com,https://3doubles.com/contact/,forte,Tenerife; service de features e séries CG em crescimento nas Canárias
Platige Image,Polônia,B,info@platige.com,https://platige.com/contact/,forte,Varsóvia; cinematics AAA (Witcher; Cyberpunk 2077); referência em character storytelling
Untold Studios,Reino Unido,B,hello@untoldstudios.tv,https://untoldstudios.tv/,medio,Londres; VFX e CG episódico de alto acabamento; criaturas e personagens hero
Nexus Studios,Reino Unido,B,jobs@nexusstudios.com,https://nexusstudios.com/contact/,forte,Londres; CG estilizado para marcas (Apple); email dedicado de vagas
Lemon Sky Studios,Malásia,A,inquiries@lemonskystudios.com,https://www.lemonskystudios.com/contact,forte,Kuala Lumpur; art e cinematics AAA (Diablo II Resurrected); volume de personagens
Passion Republic,Malásia,A,team@passionrepublic.com,https://www.passionrepublic.com/contact/,forte,Petaling Jaya; game art e co-dev AAA; personagens e criaturas
Mighty Animation,México,B,info@mightyanimation.com,https://mightyanimation.com/,medio,Guadalajara; séries e service para clientes internacionais
The Line,Reino Unido,B,entertainment@thelinestudio.com,https://thelinestudio.com/contact,medio,Londres; trailers de games e shorts de ação estilizada
Juice,Polônia,B,info@juice.pl,http://www.juice.pl/,medio,Varsóvia/Wrocław; VFX e cinematics para games
