nome,pais,site,dominio
Creative Beards,Netherlands,https://www.creativebeards.com/en/,creativebeards.com
Fabelfjord,Norway,https://fabelfjord.squarespace.com/,fabelfjord.squarespace.com
Storm Films,Norway,https://www.stormfilms.no/,stormfilms.no
Dupp Film,Sweden,https://dupp.se/,dupp.se
Forestlight Studio,Sweden,http://www.forestlight.se/,forestlight.se
Forestlight Studio,Sweden,http://www.whitesharkfilm.com/,whitesharkfilm.com
Forestlight Studio,Sweden,https://whiteshark.se/,whiteshark.se
Zigzag Animation,Sweden,http://zigzag.se,zigzag.se
Fleng Entertainment,Denmark,https://www.sorenfleng.com/,sorenfleng.com
Fridthjof Animation,Denmark,https://www.fridthjof.com/,fridthjof.com
Hydralab,Denmark,https://cph.hydralab.com/,cph.hydralab.com
Nørlum Entertainment,Denmark,https://www.noerlum.com/,noerlum.com
Sweatbox Animation,Denmark,https://www.sweatbox.dk/,sweatbox.dk
Rovio Animation,Finland,https://www.rovioanimation.com,rovioanimation.com
And Maps And Plans,Ireland,http://www.andmapsandplans.com/,andmapsandplans.com
Giant Animation Studio,Ireland,https://giantanimation.ie/,giantanimation.ie
A+C Studios,United Kingdom,https://aplusc.tv/,aplusc.tv
Aardman Animations,United Kingdom,http://www.aardman.com/,aardman.com
Am Bocsa,United Kingdom,https://ambocsa.com/,ambocsa.com
Animated Company,United Kingdom,https://www.animatedcompany.com,animatedcompany.com
Astley Baker Davies,United Kingdom,https://www.astleybakerdavies.com/,astleybakerdavies.com
Banijay Kids & Family,United Kingdom,http://marathon.fr/,marathon.fr
Blue Zoo Animation Studio,United Kingdom,http://www.blue-zoo.co.uk/,blue-zoo.co.uk
Calon,United Kingdom,http://www.calon.tv/,calon.tv
GFM Animation,United Kingdom,https://gfmanimation.com/,gfmanimation.com
Messenger2050 Technologies,United Kingdom,http://messenger2050.com/,messenger2050.com
Owl House Studios,United Kingdom,https://www.owlhousestudios.com/,owlhousestudios.com
Spider Eye Productions,United Kingdom,http://www.spider-eye.com/,spider-eye.com
Spite Your Face Productions,United Kingdom,http://www.spiteyourface.com,spiteyourface.com
Timeless Films,United Kingdom,https://timelessfilms.co.uk/,timelessfilms.co.uk
Winding Snake Productions,United Kingdom,https://www.windingsnake.com/,windingsnake.com
Big Bad Boo,Canada,http://www.bigbadboo.ca,bigbadboo.ca
CarBotAnimations,Canada,https://carbotanimations.com/,carbotanimations.com
Global Mechanic,Canada,http://www.globalmechanic.com/,globalmechanic.com
Image Entertainment Corporation,Canada,http://image-cie.com/,image-cie.com
National Film Board of Canada,Canada,https://nfb.ca/,nfb.ca
National Film Board of Canada,Canada,https://onf.ca/,onf.ca
Unagi,Canada,https://www.unagistudio.com/,unagistudio.com
Lunanime,Belgium,http://lunanime.be/,lunanime.be
Take Five,Belgium,https://www.take-five.be/,take-five.be
nWave Pictures,Belgium,http://www.nwave.com/,nwave.com
Dingo Pictures,Germany,http://www.dingo-pictures.de,dingo-pictures.de
Dingo Pictures,Germany,https://www.vsdeluxe.com/dingopictures,vsdeluxe.com
Fish Blowing Bubbles,Germany,https://www.fishblowing.com/,fishblowing.com
Red Parrot Studios,Germany,https://redparrot-studios.com/,redparrot-studios.com
SERU Animation,Germany,https://www.seru-animation.com/,seru-animation.com
Soulcage Department,Germany,http://www.soulcage-department.de/,soulcage-department.de
Studio Hamburg Enterprises,Germany,http://www.studio-hamburg-enterprises.de/,studio-hamburg-enterprises.de
Studio Huckepack,Germany,https://studiohuckepack.de,studiohuckepack.de
TRIKK17,Germany,https://www.trikk17.com/,trikk17.com
Tag & Nacht Media,Germany,https://www.tagundnachtmedia.de/,tagundnachtmedia.de
b. water Animation studioS,Germany,https://b-waterstudios.com/,b-waterstudios.com
Animaj,France,https://www.animaj.com,animaj.com
Banijay Kids & Family,France,http://marathon.fr/,marathon.fr
Bobbypills,France,http://www.bobbypills.com/,bobbypills.com
Caribara Animation,France,https://caribara-animation.com/,caribara-animation.com
Doze Studio,France,https://doze.studio/,doze.studio
Folimage,France,http://www.folimage.fr,folimage.fr
Les Cartooneurs Associés,France,http://cartooneurs.com/,cartooneurs.com
Pictak Cie,France,https://pictak.fr/,pictak.fr
Sacrebleu Productions,France,http://www.sacrebleuprod.com/,sacrebleuprod.com
Yapiko Animation,France,https://yapiko.fr/,yapiko.fr
Zodiak Kids & Family France,France,https://www.banijaykidsandfamily.com/companies/zodiak-kids-family-france/,banijaykidsandfamily.com
D'Ocon Studios,Spain,https://www.doconfilms.com/,doconfilms.com
Dygra Films,Spain,http://www.dygrafilms.es/index_dygra_ENG.htm,dygrafilms.es
INSOMNE Studio,Spain,http://www.insomnestudi.com/ca/,insomnestudi.com
Zinkia Entertainment,Spain,http://www.zinkia.com/es,zinkia.com
Asobi Planet,South Korea,http://www.asobiplanet.co.kr/,asobiplanet.co.kr
Campfire Aniworks,South Korea,https://www.campfireani.com/,campfireani.com
DR Movie,South Korea,http://www.drmovie.biz/,drmovie.biz
Dong Woo Animation,South Korea,http://anidong.com/,anidong.com
FunnyFlux,South Korea,https://funnyflux.kr/,funnyflux.kr
Grafizix,South Korea,http://grafizix.com/,grafizix.com
KizCastle,South Korea,http://junytony.co.kr/kr/,junytony.co.kr
MICO Studio,South Korea,http://micostudio.com/,micostudio.com
Pictionary Art Factory,South Korea,http://www.pictionary.tv/,pictionary.tv
Pierce Visual Works,South Korea,https://www.pierce-vw.com/,pierce-vw.com
Pingo Entertainment,South Korea,https://www.pingo.kr/,pingo.kr
Popcorn Pictures,South Korea,https://web.archive.org/web/20251114111450/http://www.popcornpictures.co.kr/,web.archive.org
Red Dog Culture House,South Korea,https://reddogch.com/,reddogch.com
Roi Visual,South Korea,https://www.roivisual.com/,roivisual.com
SAMG Entertainment,South Korea,https://samg.net/,samg.net
STUDIO EEK,South Korea,http://www.studioeek.com/,studioeek.com
STUDIO GALE,South Korea,http://studiogale.com/main/index/kor,studiogale.com
SangSangBang,South Korea,http://www.sangsangplace.com/,sangsangplace.com
Studio Mir,South Korea,http://www.studiomir.co.kr/,studiomir.co.kr
Studio PPURI,South Korea,http://studioppuri.com,studioppuri.com
Studio W.Baba,South Korea,http://www.studiowbaba.com/,studiowbaba.com
Sunwoo & Company,South Korea,http://www.sunwoo.com/index.html,sunwoo.com
Vooz,South Korea,https://vooz.co.kr/,vooz.co.kr
Acme Filmworks,United States,http://www.acmefilmworks.com/,acmefilmworks.com
Amblin Entertainment,United States,https://amblin.com/,amblin.com
Animafilm,Romania,https://www.studioulanimafilm.ro/,studioulanimafilm.ro
Animanostra,,https://www.animanostra.pt/,animanostra.pt
Animoon,Poland,https://animoon.pl/,animoon.pl
Animācijas brigāde,Latvia,https://animacijasbrigade.jimdofree.com/,animacijasbrigade.jimdofree.com
Augenblick Studios,United States,https://www.augenblickstudios.com/,augenblickstudios.com
Avatar Studios,,https://www.avatarstudiosofficial.com,avatarstudiosofficial.com
BLOCKH3ADS,,https://blockh3ads.com/,blockh3ads.com
Base FX,,http://www.base-fx.com/,base-fx.com
BibleProject,United States,https://bibleproject.com/,bibleproject.com
Blender Animation Studio,,https://blender.studio/,blender.studio
Blue Sky Studios,United States,http://www.blueskystudios.com/,blueskystudios.com
Charlex,United States,http://www.charlex.com/,charlex.com
Cosgrove Hall Films,,http://www.chfentertainment.com/,chfentertainment.com
Creative Capers Entertainment,United States,http://www.creativecapers.com,creativecapers.com
DIC Entertainment Corporation,United States,http://www.dicentertainment.com/,dicentertainment.com
DNA Productions,United States,http://dnahelix.com,dnahelix.com
Digital eMation,,http://www.emation.co.kr,emation.co.kr
Dino Movie Studios,,https://dino-movie-s.github.io/DinoMovieStudios/,dino-movie-s.github.io
Disneytoon Studios,United States,http://disneytoonstudios.disneycareers.com/en/default/,disneytoonstudios.disneycareers.com
DogHead Animation Studio,Italy,https://www.dogheadanimaton.com,dogheadanimaton.com
DreamWorks Animation Television,,https://www.dreamworks.com/shows,dreamworks.com
Eesti Joonisfilm,Estonia,https://www.joonisfilm.ee,joonisfilm.ee
Exceptional Minds,United States,https://exceptional-minds.org/,exceptional-minds.org
Exit 73 Studios,United States,http://www.exit73studios.com/,exit73studios.com
Fifth Degree,Bulgaria,http://www.5th-degree.com/,5th-degree.com
Film Roman,United States,http://www.filmroman.com/,filmroman.com
Gao Shan Pictures,,https://www.gaoshanpictures.com/,gaoshanpictures.com
Gold Valley Films,United States,https://goldvalleyfilms.com/,goldvalleyfilms.com
Green Street Pictures,United States,https://www.greenstreetpictures.com/,greenstreetpictures.com
Home Plate Entertainment,United States,https://www.homeplateentertainment.com/,homeplateentertainment.com
Hot Animation,,http://www.hotanimation.com/,hotanimation.com
Iconix Entertainment,,http://www.iconix.co.kr,iconix.co.kr
Jim Henson's Creature Shop,,http://www.creatureshop.com,creatureshop.com
Karandash Animation Studio,Ukraine,https://krndsh.com/,krndsh.com
Kartenz,,http://www.kartenz.com/,kartenz.com
Kecskemétfilm Ltd.,Hungary,https://www.kecskemetfilm.hu/,kecskemetfilm.hu
Kecskemétfilm Ltd.,Hungary,https://www.kecskemetfilm.hu/en/homepage,kecskemetfilm.hu
King Features Syndicate,United States,http://kingfeatures.com/,kingfeatures.com
Kinofilm,United States,http://kino-film.com/,kino-film.com
Klasky Csupo,United States,http://www.klaskycsupo.com/,klaskycsupo.com
Knack Productions,United States,http://ichi-pro.com,ichi-pro.com
Kuku Studios,United States,https://www.kukustudios.com/,kukustudios.com
Kurtz & Friends,,http://www.kurtzandfriends.com,kurtzandfriends.com
Lanterna Magica,Italy,http://www.lanternamagica.it/,lanternamagica.it
Laugh-O-Gram Studio,United States,http://www.laughogram.org/,laughogram.org
Lee Mendelson Film Productions,United States,https://www.mendelsonproductions.com/,mendelsonproductions.com
Lion Forge Animation,,https://www.lionforgeanimation.com/,lionforgeanimation.com
Little Airplane Productions,,http://www.littleairplane.com,littleairplane.com
Merryweather Media,Singapore,https://linktree.com/MerryweatherComics,linktree.com
Mexopolis,United States,https://www.mexopolis.com/,mexopolis.com
Nest Family Entertainment,,http://www.nestentertainment.com/,nestentertainment.com
Pannonia Film Studio,Hungary,https://www.pannoniastudio.com/,pannoniastudio.com
Project ANIMA,,https://project-anima.jp/,project-anima.jp
Renegade Animation,,http://www.renegadeanimation.com,renegadeanimation.com
SD Entertainment,United States,http://www.walt.disney.home.entertainment.net/,walt.disney.home.entertainment.net
Screen Novelties,United States,http://www.screen-novelties.com,screen-novelties.com
Se-ma-for,Poland,http://www.se-ma-for.com/,se-ma-for.com
Shockdom,Italy,https://shockdomedizioni.it/,shockdomedizioni.it
South Park Digital Studios,United States,https://www.southparkstudios.com/,southparkstudios.com
South Park Digital Studios,United States,http://www.southparkstudios.com/,southparkstudios.com
SpindleHorse Toons,United States,https://spindlehorse.com/,spindlehorse.com
Splash Entertainment,United States,http://www.splashentertainment.com/,splashentertainment.com
Sprite Animation Studios,United States,http://www.spriteanimation.com,spriteanimation.com
Stoopid Buddy Stoodios,United States,http://www.leagueofbuddies.com/,leagueofbuddies.com
Studio Croma,Italy,https://www.studiocromanimation.com/,studiocromanimation.com
Studio FOW,,https://www.studiofow.com/,studiofow.com
Studio Filmów Rysunkowych,Poland,http://www.sfr.com.pl/,sfr.com.pl
Studio Heartbreak,United States,https://studioheartbreak.com,studioheartbreak.com
Sunshine Animation,,https://sunshineanimationstudio.com/en/,sunshineanimationstudio.com
Thunderbean Animation,United States,https://www.thunderbeanshop.com/,thunderbeanshop.com
"Titmouse, Inc.",United States,http://titmouse.net/,titmouse.net
"Toei Animation Phils., Inc.",,http://toeiphils.com.ph,toeiphils.com.ph
VOKA,United States,https://voka.io/,voka.io
iClone,,http://www.reallusion.com/iclone/,reallusion.com
one and a half,Cyprus,https://theoneandahalf.com,theoneandahalf.com
