"# CENSO DE ROTAS DE CANDIDATURA ESPONTANEA - Jhon B, 13/09/2026 14h45 UTC. So curl, zero navegador, zero envio."
# 23.161 sondagens. Estao aqui SO as respostas que NAO foram 404; 404 significa slug/host inexistente e nao interessa guardar.
# ATENCAO: codigo 200 NAO prova que a rota e daquela plataforma. 44 hosts de dominio proprio deram 200 na URL exata do Pinpoint e nenhum era Pinpoint (soft-404 do site do estudio). Quem decide e o <title> mais a presenca de job_seeker_form.
familia,rota,alvo,http,bytes,redirect,nota
pinpoint,slug /en/register-your-interest/new,able,200,240707,,
pinpoint,slug /en/register-your-interest/new,amber,200,191649,,
pinpoint,slug /en/register-your-interest/new,brown,200,285478,,
pinpoint,slug /en/register-your-interest/new,elastic,200,232910,,
pinpoint,slug /en/register-your-interest/new,embark,200,255773,,
pinpoint,slug /en/register-your-interest/new,flixinteractive,200,217429,,
pinpoint,slug /en/register-your-interest/new,framestore,200,230175,,
pinpoint,slug /en/register-your-interest/new,kraken,200,263458,,
pinpoint,slug /en/register-your-interest/new,magnopus,200,298789,,
pinpoint,slug /en/register-your-interest/new,moonbug,200,234252,,
pinpoint,slug /en/register-your-interest/new,outpost-vfx,200,225622,,
pinpoint,slug /en/register-your-interest/new,pipeworks,200,179812,,
pinpoint,slug /en/register-your-interest/new,playground-games,200,215857,,
pinpoint,slug /en/register-your-interest/new,prosper,200,259316,,
pinpoint,slug /en/register-your-interest/new,reply,200,232668,,
pinpoint,slug /en/register-your-interest/new,rocksteady,200,191884,,
pinpoint,slug /en/register-your-interest/new,ruckus-games,302,102,,
pinpoint,slug /en/register-your-interest/new,sandbox,200,227689,,
pinpoint,slug /en/register-your-interest/new,sans,200,196787,,
pinpoint,slug /en/register-your-interest/new,singularity6,200,226186,,
pinpoint,slug /en/register-your-interest/new,stepchange,200,230598,,
pinpoint,slug /en/register-your-interest/new,suncreature,200,218150,,
pinpoint,slug /en/register-your-interest/new,tonic,200,222999,,
pinpoint,slug /en/register-your-interest/new,triangle,200,216887,,
pinpoint,slug /en/register-your-interest/new,tripledotstudios,302,106,,
teamtailor,/connect (slug ja conhecido),antagonist,301,0,https://werken-bij.antagonist.nl/connect/candidates/new,
teamtailor,/connect (slug ja conhecido),10chambers,301,0,https://careers.10chambers.com/connect/candidates/new,
teamtailor,/connect (slug ja conhecido),ankama,301,0,https://recrutement.ankama.com/connect/candidates/new,
teamtailor,/connect (slug ja conhecido),airshipinteractive,301,0,https://careers.airshipinteractive.com/connect/candidates/new,
teamtailor,/connect (slug ja conhecido),anima,200,55367,,
teamtailor,/connect (slug ja conhecido),above,200,61882,,
teamtailor,/connect (slug ja conhecido),avantis,301,0,https://careers.avantisgroup.com/connect/candidates/new,
teamtailor,/connect (slug ja conhecido),aonic,301,0,https://careers.aonic.co/connect/candidates/new,
teamtailor,/connect (slug ja conhecido),axis,301,0,https://karriere.axissolutions.no/connect/candidates/new,
teamtailor,/connect (slug ja conhecido),beffio,301,0,https://careers.beffio.com/connect/candidates/new,
teamtailor,/connect (slug ja conhecido),awaceb,200,40791,,
teamtailor,/connect (slug ja conhecido),axolotgamesab,200,48365,,
teamtailor,/connect (slug ja conhecido),bica,301,0,https://www.jobs.bica.services/connect/candidates/new,
teamtailor,/connect (slug ja conhecido),beyondframesentertainment,301,0,https://jobs.beyondframes.com/connect/candidates/new,
teamtailor,/connect (slug ja conhecido),blackkitestudios,301,0,https://joinus.blackkitestudios.com/connect/candidates/new,
teamtailor,/connect (slug ja conhecido),bulkheadinteractive,301,0,https://careers.bulkhead.com/connect/candidates/new,
teamtailor,/connect (slug ja conhecido),butter,301,0,https://careers.allgravy.com/connect/candidates/new,
teamtailor,/connect (slug ja conhecido),black,200,46399,,
teamtailor,/connect (slug ja conhecido),captureage,301,0,https://careers.captureage.com/connect/candidates/new,
teamtailor,/connect (slug ja conhecido),capsulestudio,301,0,https://career.capsule.studio/connect/candidates/new,
teamtailor,/connect (slug ja conhecido),chopchop,301,0,https://work.chopchop.se/connect/candidates/new,
teamtailor,/connect (slug ja conhecido),chief,301,0,https://karriar.chief.se/connect/candidates/new,
teamtailor,/connect (slug ja conhecido),coffeestainstudios,301,0,https://jobs.coffeestain.com/connect/candidates/new,
teamtailor,/connect (slug ja conhecido),clickoutmedia,301,0,https://careers.clickoutmedia.com/connect/candidates/new,
teamtailor,/connect (slug ja conhecido),curio,301,0,https://careers.curiogroup.com/connect/candidates/new,
teamtailor,/connect (slug ja conhecido),cigames,200,56348,,
teamtailor,/connect (slug ja conhecido),dare,301,0,https://careers.dare.global/connect/candidates/new,
teamtailor,/connect (slug ja conhecido),delve,200,56792,,
teamtailor,/connect (slug ja conhecido),doktor,301,0,https://jobs.doktor.se/connect/candidates/new,
teamtailor,/connect (slug ja conhecido),ember,301,0,https://careers.ember.org.nz/connect/candidates/new,
teamtailor,/connect (slug ja conhecido),eclipse,301,0,https://karriar.eclipse.se/connect/candidates/new,
teamtailor,/connect (slug ja conhecido),embarkstudios,301,0,https://careers.embark-studios.com/connect/candidates/new,
teamtailor,/connect (slug ja conhecido),envarstudio,301,0,https://careers.envarstudio.com/connect/candidates/new,
teamtailor,/connect (slug ja conhecido),facepunch,301,0,https://careers.facepunch.com/connect/candidates/new,
teamtailor,/connect (slug ja conhecido),firefly,301,0,https://career.firefly.se/connect/candidates/new,
teamtailor,/connect (slug ja conhecido),fatshark,301,0,https://jobs.fatsharkgames.com/connect/candidates/new,
teamtailor,/connect (slug ja conhecido),erepublik,200,61576,,
teamtailor,/connect (slug ja conhecido),fortis,301,0,https://career.fortis.com.mt/connect/candidates/new,
teamtailor,/connect (slug ja conhecido),fundaygames,301,0,https://joinus.fundaygames.dk/connect/candidates/new,
teamtailor,/connect (slug ja conhecido),fully,200,75716,,
teamtailor,/connect (slug ja conhecido),fuse,301,0,https://careers.fuse.co.id/connect/candidates/new,
teamtailor,/connect (slug ja conhecido),gameboost,301,0,https://www.gameboost.se/connect/candidates/new,
teamtailor,/connect (slug ja conhecido),genius,301,0,https://careers.genius.paris/connect/candidates/new,
teamtailor,/connect (slug ja conhecido),goals,301,0,https://tt.playgoals.com/connect/candidates/new,
teamtailor,/connect (slug ja conhecido),funcom,301,0,https://jobs.funcom.com/connect/candidates/new,
teamtailor,/connect (slug ja conhecido),gigglebug,200,64979,,
teamtailor,/connect (slug ja conhecido),goodbyekansas,301,0,https://career.goodbyekansas.com/connect/candidates/new,
teamtailor,/connect (slug ja conhecido),grace,301,0,https://jobb.gracestudio.se/connect/candidates/new,
teamtailor,/connect (slug ja conhecido),groundcontrol,301,0,https://careers.ground-control.co.uk/connect/candidates/new,
teamtailor,/connect (slug ja conhecido),goodgamestudios,200,59716,,
teamtailor,/connect (slug ja conhecido),graft,200,49317,,
teamtailor,/connect (slug ja conhecido),habitat,200,46464,,
teamtailor,/connect (slug ja conhecido),here,301,0,https://careers.hereweare.org.uk/connect/candidates/new,
teamtailor,/connect (slug ja conhecido),homa,301,0,https://recrutamento.homa.pt/connect/candidates/new,
teamtailor,/connect (slug ja conhecido),hero,301,0,https://career.hero.se/connect/candidates/new,
teamtailor,/connect (slug ja conhecido),hampastudio,200,69853,,
teamtailor,/connect (slug ja conhecido),house,301,0,https://house.tuolavoro.com/connect/candidates/new,
teamtailor,/connect (slug ja conhecido),ilpvfx,301,0,https://careers.ilpvfx.com/connect/candidates/new,
teamtailor,/connect (slug ja conhecido),houseofhow,200,61445,,
teamtailor,/connect (slug ja conhecido),infinity,301,0,https://careers.infinity.co/connect/candidates/new,
teamtailor,/connect (slug ja conhecido),impact,301,0,https://careers.impactmr.com/connect/candidates/new,
teamtailor,/connect (slug ja conhecido),ioi,301,0,https://apply.ioi.dk/connect/candidates/new,
teamtailor,/connect (slug ja conhecido),keplerinteractive,301,0,https://careers.kepler-interactive.com/connect/candidates/new,
teamtailor,/connect (slug ja conhecido),kindabrave,301,0,https://careers.kindabrave.com/connect/candidates/new,
teamtailor,/connect (slug ja conhecido),lastarrowgames,301,0,https://careers.lastarrowgames.com/connect/candidates/new,
teamtailor,/connect (slug ja conhecido),level,301,0,https://careers.flylevel.com/connect/candidates/new,
teamtailor,/connect (slug ja conhecido),kinetic,200,59231,,
teamtailor,/connect (slug ja conhecido),lingokids,301,0,https://jobs.lingokids.com/connect/candidates/new,
teamtailor,/connect (slug ja conhecido),life,301,0,https://jobb.lifebutiken.se/connect/candidates/new,
teamtailor,/connect (slug ja conhecido),lightheartentertainment,301,0,https://careers.lightheart.games/connect/candidates/new,
teamtailor,/connect (slug ja conhecido),liquidswords,301,0,https://careers.liquidswords.com/connect/candidates/new,
teamtailor,/connect (slug ja conhecido),lunar,301,0,https://jobs.lunar.app/connect/candidates/new,
teamtailor,/connect (slug ja conhecido),madbox,301,0,https://careers.madbox.io/connect/candidates/new,
teamtailor,/connect (slug ja conhecido),mindark,301,0,https://career.mindark.com/connect/candidates/new,
teamtailor,/connect (slug ja conhecido),made,200,45992,,
teamtailor,/connect (slug ja conhecido),mind,200,47465,,
teamtailor,/connect (slug ja conhecido),mill,200,107090,,
teamtailor,/connect (slug ja conhecido),mobile,301,0,https://mobile.tuolavoro.com/connect/candidates/new,
teamtailor,/connect (slug ja conhecido),neat,301,0,https://careers.neat.no/connect/candidates/new,
teamtailor,/connect (slug ja conhecido),neongiant,301,0,https://jobs.neongiant.se/connect/candidates/new,
teamtailor,/connect (slug ja conhecido),monster,200,36961,,
teamtailor,/connect (slug ja conhecido),once,301,0,https://empleo.once.es/connect/candidates/new,
teamtailor,/connect (slug ja conhecido),newmoonproduction,200,59907,,
teamtailor,/connect (slug ja conhecido),opusmajor,301,0,https://career.opusmajor.io/connect/candidates/new,
teamtailor,/connect (slug ja conhecido),next,200,46006,,
teamtailor,/connect (slug ja conhecido),osome,301,0,https://careers.osome.com/connect/candidates/new,
teamtailor,/connect (slug ja conhecido),ofmstudios,200,61559,,
teamtailor,/connect (slug ja conhecido),parkerschauffeurs,200,46775,,
teamtailor,/connect (slug ja conhecido),pixiongames,200,39552,,
teamtailor,/connect (slug ja conhecido),pfx,200,60065,,
teamtailor,/connect (slug ja conhecido),princessbento,301,0,https://careers.princessbento.com/connect/candidates/new,
teamtailor,/connect (slug ja conhecido),playagames,200,61859,,
teamtailor,/connect (slug ja conhecido),power,200,68985,,
teamtailor,/connect (slug ja conhecido),rawfury,301,0,https://jobs.rawfury.com/connect/candidates/new,
teamtailor,/connect (slug ja conhecido),realtime,301,0,https://careers.realtimeuk.com/connect/candidates/new,
teamtailor,/connect (slug ja conhecido),revolution,200,32276,,
teamtailor,/connect (slug ja conhecido),rhino,301,0,https://blue.tuolavoro.com/connect/candidates/new,
teamtailor,/connect (slug ja conhecido),sharkmob,301,0,https://career.sharkmob.com/connect/candidates/new,
teamtailor,/connect (slug ja conhecido),seven,200,45999,,
teamtailor,/connect (slug ja conhecido),sandboxinteractive,200,64269,,
teamtailor,/connect (slug ja conhecido),salt,200,44399,,
teamtailor,/connect (slug ja conhecido),sloclap,301,0,https://careers.sloclap.com/connect/candidates/new,
teamtailor,/connect (slug ja conhecido),snowprintstudios,301,0,https://career.snowprintstudios.com/connect/candidates/new,
teamtailor,/connect (slug ja conhecido),starbreeze,301,0,https://jobs.starbreeze.com/connect/candidates/new,
teamtailor,/connect (slug ja conhecido),squeeze,200,56828,,
teamtailor,/connect (slug ja conhecido),stardust,200,55247,,
teamtailor,/connect (slug ja conhecido),starstable,301,0,https://jobs.starstableentertainment.com/connect/candidates/new,
teamtailor,/connect (slug ja conhecido),starship,200,79662,,
teamtailor,/connect (slug ja conhecido),stillfrontgroup,200,61339,,
teamtailor,/connect (slug ja conhecido),stunlocksstudios,301,0,https://jobs.stunlockstudios.com/connect/candidates/new,
teamtailor,/connect (slug ja conhecido),stim,200,55265,,
teamtailor,/connect (slug ja conhecido),sunday,301,0,https://careers.sundayapp.com/connect/candidates/new,
teamtailor,/connect (slug ja conhecido),sweet,200,42394,,
teamtailor,/connect (slug ja conhecido),sweetspot,301,0,https://jobs.sweetspot.io/connect/candidates/new,
teamtailor,/connect (slug ja conhecido),swiftgames,200,60799,,
teamtailor,/connect (slug ja conhecido),sybo,200,46472,,
teamtailor,/connect (slug ja conhecido),tacticaladventures,200,55359,,
teamtailor,/connect (slug ja conhecido),tapnation,301,0,https://careers.tap-nation.io/connect/candidates/new,
teamtailor,/connect (slug ja conhecido),thegang,301,0,https://careers.thegang.io/connect/candidates/new,
teamtailor,/connect (slug ja conhecido),territorystudio,200,42218,,
teamtailor,/connect (slug ja conhecido),triband,301,0,https://careers.triband.net/connect/candidates/new,
teamtailor,/connect (slug ja conhecido),tribes,200,44778,,
teamtailor,/connect (slug ja conhecido),unfold,301,0,https://careers.unfold.no/connect/candidates/new,
teamtailor,/connect (slug ja conhecido),united,301,0,https://united.tuolavoro.com/connect/candidates/new,
teamtailor,/connect (slug ja conhecido),untoldstdfg1324556,301,0,https://careers.untoldstudios.tv/connect/candidates/new,
teamtailor,/connect (slug ja conhecido),twinharbour,200,61683,,
teamtailor,/connect (slug ja conhecido),vinefx,301,0,https://jobs.vinefx.com/connect/candidates/new,
teamtailor,/connect (slug ja conhecido),waypoint,301,0,https://careers.waypointports.com/connect/candidates/new,
teamtailor,/connect (slug ja conhecido),vividgamessa,301,0,https://jobs.vividgames.com/connect/candidates/new,
teamtailor,/connect (slug ja conhecido),yonder,200,53675,,
teamtailor,/connect (slug ja conhecido),wetaworkshop,200,58186,,
teamtailor,/connect (slug ja conhecido),zero,200,46374,,
teamtailor,/connect (slug novo),creepyjar,301,0,https://jobs.creepyjar.com/connect/candidates/new,
teamtailor,/connect (slug novo),fabrique,200,58565,,
teamtailor,/connect (slug novo),fathom,301,0,https://careers.fathom.global/connect/candidates/new,
teamtailor,/connect (slug novo),hello,204,0,,
teamtailor,/connect (slug novo),ilogos,301,0,https://careers.ilogos.biz/connect/candidates/new,
teamtailor,/connect (slug novo),juice,301,0,https://careers.thinkjuice.com/connect/candidates/new,
teamtailor,/connect (slug novo),lemon,200,43617,,
teamtailor,/connect (slug novo),look,200,62520,,
teamtailor,/connect (slug novo),mob,301,0,https://careers.mob.co.uk/connect/candidates/new,
teamtailor,/connect (slug novo),proxima,200,54262,,
teamtailor,/connect (slug novo),sunmoonstudios,200,43508,,
teamtailor,/connect (slug novo),tic,301,0,https://careers.tic.io/connect/candidates/new,
teamtailor,/connect (slug novo),clockwork,000,0,,NAO CONFERIDO: 000 na primeira passada E na reconferencia lenta
teamtailor,/connect (slug novo),eallin,000,0,,NAO CONFERIDO: 000 na primeira passada E na reconferencia lenta
teamtailor,/connect (slug novo),ilogos-game-studios,000,0,,NAO CONFERIDO: 000 na primeira passada E na reconferencia lenta
teamtailor,/connect (slug novo),moonbug-entertainment,000,0,,NAO CONFERIDO: 000 na primeira passada E na reconferencia lenta
teamtailor,/connect (slug novo),snowdogstudio,000,0,,NAO CONFERIDO: 000 na primeira passada E na reconferencia lenta
pinpoint,dominio proprio /en/register-your-interest/new,careers.ascendantstudio.com,200,1728,https://careers.ascendantstudio.com/en/register-your-interest/new,
pinpoint,dominio proprio /en/register-your-interest/new,careers.balderton.com,200,16376,https://careers.balderton.com/en/register-your-interest/new,
pinpoint,dominio proprio /en/register-your-interest/new,careers.ccpgames.com,200,213367,https://careers.fenriscreations.com/en/register-your-interest/new,
pinpoint,dominio proprio /en/register-your-interest/new,careers.cyberdreams.uk,200,31915,https://careers.cyberdreams.uk/en/register-your-interest/new,
pinpoint,dominio proprio /en/register-your-interest/new,careers.digitalmelody.eu,200,8157,https://careers.digitalmelody.eu/en/register-your-interest/new,
pinpoint,dominio proprio /en/register-your-interest/new,careers.discoveryeducation.com,200,5823,https://careers.discoveryeducation.com/en/register-your-interest/new,
pinpoint,dominio proprio /en/register-your-interest/new,careers.go-unlimited.co,200,1175,https://careers.go-unlimited.co/en/register-your-interest/new,
pinpoint,dominio proprio /en/register-your-interest/new,careers.ivrnation.com,200,1167,https://careers.ivrnation.com/en/register-your-interest/new,
pinpoint,dominio proprio /en/register-your-interest/new,careers.lockpick.games,200,1171,https://careers.lockpick.games/en/register-your-interest/new,
pinpoint,dominio proprio /en/register-your-interest/new,careers.machinations.io,200,7363,https://careers.machinations.io/en/register-your-interest/new,
pinpoint,dominio proprio /en/register-your-interest/new,careers.milkyco-studio.com,200,6990,https://careers.milkyco-studio.com/en/register-your-interest/new,
pinpoint,dominio proprio /en/register-your-interest/new,careers.puppetworks.eu,200,2257,https://careers.puppetworks.eu/en/register-your-interest/new,
pinpoint,dominio proprio /en/register-your-interest/new,careers.starcolt.com,200,511,https://careers.starcolt.com/en/register-your-interest/new,
pinpoint,dominio proprio /en/register-your-interest/new,careers.take2games.com,200,42889,https://careers.take2games.com/en/register-your-interest/new,
pinpoint,dominio proprio /en/register-your-interest/new,careers.useparallel.com,200,21406,https://careers.useparallel.com/en/register-your-interest/new,
pinpoint,dominio proprio /en/register-your-interest/new,jobs.aevi.org.es,200,1445,https://jobs.aevi.org.es/en/register-your-interest/new,
pinpoint,dominio proprio /en/register-your-interest/new,jobs.air-institute.com,200,2553,https://jobs.air-institute.com/en/register-your-interest/new,
pinpoint,dominio proprio /en/register-your-interest/new,jobs.alven.co,200,10212,https://jobs.alven.co/en/register-your-interest/new,
pinpoint,dominio proprio /en/register-your-interest/new,jobs.ascendantstudio.com,200,1728,https://jobs.ascendantstudio.com/en/register-your-interest/new,
pinpoint,dominio proprio /en/register-your-interest/new,jobs.brainrackgames.com,200,5251,https://jobs.brainrackgames.com/en/register-your-interest/new,
pinpoint,dominio proprio /en/register-your-interest/new,jobs.csgoempire.com,200,1882,https://jobs.csgoempire.com/en/register-your-interest/new,
pinpoint,dominio proprio /en/register-your-interest/new,jobs.cyberdreams.uk,200,31915,https://jobs.cyberdreams.uk/en/register-your-interest/new,
pinpoint,dominio proprio /en/register-your-interest/new,jobs.digitalmelody.eu,200,8157,https://jobs.digitalmelody.eu/en/register-your-interest/new,
pinpoint,dominio proprio /en/register-your-interest/new,jobs.go-unlimited.co,200,1166,https://jobs.go-unlimited.co/en/register-your-interest/new,
pinpoint,dominio proprio /en/register-your-interest/new,jobs.golden.ventures,200,12829,https://jobs.golden.ventures/en/register-your-interest/new,
pinpoint,dominio proprio /en/register-your-interest/new,jobs.ivrnation.com,200,1158,https://jobs.ivrnation.com/en/register-your-interest/new,
pinpoint,dominio proprio /en/register-your-interest/new,jobs.kalypsomedia.com,200,64522,https://jobs.kalypsomedia.com/en/register-your-interest/new,
pinpoint,dominio proprio /en/register-your-interest/new,jobs.kevurugames.com,200,44357,https://jobs.kevurugames.com/en/register-your-interest/new,
pinpoint,dominio proprio /en/register-your-interest/new,jobs.lockpick.games,200,1162,https://jobs.lockpick.games/en/register-your-interest/new,
pinpoint,dominio proprio /en/register-your-interest/new,jobs.machinations.io,200,7363,https://jobs.machinations.io/en/register-your-interest/new,
pinpoint,dominio proprio /en/register-your-interest/new,jobs.milkyco-studio.com,200,6990,https://jobs.milkyco-studio.com/en/register-your-interest/new,
pinpoint,dominio proprio /en/register-your-interest/new,jobs.moonbug.com,200,3137,https://jobs.moonbug.com/en/register-your-interest/new,
pinpoint,dominio proprio /en/register-your-interest/new,jobs.starcolt.com,200,508,https://jobs.starcolt.com/en/register-your-interest/new,
pinpoint,dominio proprio /en/register-your-interest/new,jobs.superhotgame.com,200,16608,https://jobs.superhotgame.com/en/register-your-interest/new,
pinpoint,dominio proprio /en/register-your-interest/new,jobs.traviangames.com,200,64522,https://jobs.traviangames.com/en/register-your-interest/new,
pinpoint,dominio proprio /en/register-your-interest/new,jobs.yukfoo.net,200,28264,https://jobs.yukfoo.net/en/register-your-interest/new,
pinpoint,dominio proprio /en/register-your-interest/new,career.ascendantstudio.com,200,1728,https://career.ascendantstudio.com/en/register-your-interest/new,
pinpoint,dominio proprio /en/register-your-interest/new,career.cyberdreams.uk,200,31915,https://career.cyberdreams.uk/en/register-your-interest/new,
pinpoint,dominio proprio /en/register-your-interest/new,career.digitalmelody.eu,200,8157,https://career.digitalmelody.eu/en/register-your-interest/new,
pinpoint,dominio proprio /en/register-your-interest/new,career.go-unlimited.co,200,1172,https://career.go-unlimited.co/en/register-your-interest/new,
pinpoint,dominio proprio /en/register-your-interest/new,career.ivrnation.com,200,1164,https://career.ivrnation.com/en/register-your-interest/new,
pinpoint,dominio proprio /en/register-your-interest/new,career.lockpick.games,200,1168,https://career.lockpick.games/en/register-your-interest/new,
pinpoint,dominio proprio /en/register-your-interest/new,career.machinations.io,200,7363,https://career.machinations.io/en/register-your-interest/new,
pinpoint,dominio proprio /en/register-your-interest/new,career.milkyco-studio.com,200,6990,https://career.milkyco-studio.com/en/register-your-interest/new,
pinpoint,dominio proprio /en/register-your-interest/new,career.puppetworks.eu,200,2257,https://careers.puppetworks.eu/en/register-your-interest/new,
