# Fila gamedevmap da SEGUNDA E TERCEIRA PAGINA de cada pais, colhida em 06/09
# Formato: nome,tipo,cidade,estado,pais,site,status
# Estes 515 estudios estavam ESCONDIDOS pela paginacao de 100 por pais do gamedevmap.
# Alemanha 121, Polonia 112, Espanha 92, Suecia 108, Holanda 70, Italia 12. Total 515.
# ATENCAO: os 70 da Holanda invalidam parcialmente a conclusao que escrevi mais cedo hoje
# de que os 129 estudios de Suica, Finlandia e Holanda estavam varridos ate o fim.
EA Sports (Electronic Arts),Developer,Cologne,Nordrhein-Westfalen,Germany,https://www.ea.com/ea-studios/ea-sports,NOVO
Echolox,Developer,Bochum,Nordrhein-Westfalen,Germany,http://www.echolox.com/,NOVO
edyoutec,Developer,Berlin,Berlin,Germany,https://edyoutec.com/,NOVO
edyoutec,Developer,Monchengladbach,Nordrhein-Westfalen,Germany,https://edyoutec.com/,NOVO
Eggcode,Developer,Vlotho,Nordrhein-Westfalen,Germany,https://www.eggcodegames.com/,NOVO
Egosoft,Developer,Würselen,Nordrhein-Westfalen,Germany,https://www.egosoft.com,NOVO
Emberstorm Entertainment,Developer,Berlin,Berlin,Germany,https://emberstorm.de/,NOVO
Encurio,Developer,Cologne,Nordrhein-Westfalen,Germany,https://www.encurio-gaming.com/,NOVO
Envision Entertainment,Developer,Ingelheim,Rhineland-Palatinate,Germany,https://www.envision-entertainment.de,NOVO
exDream entertainment,Developer,Hannover,Lower Saxony,Germany,https://www.exdream.com,NOVO
eXplore Studio,Developer,Munich,Bayern,Germany,https://explorestudiogames.com/,NOVO
Fakt Software,Developer,Zwickau,Saxony,Germany,https://www.fakt-software.de,NOVO
Fancy Bytes,Developer,Oberhausen,Bayern,Germany,https://www.fancy-bytes.de,NOVO
Farbspiel Interactive,Developer,Cologne,Nordrhein-Westfalen,Germany,https://farbspiel-interactive.com/,NOVO
FDG Entertainment,Developer and Publisher,Munich,Bayern,Germany,https://fdg-entertainment.com/,NOVO
Findling Games,Developer,Berlin,Berlin,Germany,https://findlinggames.com/,NOVO
Finitude,Developer,Berlin,Berlin,Germany,https://www.finitude.dev/,NOVO
FIRECHICK,Developer,Dusseldorf,Nordrhein-Westfalen,Germany,https://firechick.de/,NOVO
Fishlabs,Developer,Hamburg,Metropolregion Hamburg,Germany,https://fishlabs.de/,NOVO
Flow Fire Games,Developer,Berlin,Berlin,Germany,https://www.flowfiregames.com/,NOVO
Forlorn Alex,Developer,Leverkusen,Nordrhein-Westfalen,Germany,https://forlornmemories.com/,NOVO
Fourexo Entertainment,Developer,Dresden,Saxony,Germany,http://highrisecitygame.com/,NOVO
Friedemann,Developer,Berlin,Berlin,Germany,https://allmenroeder.com/,NOVO
Funatics (Jumpgate),Developer,Schermbeck,Nordrhein-Westfalen,Germany,https://www.funatics.de/,NOVO
FusionPlay,Developer,Leipzig,Saxony,Germany,https://www.fusion-play.com/,NOVO
Gaijin Network,Developer,Karlsruhe,Baden-Wurttemberg,Germany,https://www.gaijinent.com,NOVO
gameXcite (Jumpgate),Developer,Hamburg,Metropolregion Hamburg,Germany,https://www.gamexcite.de/,NOVO
Gaming Minds Studios,Developer,Gutersloh,Nordrhein-Westfalen,Germany,https://www.gamingmindsstudios.com,NOVO
Gentlymad,Developer,Trier,Rhineland,Germany,https://gentlymad.org/,NOVO
Ghostbutter,Developer,Berlin,Berlin,Germany,https://www.ghostbutter.com,NOVO
Gora Games,Developer,Cologne,Nordrhein-Westfalen,Germany,https://gora.games/,NOVO
Grimlore Games (THQ Nordic),Developer,Munich,Bayern,Germany,https://www.grimloregames.com,NOVO
Hammer Labs,Developer,Cologne,Nordrhein-Westfalen,Germany,http://hammer-labs.com/,NOVO
HandyGames (THQ Nordic),Developer and Publisher,Giebelstadt,Bayern,Germany,https://handy-games.com/,NOVO
Happy Broccoli Games,Developer,Berlin,Berlin,Germany,https://www.happybroccoligames.com,NOVO
Happy Tuesday,Developer,Berlin,Berlin,Germany,http://happy-tuesday.com/,NOVO
Hidden Folks,Developer,Berlin,Berlin,Germany,https://hiddenfolks.com/,NOVO
Hindsight Studios,Developer,Herten,Nordrhein-Westfalen,Germany,https://www.hindsight-studios.de/,NOVO
Honig Studios,Developer,Berlin,Berlin,Germany,https://www.honigstudios.com,NOVO
Hurdy-Gurdy Games,Developer,Dusseldorf,Nordrhein-Westfalen,Germany,https://hieronymus-game.com/hurdy-gurdy-games/,NOVO
Hypnotic Owl,Developer,Leipzig,Saxony,Germany,https://hypnoticowl.com/,NOVO
iCandy Interactive,Developer,Cologne,Nordrhein-Westfalen,Germany,https://icandy.io/,NOVO
Icebird Studios,Developer,Munich,Bayern,Germany,http://icebird-studios.com/,NOVO
Impiresoft,Developer,Schwerin,Mecklenburg-Vorpommern,Germany,http://impiresoft.com/,NOVO
Inbetween Games,Developer,Berlin,Berlin,Germany,https://inbetweengames.itch.io/,NOVO
Independent Arts,Developer,Hamm,Nordrhein-Westfalen,Germany,https://www.independent-arts-software.de,NOVO
InnoGames,Developer and Publisher,Hamburg,Metropolregion Hamburg,Germany,https://www.innogames.com,NOVO
Inoutbox,Developer,Berlin,Berlin,Germany,https://inoutbox.games/,NOVO
Ion Lands,Developer,Berlin,Berlin,Germany,https://phoninghome.net/,NOVO
Irox Games,Developer,Munich,Bayern,Germany,https://irox-games.com/,NOVO
Just2D,Developer,Magdeburg,Saxony-Anhalt,Germany,https://just2d.com/,NOVO
KAIKO (THQ Nordic),Developer,Frankfurt am Main,Hesse,Germany,https://kaikogames.com/,NOVO
kaleidoscube,Developer,Ludwigsburg,Baden-Wurttemberg,Germany,https://www.kaleidoscube.com,NOVO
Kalypso Media,Developer and Publisher,Worms,Rhineland,Germany,https://www.kalypsomedia.com,NOVO
Kalypso Media Mobile,Developer and Publisher,Hamburg,Metropolregion Hamburg,Germany,https://www.kalypsomedia.com,NOVO
Keen Games,Developer,Frankfurt am Main,Hesse,Germany,https://www.keengames.com,NOVO
KING Art,Developer,Bremen,Bremen,Germany,https://kingart-games.com/,NOVO
Kinmoku Games,Developer,Frankfurt,Hesse,Germany,https://www.kinmoku.games/,NOVO
Kritzelkratz 3000,Developer,Wurzburg,Bayern,Germany,https://www.kritzelkratz.de,NOVO
L-F Studio,Developer,Munich,Bayern,Germany,https://l-f.studio/,NOVO
Lab132,Developer,Heidelberg,Baden-Wurttemberg,Germany,https://lab132.com/,NOVO
Little Bat Games,Developer,Berlin,Berlin,Germany,https://littlebat.games/,NOVO
Ludopium,Developer,Cologne,Nordrhein-Westfalen,Germany,http://www.ludopium.com/,NOVO
Mad Data,Developer,Erkrath,Nordrhein-Westfalen,Germany,https://www.mad-data.com,NOVO
Mad Vulture Games,Developer,Cologne,Nordrhein-Westfalen,Germany,https://www.madvulture.de/,NOVO
Maschinen-Mensch,Developer,Berlin,Berlin,Germany,https://www.maschinen-mensch.com,NOVO
Massive Miniteam (THQ Nordic),Developer,Cologne,Nordrhein-Westfalen,Germany,https://massiveminiteam.com/,NOVO
Mathilde Hoffmann,Developer,Hamburg,Metropolregion Hamburg,Germany,https://oddada.com/,NOVO
Max Ritters,Developer,Pulheim,Nordrhein-Westfalen,Germany,https://max-ritters.itch.io/,NOVO
MBL Development,Developer,Hamburg,Metropolregion Hamburg,Germany,https://www.mbldev.com,NOVO
Megagon Industries,Developer,Berlin,Berlin,Germany,https://megagonindustries.com/,NOVO
MELLOW Games,Developer,Cologne,Nordrhein-Westfalen,Germany,https://mellow-games.com/,NOVO
Mimimi Productions,Developer,Munich,Bayern,Germany,https://www.mimimi.games,NOVO
Mixtvision Games Publishing,Developer and Publisher,Munich,Bayern,Germany,https://mixtvision.de/,NOVO
Mobile Bits,Developer,Hamburg,Metropolregion Hamburg,Germany,https://www.mobilebits.de,NOVO
Moi Rai Games,Developer,Hamburg,Metropolregion Hamburg,Germany,https://www.moi-rai.com/,NOVO
Monokel,Developer,Cologne,Nordrhein-Westfalen,Germany,https://monokel.de/,NOVO
Monolith of Minds,Developer,Mainz,Rhineland,Germany,https://monolithofminds.com/,NOVO
Moonbyte Games,Developer,Neustadt,Rhineland,Germany,http://www.moonbytegames.com,NOVO
Mooneye Studios,Developer and Publisher,Hamburg,Metropolregion Hamburg,Germany,https://mooneyestudios.com/,NOVO
Moonlit Games,Developer,Berlin,Berlin,Germany,https://www.moonlitgames.io/,NOVO
Morphcat Games,Developer,Berlin,Berlin,Germany,http://www.morphcat.de/,NOVO
Mostly Games,Developer,Berlin,Berlin,Germany,https://mostlygames.gg/,NOVO
Mysteria Studio,Developer,Cologne,Nordrhein-Westfalen,Germany,https://mysteriastudio.com/,NOVO
Navel,Developer,Ludwigsburg,Baden-Wurttemberg,Germany,https://www.navel.cc/,NOVO
Neobird,Developer,Nuremberg,Bayern,Germany,https://www.neobird.de/en/,NOVO
New Moon Production,Developer,Hamburg,Metropolregion Hamburg,Germany,https://newmoonproduction.com/,NOVO
NightinGames,Developer,Bayreuth,Bayern,Germany,https://nightingames.com/,NOVO
Noctiluca,Developer,Berlin,Berlin,Germany,https://noctilucagames.com/,NOVO
Noio,Developer,Berlin,Berlin,Germany,https://www.noio.nl,NOVO
NUKKLEAR Digital Minds (Jumpgate),Developer,Hannover,Lower Saxony,Germany,https://www.nukklear.de/,NOVO
Nurogames,Developer,Cologne,Nordrhein-Westfalen,Germany,https://www.nurogames.com,NOVO
OFM Studios,Developer,Cologne,Nordrhein-Westfalen,Germany,https://www.onlinefussballmanager.de,NOVO
Osmotic Studios,Developer,Hamburg,Metropolregion Hamburg,Germany,https://osmoticstudios.com/,NOVO
Out of the Box Games,Developer,Berlin,Berlin,Germany,https://www.ootbg.com/,NOVO
Outline Development,Developer,Siegen,Nordrhein-Westfalen,Germany,https://www.outline-development.de,NOVO
Overhype Studios,Developer,Hamburg,Metropolregion Hamburg,Germany,https://www.battlebrothersgame.com,NOVO
Pipapo Games,Developer,Hamburg,Metropolregion Hamburg,Germany,https://pipapo.games/,NOVO
Pithead Studio,Developer,Bochum,Nordrhein-Westfalen,Germany,https://pithead-studio.com/en/,NOVO
Pixel Maniacs,Developer,Nuremberg,Bayern,Germany,https://pixel-maniacs.com/,NOVO
Pixelpizza,Developer,Hamburg,Metropolregion Hamburg,Germany,https://www.pixelpizza.de,NOVO
Pixelsplit,Developer,Eschborn,Hesse,Germany,https://pixelsplit.games/,NOVO
Playa Games,Developer,Hamburg,Metropolregion Hamburg,Germany,https://playa-games.com/,NOVO
Playing Mantis Studio,Developer,Cologne,Nordrhein-Westfalen,Germany,https://playing-mantis.io/,NOVO
Point Blank Games,Developer,Berlin,Berlin,Germany,http://www.point-blank-games.com/,NOVO
Positive Impact Games,Developer,Hamburg,Metropolregion Hamburg,Germany,https://positive-games.com/,NOVO
Potato Games Studio,Developer,Munich,Bayern,Germany,,NOVO
Prime Matter (PLAION),Developer,Munich,Bayern,Germany,https://primematter.gg/,NOVO
Productivkeller,Developer,Karlsruhe,Baden-Wurttemberg,Germany,https://produktivkeller.com/,NOVO
Proxy Studios,Developer,Erlangen,Bayern,Germany,https://www.proxy-studios.com,NOVO
Pumpernickel Studio,Developer,Munster,Nordrhein-Westfalen,Germany,https://www.pumpernickel-studio.com,NOVO
Radiation Blue,Developer,Hamburg,Metropolregion Hamburg,Germany,https://www.radiationblue.com,NOVO
Radical Fish Games,Developer,Saarbrucken,Saarland,Germany,https://radicalfishgames.com/,NOVO
Rafaelle Picca,Developer,Augsburg,Bayern,Germany,https://raffaelepicca.com/,NOVO
Rat King,Developer,Halle,Saxony-Anhalt,Germany,https://ratking.de/,NOVO
REAKKTOR Studios,Developer,Hannover,Lower Saxony,Germany,https://reakktor.com/,NOVO
Reality Twist,Developer,Munich,Bayern,Germany,https://www.reality-twist.com,NOVO
RealmForge Studios,Developer,Munich,Bayern,Germany,http://www.realmforgestudios.com/,NOVO
Resistance204X,Developer,Leipzig,Saxony,Germany,https://resistance204x.com/,NOVO
Retrific,Developer,Hamm,Nordrhein-Westfalen,Germany,https://www.retrific.net,NOVO
Robotality,Developer,Hameln,Lower Saxony,Germany,http://robotality.com/,NOVO
Sylphe Labs,Developer,Palermo,Sicilia,Italy,https://www.sylphelabs.com,NOVO
Ta2 Games,Developer,Trieste,Friuli-Venezia Giulia,Italy,https://ta2gamesstudio.com/,NOVO
Taito (Square Enix),Developer,Milan,Lombardia,Italy,https://www.taito.co.jp,NOVO
Team SolEtude,Developer,Milan,Lombardia,Italy,https://teamsoletude.carrd.co/,NOVO
The Space Backyard,Developer,Genova,Liguria,Italy,https://www.spacebackyard.com/,NOVO
Tiny Bull Studios,Developer,Turin,Piedmont,Italy,https://www.tinybullstudios.com,NOVO
Tmesis Studio,Developer,Turin,Piedmont,Italy,http://tmesistudio.com/,NOVO
Ubisoft Milan,Developer and Publisher,Milan,Lombardia,Italy,https://www.ubisoft.com,NOVO
UNAmedia,Developer,Genova,Liguria,Italy,https://www.unamedia.com,NOVO
We Are Muesli,Developer,Milan,Lombardia,Italy,https://www.wearemuesli.it,NOVO
Winter Wolves,Developer,Bologna,Emilia-Romagna,Italy,https://winterwolves.com/,NOVO
Yonder,Developer,Rome,Lazio,Italy,https://www.fromyonder.net/,NOVO
Knucklehead Studios,Developer,Utrecht,Utrecht,Netherlands,https://knucklehead-studios.com/,NOVO
Knuist & Perzik,Developer,The Randstad,Noord-Holland,Netherlands,https://knuistperzik.github.io/,NOVO
Konafa Games,Developer,Amsterdam,Noord-Holland,Netherlands,https://www.konafagames.com/,NOVO
Linx Interactive,Developer,Laren,Noord-Holland,Netherlands,https://linx-interactive.com/,NOVO
Lirio Games,Developer,Apeldoorn,Gelderland,Netherlands,https://www.liriogames.com/#,NOVO
Lucky Kat,Developer,Den Haag,Zuid-Holland,Netherlands,https://lucky-kat.com/,NOVO
Ludomotion,Developer,Amsterdam,Noord-Holland,Netherlands,https://www.ludomotion.com,NOVO
M2H,Developer,Alkmaar,Noord-Holland,Netherlands,https://www.m2h.nl,NOVO
Maple Bay,Developer,Ommen,Overijssel,Netherlands,https://maplebaystudio.com/,NOVO
Mind Control Games,Developer,Hilversum,Noord-Holland,Netherlands,https://www.mindcontrol-games.com/,NOVO
Monkey Bizniz,Developer,Utrecht,Utrecht,Netherlands,https://www.monkeybizniz.com,NOVO
Monkey Strike Games,Developer,Breda,Noord-Brabant,Netherlands,https://www.monkeystrikegames.com/,NOVO
Nifty Llama Games,Developer,Breda,Noord-Brabant,Netherlands,https://www.niftyllamagames.com,NOVO
Nixxes,Developer,Utrecht,Utrecht,Netherlands,https://www.nixxes.com,NOVO
Nixxes Software (PlayStation Studios),Developer,Utrecht,Utrecht,Netherlands,https://www.nixxes.com,NOVO
Oogbaard Games,Developer,Utrecht,Utrecht,Netherlands,https://oogbaard.com/,NOVO
Pixel Doors,Developer,Amsterdam,Noord-Holland,Netherlands,https://www.pixeldoors.com/,NOVO
Polygon Interactive,Developer,Groningen,Groningen,Netherlands,https://polygoninteractive.com/,NOVO
Purple Flame Studio,Developer,Eindhoven,Noord-Brabant,Netherlands,https://purpleflamestudio.com/,NOVO
Qudical,Developer,Rotterdam,Zuid-Holland,Netherlands,https://www.qudical.nl/,NOVO
Ra.nj,Developer,Rotterdam,Zuid-Holland,Netherlands,https://www.ranj.nl,NOVO
Radical Graphics Studio,Developer,Amsterdam,Noord-Holland,Netherlands,https://www.radicalgraphics.nl,NOVO
Rage Squid,Developer,Tilburg,Noord-Brabant,Netherlands,https://ragesquid.com/,NOVO
RageSquid,Developer,De Meern,Utrecht,Netherlands,https://www.ragesquid.com,NOVO
Rangatang,Developer,Utrecht,Utrecht,Netherlands,https://rangatang.nl/,NOVO
Resistance Studio,Developer,Amsterdam,Noord-Holland,Netherlands,https://www.resistancestudio.com,NOVO
Roost Games,Developer,Utrecht,Utrecht,Netherlands,https://roost.games/,NOVO
Rusty Lake,Developer,Amsterdam,Noord-Holland,Netherlands,https://www.rustylake.com/,NOVO
Sassybot,Developer,Breda,Noord-Brabant,Netherlands,https://www.sassybot.com,NOVO
Seven Mages Studio,Developer,Zoetermeer,Zuid-Holland,Netherlands,https://www.sevenmages.com/,NOVO
SK98,Developer,Breda,Noord-Brabant,Netherlands,https://sk98.games/,NOVO
Skunkx Games,Developer,Moordrecht,Zuid-Holland,Netherlands,https://www.skunxgames.com/,NOVO
snekflat,Developer,Rotterdam,Zuid-Holland,Netherlands,https://snekflat.github.io/,NOVO
SOEDESCO,Developer and Publisher,Rotterdam,Zuid-Holland,Netherlands,https://soedesco.com/,NOVO
Sparkling Society,Developer,Delft,Zuid-Holland,Netherlands,https://sparklingsociety.games/,NOVO
Sparrow Night,Developer,Rotterdam,Zuid-Holland,Netherlands,https://sparrownight.com/,NOVO
Speculative Agency,Developer,Amsterdam,Noord-Holland,Netherlands,https://www.allwillrise.com/,NOVO
Spil Games Europe,Developer and Publisher,Hilversum,Noord-Holland,Netherlands,https://www.spilgames.com,NOVO
Square Glade Games,Developer,Groningen,Groningen,Netherlands,https://squareglade.games/,NOVO
Starbrew Games,Developer,Breda,Noord-Brabant,Netherlands,https://starbrewgames.com/,NOVO
Stickylock,Developer,Etten-Leur,Noord-Brabant,Netherlands,https://stickylock.com/,NOVO
StitchHeads,Developer,Breda,Noord-Brabant,Netherlands,https://stitchheads.com/,NOVO
Story Giant Games,Developer,Weert,Limburg,Netherlands,https://storygiantgames.com/,NOVO
Studio Brain Muffin,Developer,Rotterdam,Zuid-Holland,Netherlands,https://www.studiobrainmuffin.com/,NOVO
Studio Interlude,Developer,Amsterdam,Noord-Holland,Netherlands,https://studiointerlude.com/,NOVO
Studio Mantasaur,Developer,Utrecht,Utrecht,Netherlands,https://studiomantasaur.nl/,NOVO
Studio Pix,Developer,Utrecht,Utrecht,Netherlands,https://studiopix.fun/,NOVO
Sugar Rush Studio,Developer,Eindhoven,Noord-Brabant,Netherlands,https://sugarrushstudios.com/,NOVO
Talisman Games,Developer,Den Haag,Zuid-Holland,Netherlands,https://talisman.games/,NOVO
Team Reptile,Developer,Hilversum,Noord-Holland,Netherlands,https://www.team-reptile.com,NOVO
Tidbits Play,Developer,Haarlem,Noord-Holland,Netherlands,https://www.tidbitgames.com/,NOVO
Toosmart,Developer,Deventer,Overijssel,Netherlands,https://www.toosmart.nl,NOVO
Total Mayhem,Developer,Rotterdam,Zuid-Holland,Netherlands,https://totalmayhemgames.com/,NOVO
TRAGSoft,Developer,Zevenaar,Gelderland,Netherlands,https://www.coromon.com,NOVO
Triangle Studios,Developer,Leeuwarden,Friesland,Netherlands,https://triangle-studios.com/,NOVO
Triumph Studios,Developer,Delft,Zuid-Holland,Netherlands,https://triumph.net/,NOVO
TurtleBlaze,Developer,Den Haag,Zuid-Holland,Netherlands,https://turtleblaze.com/,NOVO
Twirlbound,Developer,Breda,Noord-Brabant,Netherlands,https://twirlbound.com/,NOVO
Vanguard Entertainment,Developer,Amsterdam,Noord-Holland,Netherlands,https://www.vanguardgames.net,NOVO
Veelpoot,Developer,Utrecht,Utrecht,Netherlands,https://veelpoot.com/,NOVO
Verdant Games,Developer,Breda,Noord-Brabant,Netherlands,https://verdantgames.com/,NOVO
Vertigo Games (PLAION),Developer and Publisher,Amsterdam,Noord-Holland,Netherlands,https://vertigo-games.com/,NOVO
VILLIAN Studios,Developer,Amsterdam,Noord-Holland,Netherlands,https://villainstudios.nl/,NOVO
Virtual Play,Developer,Utrecht,Utrecht,Netherlands,https://virtualplay.games/,NOVO
Vlambeer,Developer,Utrecht,Utrecht,Netherlands,https://vlambeer.com/,NOVO
VSTEP,Developer,Rotterdam,Zuid-Holland,Netherlands,https://www.vstepsimulation.com,NOVO
Wanted 5 Games,Developer,Haarlem,Noord-Holland,Netherlands,https://www.wanted5games.com/,NOVO
WeirdBeard Games,Developer,Amsterdam,Noord-Holland,Netherlands,https://weirdbeard.nl/,NOVO
Wikkl Works,Developer,Utrecht,Utrecht,Netherlands,https://wikkl.works/,NOVO
Wispfire,Developer,Utrecht,Utrecht,Netherlands,https://www.wispfire.com,NOVO
Gaming Factory,Developer and Publisher,Warsaw,Masovian,Poland,https://gamingfactory.pl/,NOVO
Ganymede Entertainment,Developer,Krakow,Lesser Poland,Poland,https://www.ganymede.eu,NOVO
Glivi Games,Developer,Gliwice,Silesia,Poland,http://www.glivigames.com,NOVO
Gruby Entertainment,Developer,Warsaw,Masovian,Poland,https://grubyentertainment.com/,NOVO
Happy Corruption,Developer,Warsaw,Masovian,Poland,https://happycorruption.com/,NOVO
Hyperstrange,Developer,Warsaw,Masovian,Poland,https://hyperstrange.com/,NOVO
Ice Code Games,Developer,Warsaw,Masovian,Poland,https://icecodegames.com/,NOVO
IMGN.PRO,Developer and Publisher,Bielsko-Biala,Silesia,Poland,https://imgn.pro/,NOVO
Infinite Dreams,Developer,Gliwice,Silesia,Poland,https://www.idreams.pl,NOVO
Infinity Ward Poland (Activision),Developer,Krakow,Krakow,Poland,https://www.infinityward.com,NOVO
Iron Wolf Studio,Developer,Katowice,Silesia,Poland,https://ironwolfstudio.com/,NOVO
Ironbird Creations,Developer,Krakow,Krakow,Poland,https://ironbirdcreations.com/,NOVO
Juggler Games,Developer,Warsaw,Masovian,Poland,https://www.jugglergames.com,NOVO
Jujubee,Developer,Katowice,Silesia,Poland,https://www.jujubee.pl,NOVO
Jutsu Games,Developer,Warsaw,Masovian,Poland,https://jutsugames.com/,NOVO
Klabater,Developer and Publisher,Warsaw,Masovian,Poland,https://klabater.com/,NOVO
Kool2Play,Developer,Warsaw,Masovian,Poland,https://www.kool2play.com,NOVO
Laki Studios,Developer,Katowice,Silesia,Poland,,NOVO
Licht Hund,Developer,Warsaw,Masovian,Poland,https://lichthund.com/,NOVO
Live Motion Games,Developer,Katowice,Silesia,Poland,https://livemotiongames.com/,NOVO
Live Motion Games,Developer,Warsaw,Masovian,Poland,https://livemotiongames.com/,NOVO
Lumino Games,Developer,Krakow,Krakow,Poland,https://afterblast.net/,NOVO
Mass Creation,Developer,Warsaw,Masovian,Poland,https://www.mass-creation.com,NOVO
Mateusz Skutnik,Developer,Krakow,Lesser Poland,Poland,https://www.mateuszskutnik.com/games,NOVO
Mechanistry,Developer,Gdansk,Pomorskie,Poland,https://www.mechanistry.com,NOVO
Michal Wiklinski,Developer,Wroclaw,Lower Silesia,Poland,https://bearnardthegame.com/,NOVO
Mighty Koi,Developer,Lublin,Lubelskie,Poland,https://www.mighty-koi.com/,NOVO
MoaCube,Developer,Warsaw,Masovian,Poland,https://www.moacube.com,NOVO
Monster Couch,Developer,Poznan,Greater Poland,Poland,https://monstercouch.com/,NOVO
Mooneaters,Developer,Olsztyn,Warminsko-Mazurskie,Poland,https://www.mooneaters.com/,NOVO
Moral Anxiety Studio,Developer,Wroclaw,Lower Silesia,Poland,https://moralanxietystudio.com/,NOVO
Movie Games Lunarium,Developer,Warsaw,Masovian,Poland,https://moviegames.pl/en/home-english/,NOVO
MS Games,Developer,Warsaw,Masovian,Poland,https://msgames.pl/,NOVO
My Next Games,Developer,Krakow,Krakow,Poland,https://www.mynextgames.com/,NOVO
Mythic Owl Games,Developer,Warsaw,Masovian,Poland,https://mythicowl.com/,NOVO
Naptime Games,Developer,Warsaw,Masovian,Poland,https://naptime.games/,NOVO
Nawia Games,Developer,Gdansk,Pomorskie,Poland,https://www.nawiagames.com,NOVO
Ninth Exodus,Developer,Warsaw,Masovian,Poland,https://90s.graphics/,NOVO
Nordcurrent,Developer and Publisher,Warsaw,Masovian,Poland,https://www.nordcurrent.com,NOVO
OhNoo Studio,Developer,Warsaw,Masovian,Poland,http://www.ohnoo.com/,NOVO
One More Level,Developer,Krakow,Krakow,Poland,https://omlgames.com/,NOVO
Orchid Games,Developer,Warsaw,Masovian,Poland,https://www.orchidgames.com,NOVO
Ovid Works,Developer,Warsaw,Masovian,Poland,https://www.ovidworks.com,NOVO
Paradark Studio,Developer,Krakow,Krakow,Poland,https://www.paradarkstudio.com,NOVO
Paranoid Interactive,Developer,Warsaw,Masovian,Poland,https://paranoidinteractive.net/,NOVO
Persis Play,Developer,Warsaw,Masovian,Poland,https://persisplay.com/,NOVO
Petums,Developer,Bytom,Silesia,Poland,https://petums.com/,NOVO
Phobia Game Studio,Developer,Warsaw,Masovian,Poland,https://www.carrion.game/,NOVO
Pixel Perfect Dude,Developer,Kalisz,Greater Poland,Poland,https://pixelperfectdude.com/,NOVO
PixelAnt (Sumo Digital),Developer,Warsaw,Masovian,Poland,https://pixelantgames.com/,NOVO
PixelAnt (Sumo Digital),Developer,Wroclaw,Lower Silesia,Poland,https://pixelantgames.com/,NOVO
Pixelated Milk,Developer,Warsaw,Masovian,Poland,https://bsky.app/profile/pixelatedmilk.bsky.social,NOVO
Play2Chill,Developer,Warsaw,Masovian,Poland,https://www.play2chill.com/,NOVO
Playsoft Games,Developer,Gdansk,Pomorskie,Poland,https://www.playsoftgames.com,NOVO
Polished Games,Developer,Wroclaw,Lower Silesia,Poland,https://polishedgames.com/,NOVO
President Studio,Developer and Publisher,Warsaw,Masovian,Poland,https://www.president-studio.com/,NOVO
Prime Bit Games SA,Developer,Rzeszow,Subcarpathia,Poland,https://primebitgames.com/,NOVO
Punch Punk Games,Developer,Warsaw,Masovian,Poland,https://punch-punk.com/,NOVO
Punk Notion,Developer,Gliwice,Silesia,Poland,http://www.punknotion.com/,NOVO
Pyramid Games,Developer,Lublin,Lubelskie,Poland,https://pyramid.games/,NOVO
Qubic Games,Developer and Publisher,Warsaw,Masovian,Poland,https://www.qubicgames.com,NOVO
Questline (Awaken Realms),Developer,Wrocław,Lower Silesia,Poland,https://www.taintedgrail.com/,NOVO
Quite OK Games,Developer,Warsaw,Masovian,Poland,https://quiteokgames.com/,NOVO
Raba Games,Developer,Zielona Gora,Lubusz,Poland,https://www.rabagames.com,NOVO
Reality Pump Studios,Developer,Krakow,Lesser Poland,Poland,https://www.realitypump.com,NOVO
Rebel Wolves,Developer,Warsaw,Masovian,Poland,https://rebel-wolves.com/,NOVO
Red Dot Games,Developer,Rzeszow,Subcarpathia,Poland,https://www.reddotgames.pl,NOVO
RedDeer.Games,Developer and Publisher,Warsaw,Masovian,Poland,https://reddeergames.com/,NOVO
Reikon Games,Developer,Warsaw,Masovian,Poland,https://reikongames.com/,NOVO
Render Cube,Developer,Lodz,Lodz,Poland,https://rendercube.pl/,NOVO
Retrovibe,Developer,Warsaw,Masovian,Poland,https://retrovibegames.com/,NOVO
Robot Gentlemen,Developer,Poznan,Greater Poland,Poland,https://www.robotgentleman.com,NOVO
RockGame,Developer and Publisher,Warsaw,Masovian,Poland,https://www.rockgame.pl,NOVO
Sad Cat Studios,Developer,Gdansk,Pomorskie,Poland,https://www.sadcat.studio/,NOVO
Serious Sim,Developer,Warsaw,Masovian,Poland,https://serioussim.net/,NOVO
Silden,Developer,Torun,Kuyavian-Pomeranian,Poland,https://www.silden.eu/en,NOVO
Slavic Magic,Developer,Gdansk,Pomorskie,Poland,https://manorlords.com/,NOVO
Soft Crunch Games,Developer,Krakow,Krakow,Poland,https://softcrunch.games/,NOVO
SONKA,Developer and Publisher,Warsaw,Masovian,Poland,https://www.sonkagames.com,NOVO
Space Goblin Studio,Developer,Warsaw,Masovian,Poland,https://linktr.ee/Astrobotanica,NOVO
Spectral Games,Developer,Katowice,Silesia,Poland,https://www.spectralgames.com,NOVO
Spil Games Eastern Europe,Developer and Publisher,Ruda Slaska,Silesian,Poland,https://www.spilgames.com,NOVO
Spirit Games Studio,Developer,Warsaw,Masovian,Poland,https://spiritgamesstudio.com.pl/,NOVO
Split Light Studios,Developer,Slupsk,Pomorskie,Poland,https://www.splitlightstudio.com,NOVO
SQRT3,Developer and Publisher,Warsaw,Masovian,Poland,https://sqrt3.games/,NOVO
Star Drifters,Developer,Warsaw,Masovian,Poland,https://stardrifters.com/,NOVO
Starward Industries,Developer,Krakow,Krakow,Poland,https://starwardindustries.com/,NOVO
StrategyLabs,Developer,Hornowek,Masovian,Poland,https://strategy-labs.com/,NOVO
Super Sexy Software,Developer,Gdynia,Pomorskie,Poland,http://supersexysoftware.com/,NOVO
Superhot Team,Developer,Lodz,Lodz,Poland,https://www.superhotgame.com,NOVO
Take IT Studio!,Developer,Katowice,Silesia,Poland,https://takeitstudio.com/,NOVO
TakeIT Studio,Developer,Katowice,Silesia,Poland,https://takeitstudio.com/,NOVO
Tate Multimedia,Developer and Publisher,Warsaw,Masovian,Poland,https://www.tatemultimedia.com/,NOVO
The Astronauts,Developer,Warsaw,Masovian,Poland,https://www.theastronauts.com,NOVO
The Farm 51,Developer,Gliwice,Silesia,Poland,https://www.thefarm51.com,NOVO
The Farm 51,Developer,Katowice,Silesia,Poland,https://www.thefarm51.com,NOVO
The Knights of Unity,Developer,Wroclaw,Lower Silesia,Poland,https://www.theknightsofunity.com,NOVO
THE PARASIGHT,Developer,Krakow,Krakow,Poland,https://theparasight.com/,NOVO
Thing Trunk,Developer,Warsaw,Masovian,Poland,https://thingtrunk.com/,NOVO
Tiny Cloud,Developer,Krakow,Krakow,Poland,https://tinycloud.games/,NOVO
Torquemada Games,Developer,Katowice,Silesia,Poland,https://www.torquemada-games.com,NOVO
Triassic Games,Developer,Krakow,Krakow,Poland,https://www.triassicgames.com,NOVO
Truck World Studio,Developer,Katowice,Silesia,Poland,http://truckworldstudio.com/,NOVO
Two Horizons,Developer,Wroclaw,Lower Silesia,Poland,https://twohorizons.pl/,NOVO
Underdog Studio (CI Games),Developer,Warsaw,Masovian,Poland,https://cigames.com/,NOVO
Varsav Game Studios,Developer,Warsaw,Masovian,Poland,https://www.varsav.com,NOVO
VeCube Studio,Developer,Warsaw,Masovian,Poland,https://vecubestudio.com/,NOVO
Virtual Alchemy,Developer,Warsaw,Masovian,Poland,https://virtual-alchemy.games/,NOVO
Vixa Games,Developer,Gdansk,Pomorskie,Poland,https://www.vixagames.com,NOVO
Wooden Alien,Developer,Krakow,Krakow,Poland,https://www.woodenalien.com/,NOVO
Yaza Games,Developer,Warsaw,Masovian,Poland,https://yazagames.com/,NOVO
ZAKAZANE,Developer,Warsaw,Masovian,Poland,https://zakazane.studio/,NOVO
HiWarp,Developer,Murcia,Murcia,Spain,https://hiwarp.com/,NOVO
Hydra Interactive Entertainment,Developer,Madrid,Madrid,Spain,https://www.hydra-interactive.com/,NOVO
Hyper Three Studio,Developer,Barcelona,Catalonia,Spain,https://hyperthreestudio.com/,NOVO
HyperMegaPixel,Developer,Cordoba,Cordoba,Spain,https://kokopasatlas.com,NOVO
Icedrop Games,Developer,Barcelona,Catalonia,Spain,https://icedropgames.com/,NOVO
Indigo Studios,Developer,Girona,Catalonia,Spain,https://indigostudios.one,NOVO
Inverge Studios,Developer,Valencia,Valencia,Spain,https://invergestudios.com/,NOVO
Isolated Games,Developer,Barcelona,Catalonia,Spain,https://www.isolatedgames.com/,NOVO
JanduSoft Games,Developer and Publisher,Barcelona,Catalonia,Spain,https://www.jandusoft.com/,NOVO
Kraken Empire,Developer,Zaragoza,Zaragoza,Spain,https://www.krakenempire.com/,NOVO
Life Zero Games,Developer,Zaragoza,Zaragoza,Spain,https://www.lifezerogames.com,NOVO
Lince Works,Developer,Barcelona,Catalonia,Spain,https://linceworks.com/,NOVO
Little Miracles Games,Developer,Barcelona,Catalonia,Spain,http://www.littlemiraclesgames.com,NOVO
Luegolu3go Studios,Developer,Madrid,Madrid,Spain,https://www.luegolu3go.com,NOVO
Madruga Works,Developer,A Coruña,Galicia,Spain,https://madrugaworks.com/main/,NOVO
MainLoop Games,Developer,Bilbao,Bizkaia,Spain,https://www.mainloopvideogames.com,NOVO
Majorariatto,Developer,Llucmajor,Mallorca,Spain,https://majorariatto.com/,NOVO
Malapata Studio,Developer,Malaga,Malaga,Spain,https://malapatastudio.com/,NOVO
Mango Protocol,Developer,Madrid,Madrid,Spain,http://mangoprotocol.com/,NOVO
Mansion Games,Developer,Palma de Mallorca,Baleares,Spain,https://mansion-games.com/,NOVO
Mediatonic,Developer,Madrid,Madrid,Spain,https://www.mediatonicgames.com,NOVO
Megalevel,Developer and Publisher,Cadiz,Andalucia,Spain,https://megalevel.es,NOVO
Milkstone Studios,Developer,Oviedo,Asturias,Spain,https://www.milkstonestudios.com,NOVO
Molter Games,Developer,Lleida,Catalonia,Spain,https://www.moltergames.com/,NOVO
Nieko,Developer,Las Palmas de Gran Canaria,Las Palmas,Spain,https://niekoplay.com/,NOVO
Nintai Studios,Developer,Santa Cruz de Tenerife,Canary Islands,Spain,https://nintaistudios.com/,NOVO
Nomada Studio,Developer,Barcelona,Catalonia,Spain,https://www.nomada.studio,NOVO
Nopopo,Developer,Valencia,Valencia,Spain,http://nopopo.fun/,NOVO
Nukefist,Developer,Valencia,Valencia,Spain,https://genokids.com/,NOVO
Numantian Games,Developer,Madrid,Madrid,Spain,http://www.numantiangames.com,NOVO
Out of the Blue Games,Developer,Madrid,Madrid,Spain,https://www.outbluegames.com/,NOVO
Over the Top Games,Developer,Madrid,Madrid,Spain,https://www.overthetopgames.com,NOVO
OverPowered Team,Developer,Madrid,Madrid,Spain,https://www.overpoweredteam.com,NOVO
Paradox Tinto,Developer and Publisher,Barcelona,Catalonia,Spain,https://www.paradoxinteractive.com/,NOVO
Pendulo Studios,Developer,Madrid,Madrid,Spain,http://www.pendulostudios.com/,NOVO
Penguin Armada,Developer and Publisher,Barcelona,Catalonia,Spain,https://penguinarmada.com/,NOVO
Pentadimensional Games,Developer,Madrid,Madrid,Spain,https://www.megatonrainfall.com,NOVO
Petoons Studio,Developer,Barcelona,Catalonia,Spain,https://www.petoons.com/,NOVO
Piccolo Studio,Developer,Barcelona,Catalonia,Spain,https://piccolostudio.net/,NOVO
Picollo Studio,Developer,Barcelona,Catalonia,Spain,https://piccolo-studio.com/,NOVO
PiX Juegos,Developer,Castellon,Castellon,Spain,https://www.pixjuegos.com,NOVO
Pixelatto,Developer,Malaga,Malaga,Spain,https://www.pixelatto.com,NOVO
PlayMedusa,Developer,Fasnia,Canary Islands,Spain,https://playmedusa.com/,NOVO
PlaySpace,Developer,Palma de Mallorca,Mallorca,Spain,https://www.playspace.com,NOVO
Polden Publishing,Developer,Valencia,Valencia,Spain,https://www.polden.gg/,NOVO
Poti Poti Studio,Developer,Barcelona,Catalonia,Spain,https://www.potipoti.studio/,NOVO
Praenaris,Developer,Donostia,Gipuzkoa,Spain,https://www.praenaris.com/,NOVO
promineo studios,Developer,Santa Cruz de Tenerife,Canary Islands,Spain,https://www.promineostudios.com,NOVO
Protocol Games,Developer,Madrid,Madrid,Spain,http://www.protocolgames.com/,NOVO
Purpure Studio,Developer,Pontevedra,Vigo,Spain,https://purpurest.wordpress.com/,NOVO
Quantum Box Games,Developer,Las Palmas de Gran Canaria,Las Palmas,Spain,https://quantumboxgames.wordpress.com/,NOVO
Raptor Claw Games,Developer,Seville,Seville,Spain,https://raptorclawapps.com/,NOVO
Red Mountain,Developer,Madrid,Madrid,Spain,https://redmountain.es/,NOVO
Rising Pixel,Developer,Las Palmas de Gran Canaria,Las Palmas,Spain,https://www.risingpixel.com,NOVO
Saber Interactive,Developer and Publisher,Madrid,Madrid,Spain,https://saber.games/,NOVO
Sand Castles Studio,Developer,Barcelona,Catalonia,Spain,https://www.sandcastlesst.com/,NOVO
Sandsoft Games,Developer and Publisher,Barcelona,Catalonia,Spain,https://sandsoft.com/,NOVO
Secret 6,Developer,Madrid,Madrid,Spain,https://www.secret6.com,NOVO
Selkie Harbor,Developer,Valencia,Valencia,Spain,https://selkieharbour.com/,NOVO
Shanblue Interactive,Developer,Valencia,Valencia,Spain,https://www.shanblue.com,NOVO
Siesta Games,Developer,Zaragoza,Zaragoza,Spain,https://siesta-games.com/,NOVO
Silent Road Games,Developer,Malaga,Malaga,Spain,http://www.silentroadgames.com/,NOVO
Social Point (Take-Two Interactive Software),Developer,Barcelona,Catalonia,Spain,https://socialpoint.es/,NOVO
Cosmico,Developer,Stockholm,Stockholm,Sweden,https://www.cosmicogames.com/,NOVO
Counterspell,Developer,Stockholm,Stockholm,Sweden,https://www.counterspellstudios.com/,NOVO
Crackshell,Developer,Stockholm,Stockholm,Sweden,https://crackshell.dk/,NOVO
Cutting Corner Games,Developer,Linkoping,Ostergotland,Sweden,https://cuttingcornergames.com/,NOVO
Dalen Studios,Developer,Dalby,Scania,Sweden,https://www.dalenstudios.com/,NOVO
Dark Riviera,Developer,Stockholm,Stockholm,Sweden,https://www.darkriviera.com/,NOVO
Darkened Theater Studios,Developer,Stockholm,Stockholm,Sweden,https://www.darkenedtheaterstudios.com/,NOVO
Dead Astronauts,Developer,Malmo,Scania,Sweden,https://deadastronauts.games/,NOVO
DeadToast Entertainment,Developer,Malmo,Scania,Sweden,https://www.deadtoast.com,NOVO
Decemberborn Interactive,Developer,Helsingborg,Scania,Sweden,https://decemberborn.com/,NOVO
Dennaton Games,Developer,Gothenburg,Vastra Gotaland,Sweden,https://www.dennaton.com,NOVO
DICE (Electronic Arts),Developer,Gothenburg,Vastra Gotaland,Sweden,https://dice.se/,NOVO
DICE (Electronic Arts),Developer,Stockholm,Stockholm,Sweden,https://dice.se/,NOVO
Dinomite Games,Developer,Uppsala,Uppland,Sweden,https://www.kindabrave.com/,NOVO
Doctor Entertainment,Developer and Publisher,Uppsala,Uppland,Sweden,https://www.doctorentertainment.com,NOVO
Double Zero One Zero,Developer,Skoevde,Vastra Gotaland,Sweden,https://www.doublezeroonezero.com,NOVO
Doublecap,Developer,Linkoping,Ostergotland,Sweden,https://www.doublecap.com/,NOVO
DoubleMoose Games,Developer,Skoevde,Vastra Gotaland,Sweden,https://doublemoose.com/,NOVO
Draconic Interactive,Developer,Stockholm,Stockholm,Sweden,https://draconicinteractive.com/,NOVO
Early Morning Studio,Developer,Gavle,Gavleborg,Sweden,https://earlymorningstudio.com/,NOVO
Easy Trigger Games (Coffee Stain),Developer,Trollhattan,Vastra Gotaland,Sweden,https://www.easytrigger.com,NOVO
EB Studio,Developer,Malmo,Scania,Sweden,https://www.ernstborg.studio/,NOVO
edyoutec,Developer,Stockholm,Stockholm,Sweden,https://edyoutec.com/,NOVO
El Huervo,Developer,Gothenburg,Vastra Gotaland,Sweden,https://elhuervo.com/,NOVO
Elden Pixels,Developer and Publisher,Gothenburg,Vastra Gotaland,Sweden,https://eldenpixels.com/,NOVO
Elemental Games,Developer,Stockholm,Stockholm,Sweden,https://elemental.games/,NOVO
Elscar Games,Developer,Gothenburg,Vastra Goteland,Sweden,https://foxogame.com/,NOVO
Elsewhere Entertainment,Developer,Malmo,Scania,Sweden,https://www.activision.com/elsewhere,NOVO
Elva Entertainment,Developer,Skoevde,Vastra Gotaland,Sweden,https://elvaentertainment.com/,NOVO
Embark Studios,Developer,Stockholm,Stockholm,Sweden,https://www.embark-studios.com,NOVO
Ember Paw Entertainment,Developer,Skoevde,Vastra Gotaland,Sweden,https://www.odinfall.com/,NOVO
Ember Trail,Developer,Uppsala,Uppland,Sweden,https://www.embertrail.com/,NOVO
Envar Games,Developer,Stockholm,Stockholm,Sweden,https://www.envarstudio.com/,NOVO
Expansive Worlds (Avalanche Studios Group),Developer,Stockholm,Stockholm,Sweden,https://avalanchestudios.com/divisions/expansive-worlds,NOVO
Experiment 101 (THQ Nordic),Developer,Stockholm,Stockholm,Sweden,https://experiment101.com/,NOVO
Fatshark,Developer,Stockholm,Stockholm,Sweden,https://www.fatshark.se,NOVO
Feeble Minds,Developer,Gothenburg,Vastra Gotaland,Sweden,https://feebleminds.se/,NOVO
Feral Flame Studios,Developer,Skelleftea,Vasterbotten,Sweden,https://www.feralflamestudios.com/,NOVO
Filimundus,Developer,Stockholm,Stockholm,Sweden,https://www.filimundus.se,NOVO
FJRD Interactive,Developer,Stockholm,Stockholm,Sweden,https://www.fjrdinteractive.com,NOVO
Flamebait Games,Developer,Skoevde,Vastra Gotaland,Sweden,https://www.flamebaitgames.com,NOVO
Flip For Fate,Developer,Stockholm,Stockholm,Sweden,https://flipforfate.com/,NOVO
Flotsam Interactive,Developer,Malmo,Scania,Sweden,https://flotsaminteractive.com/,NOVO
Folded Fox,Developer,Malmo,Scania,Sweden,https://www.foldedfox.games/,NOVO
Fragbite,Developer and Publisher,Stockholm,Stockholm,Sweden,https://fragbitegroup.com/,NOVO
Frame Break (Amplifier Game Invest),Developer,Skoevde,Vastra Gotaland,Sweden,https://framebreak.se/,NOVO
Frictional Games,Developer,Helsingborg,Scania,Sweden,https://www.frictionalgames.com,NOVO
Friendly Foe Games,Developer,Stockholm,Stockholm,Sweden,https://www.friendlyfoe.se/,NOVO
Frogsong Studios,Developer,Malmo,Scania,Sweden,https://frogsong-studios.com/,NOVO
Frostbite (Electronic Arts),Developer,Stockholm,Stockholm,Sweden,https://www.ea.com/frostbite,NOVO
Frostcore,Developer,Skoevde,Vastra Gotaland,Sweden,https://frostcore.se/,NOVO
Frostrok,Developer,Stockholm,Stockholm,Sweden,https://www.frostrok.com/,NOVO
Sonomio Games,Developer,Valladolid,Valladolid,Spain,https://sonomiogames.com/,NOVO
Super PowerUp Games,Developer,Barcelona,Catalonia,Spain,https://superpowerup.com/,NOVO
Tama Games,Developer,Valencia,Valencia,Spain,https://www.tamagames.com,NOVO
Tanuki Game Studio,Developer and Publisher,Barcelona,Catalonia,Spain,https://www.tanukigamestudio.com,NOVO
Teku Studios,Developer,Teruel,Aragon,Spain,https://www.tekustudios.com/eng/,NOVO
The Game Kitchen,Developer,Santa Cruz de Tenerife,Canary Islands,Spain,https://www.thegamekitchen.com,NOVO
The Game Kitchen,Developer,Seville,Seville,Spain,https://www.thegamekitchen.com,NOVO
Thruster Games,Developer,Barcelona,Catalonia,Spain,https://thrustergames.itch.io/,NOVO
Timeless Games,Developer,Madrid,Madrid,Spain,https://sordonom.wixsite.com/timelessgames/,NOVO
Tiny Moon Team,Developer,Madrid,Madrid,Spain,https://www.tinymoon.es,NOVO
Topotoy Labs,Developer,Madrid,Madrid,Spain,https://topotoy.com/,NOVO
Triple O Games,Developer,Santa Cruz de Tenerife,Canary Islands,Spain,https://tripleogames.com/,NOVO
Troglobytes Games,Developer,Barcelona,Catalonia,Spain,https://troglobytesgames.com/,NOVO
Tsunoa Games,Developer,Alicante,Alicante,Spain,https://tsunoagames.com/,NOVO
Ubisoft Barcelona,Developer and Publisher,Barcelona,Catalonia,Spain,https://www.ubisoft.com,NOVO
Uncasual Games,Developer,Barcelona,Catalonia,Spain,https://ancient-cities.com/,NOVO
Undercoders,Developer,Barcelona,Catalonia,Spain,https://www.undercoders.com,NOVO
Unfinished Pixel,Developer,Barcelona,Catalonia,Spain,https://www.unfinishedpixel.com,NOVO
Vermila Studios,Developer and Publisher,Madrid,Madrid,Spain,https://vermila.com/,NOVO
Vertical Robot,Developer,Madrid,Madrid,Spain,https://www.verticalrobot.com/,NOVO
Virtway,Developer,Oviedo,Asturias,Spain,https://www.virtway.com,NOVO
Voragine Game Studios,Developer,Madrid,Madrid,Spain,https://voraginestudios.com/,NOVO
Weird Beluga,Developer,Madrid,Madrid,Spain,https://clidthesnail.wixsite.com/presskit,NOVO
Weird Beluga Studios,Developer,Barcelona,Catalonia,Spain,https://weirdbeluga.com/,NOVO
Wild Sphere,Developer,Valencia,Valencia,Spain,https://www.wildsphere.es,NOVO
Zeptolab,Developer and Publisher,Barcelona,Catalonia,Spain,https://www.zeptolab.com/,NOVO
Zerouno Games,Developer and Publisher,Madrid,Madrid,Spain,https://zerounogames.com/,NOVO
Zinkia Madrid,Developer,Madrid,Madrid,Spain,https://www.zinkia.com/,NOVO
Zomorro Studio,Developer,Irun,Gipuzkoa,Spain,https://zomorrostudio.itch.io/,NOVO
Frozen Dev,Developer,Stockholm,Stockholm,Sweden,https://frozendev.com/,NOVO
Fula Fisken,Developer,Stockholm,Stockholm,Sweden,https://www.fulafisken.se,NOVO
FunDoubler,Developer,Hagersten,Stockholm,Sweden,https://fundoubler.com/,NOVO
G5 Entertainment,Developer and Publisher,Stockholm,Stockholm,Sweden,https://www.g5e.com,NOVO
Gamatron,Developer,Visby,Gotland,Sweden,https://x.com/songsofsyx,NOVO
Game Boost Sweden,Developer,Umea,Norrland,Sweden,https://www.gameboost.se/,NOVO
Gameport,Developer,Karlshamn,Blekinge,Sweden,https://www.gameport.se,NOVO
Gamer Realities,Developer,Angelholms kommun,Malmo,Sweden,https://www.gamereality.se/,NOVO
Gamethrill,Developer,Stockholm,Stockholm,Sweden,https://gamethrill.se/,NOVO
Gaming Corps,Developer,Uppsala,Uppland,Sweden,https://www.gamingcorps.com,NOVO
GeoGuessr,Developer,Stockholm,Stockholm,Sweden,https://www.geoguessr.com/,NOVO
Gibbet Games,Developer,Skoevde,Vastra Gotaland,Sweden,https://gibbetgames.com/,NOVO
Gigantic Duck,Developer,Boras,Vastra Gotaland,Sweden,https://giganticduck.com/,NOVO
GOALS,Developer,Stockholm,Stockholm,Sweden,https://studio.playgoals.com/,NOVO
Good Old Pixel,Developer,Borlänge,Borlänge,Sweden,https://www.goodoldpixel.com/,NOVO
Graewolv,Developer,Linkoping,Ostergotland,Sweden,https://graewolv.com/,NOVO
Green Leap Games,Developer,Stockholm,Stockholm,Sweden,https://www.greenleapgames.com/,NOVO
Grenaa Games,Developer,Vinslov,Scania,Sweden,https://grenaagames.com/,NOVO
Grey Tower,Developer,Kramfors,Vasternorrland,Sweden,https://www.greytowerstudios.com/,NOVO
Greyish Games,Developer,Kungalv,Vastra Gotaland,Sweden,https://www.greyishgames.com,NOVO
Hadoque,Developer,Gothenburg,Vastra Gotaland,Sweden,https://ultrosgame.com/,NOVO
Haenir Studio,Developer,Malmo,Scania,Sweden,https://haenir.studio/,NOVO
Hazel Interval,Developer,Malmo,Scania,Sweden,https://www.hazelinterval.com/,NOVO
Hazelight,Developer,Hoganas,Scania,Sweden,https://www.hazelight.se,NOVO
Hazelight,Developer,Stockholm,Stockholm,Sweden,https://www.hazelight.se,NOVO
Head Coach Games,Developer,Tranas,Småland,Sweden,https://www.headcoachgames.se/,NOVO
Hello There Games,Developer,Gothenburg,Vastra Gotaland,Sweden,https://hellotheregames.com/,NOVO
Hex Foundry Entertainment,Developer,Skelleftea,Vasterbotten,Sweden,https://hexfoundry.se/,NOVO
Hexfront,Developer,Stockholm,Stockholm,Sweden,https://hexfrontgames.com/,NOVO
Hitbox Games,Developer,Stockholm,Stockholm,Sweden,https://www.hitboxgames.se/,NOVO
House of How Sweden,Developer,Boden,North Bothnia,Sweden,https://www.houseofhow.com,NOVO
Housefire Games,Developer,Gothenburg,Vastra Gotaland,Sweden,https://housefiregames.com/,NOVO
Hyperspeed Entertainment,Developer,Stockholm,Stockholm,Sweden,https://hyperspeed.se/,NOVO
Icehelm,Developer,Malmo,Scania,Sweden,https://www.icehelm.com,NOVO
Ichigoichie,Developer,Stockholm,Stockholm,Sweden,https://ichigoichie.games/,NOVO
IDUN Interactive,Developer,Stockholm,Stockholm,Sweden,https://iduninteractive.com/,NOVO
Imaginative Ones,Developer,Malmo,Scania,Sweden,https://imaginativeones.com/,NOVO
Impact Unified,Developer,Malmo,Scania,Sweden,https://www.impactunified.com/,NOVO
Imperial Playgrounds,Developer,Gothenburg,Vastra Gotaland,Sweden,https://imperialplaygrounds.com/,NOVO
InDirection Games,Developer,Gothenburg,Gotaland,Sweden,https://indirectiongames.com/,NOVO
INNTQ,Developer,Almhult,Småland,Sweden,https://www.inntq.com/,NOVO
Insanto Studios,Developer,Forshaga,Varmland,Sweden,https://www.insantostudios.com/,NOVO
Iron Gate Studio (Coffee Stain),Developer,Skoevde,Vastra Gotaland,Sweden,https://www.irongatestudio.se,NOVO
ISBIT Games,Developer,Stockholm,Stockholm,Sweden,https://isbitgames.com/,NOVO
Iterative Studios,Developer,Visby,Gotland,Sweden,https://nordicandia.com/,NOVO
Jammerdal Games,Developer,Stockholm,Stockholm,Sweden,https://decrepitgame.com/,NOVO
JE Software,Developer,Kristianstad,Scania,Sweden,https://www.jesoftware.se/,NOVO
JETEBRA Games,Developer,Skoevde,Vastra Gotaland,Sweden,https://jetebra.se/,NOVO
Jumpgate,Developer and Publisher,Stockholm,Stockholm,Sweden,https://jumpgategames.se/,NOVO
Kaguya Project,Developer and Publisher,Malmo,Scania,Sweden,https://www.kaguyaproject.com/,NOVO
Keepsake Games,Developer,Stockholm,Stockholm,Sweden,https://www.keepsake.games,NOVO
Killmonday Games,Developer,Hedemora,Dalarna,Sweden,https://killmondaygames.com/,NOVO
Kinda Brave Entertainment,Developer and Publisher,Uppsala,Uppland,Sweden,https://www.kindabrave.com/,NOVO
Kiwick Studios,Developer,Falun,Dalarna,Sweden,https://kiwickstudios.com/,NOVO
Konjak,Developer,Jonkoping,Småland,Sweden,https://konjak.org/,NOVO
Kreator Studios,Developer,Stockholm,Stockholm,Sweden,https://kreatorgroup.se/,NOVO
Orsak Verkan,Developer,Stockholm,Stockholm,Sweden,https://www.orsakverkan.com/,NOVO
Outbreak Studios,Developer,Stockholm,Stockholm,Sweden,https://www.outbreakstudios.se/,NOVO
Overkill Software (Starbreeze),Developer,Stockholm,Stockholm,Sweden,https://www.overkillsoftware.com,NOVO
Oxeye Game Studio,Developer,Johanneshov,Stockholm,Sweden,http://www.oxeyegames.com/,NOVO
Pathos Interactive,Developer,Gothenburg,Vastra Gotaland,Sweden,https://www.pathosinteractive.net,NOVO
Pathos Interactive,Developer,Gothenburg,Vastra Gotaland,Sweden,https://pathosinteractive.net/Company/,NOVO
Pax6 Games,Developer,Gothenburg,Vastra Gotaland,Sweden,http://www.pax6games.com/home,NOVO
Perfect Random,Developer,Stockholm,Stockholm,Sweden,https://perfectrandom.se/,NOVO
Pigs Will Fly Studios,Developer,Jonkoping,Småland,Sweden,https://pigswillflystudios.com/,NOVO
Piktiv,Developer,Skoevde,Vastra Gotaland,Sweden,https://piktiv.com/,NOVO
Pixel Ferrets,Developer,Visby,Gotland,Sweden,https://secretsofgrindea.com/,NOVO
Pixel Night,Developer,Stockholm,Stockholm,Sweden,https://www.empathygame.org,NOVO
Pixel Tales,Developer,Stockholm,Stockholm,Sweden,https://www.pixeltales.com/,NOVO
Plausible Concept,Developer,Malmo,Scania,Sweden,https://www.plausibleconcept.com,NOVO
Pointless Games,Developer,Stockholm,Stockholm,Sweden,https://www.pointlessgames.net/,NOVO
Polysoup Interactive,Developer,Skelleftea,Vasterbotten,Sweden,https://polysoup.dev/,NOVO
Pounce Light,Developer,Stockholm,Stockholm,Sweden,https://pouncelight.games/,NOVO
Power Challenge,Developer,Linkoping,Ostergotland,Sweden,,NOVO
Powersnake,Developer,Brakne-Hoby,Blekinge,Sweden,https://powersnakegames.com/,NOVO
Psychic Sidekick,Developer,Malmo,Scania,Sweden,https://www.psychic-sidekick.com/,NOVO
Pugstorm,Developer,Linkoping,Ostergotland,Sweden,https://pugstorm.eu/,NOVO
Punkzilla,Developer,Stockholm,Stockholm,Sweden,https://www.combodevils.com/,NOVO
QuadArk Studio,Developer,Karlskoga,Varmland,Sweden,https://www.quadarkstudio.com/,NOVO
Quite Fresh Games,Developer,Hudiksvall,Halsingland,Sweden,https://www.quitefreshgames.com,NOVO
Raven Aktiebolag,Developer,Gothenburg,Vastra Gotaland,Sweden,https://www.ravenab.se/,NOVO
Razzleberries,Developer,Stockholm,Stockholm,Sweden,https://razzleberri.es/,NOVO
Recycled Humans,Developer,Stockholm,Stockholm,Sweden,https://recycledhumans.ai/,NOVO
Red Rose Interactive,Developer,Stockholm,Stockholm,Sweden,https://redroseinteractive.weebly.com/,NOVO
Redbeet Interactive,Developer,Skoevde,Vastra Gotaland,Sweden,https://www.redbeetinteractive.com,NOVO
Redikod,Developer,Malmo,Scania,Sweden,https://www.redikod.com,NOVO
Refold Games,Developer and Publisher,Stockholm,Stockholm,Sweden,https://www.refold.io/,NOVO
Resolution Games,Developer,Linkoping,Ostergotland,Sweden,https://resolutiongames.com/,NOVO
Resolution Games,Developer and Publisher,Stockholm,Stockholm,Sweden,https://resolutiongames.com/,NOVO
Retronator,Developer,Tingsryd,Småland,Sweden,https://www.retronator.com/,NOVO
Rift Consulting,Developer and Publisher,Stockholm,Stockholm,Sweden,https://www.riftgaming.gg/,NOVO
Rightsized Games,Developer,Stockholm,Stockholm,Sweden,https://www.rightsizedgames.com/,NOVO
RimeLime,Developer,Stockholm,Stockholm,Sweden,http://rimelime.com/,NOVO
River End Games (Embracer Group),Developer,Gothenburg,Vastra Gotaland,Sweden,https://www.riverendgames.com,NOVO
Rock A Role Games,Developer,Stockholm,Stockholm,Sweden,https://www.rockarolegames.com/,NOVO
Rockheart Studios,Developer,Gothenburg,Vastra Gotaland,Sweden,https://www.rockheartstudios.com/,NOVO
Roden Games,Developer,Stockholm,Stockholm,Sweden,https://rodengames.com/,NOVO
Rusty Pug Entertainment,Developer,Stockholm,Stockholm,Sweden,https://rustypug.com/,NOVO
Rymdfall,Developer,Stockholm,Stockholm,Sweden,https://rymdfall.com/,NOVO
Sailing Bears Studio,Developer,Stockholm,Stockholm,Sweden,https://sailingbear.com/,NOVO
Scion Studios,Developer,Stockholm,Stockholm,Sweden,https://www.scionstudios.se/,NOVO
Screenput,Developer,Linkoping,Ostergotland,Sweden,https://www.screenput.com/,NOVO
Section 9 Interactive,Developer,Malmo,Scania,Sweden,https://www.section9interactive.com/,NOVO
semiwork,Developer,Uppsala,Uppland,Sweden,https://semiwork.se/,NOVO
Sharkmob,Developer,Malmo,Scania,Sweden,https://www.sharkmob.com,NOVO
She Was Such a Good Horse,Developer,Malmo,Scania,Sweden,https://shewassuchagoodhorse.com/,NOVO
Shellander Games,Developer,Nacka,Stockholm,Sweden,https://www.shellander.se/,NOVO
Short Circuit Studios,Developer,Stockholm,Stockholm,Sweden,https://www.shortcircuitstudio.com/,NOVO
Shortfuse Games,Developer,Skoevde,Vastra Gotaland,Sweden,https://www.shortfuse.se,NOVO
Silent Factory,Developer,Skelleftea,Vasterbotten,Sweden,https://silentfactory.gg/,NOVO
Simogo,Developer,Malmo,Scania,Sweden,https://www.simogo.com,NOVO
Simple Magic Studios,Developer,Stockholm,Stockholm,Sweden,https://simplemagicstudios.com/,NOVO
Skildra,Developer,Munkfors,Varmland,Sweden,https://skildra.se/,NOVO
SkyGoblin,Developer,Gothenburg,Vastra Gotaland,Sweden,https://skygoblin.com/,NOVO
Sleipner Games,Developer,Stockholm,Stockholm,Sweden,https://sleipnergames.com/,NOVO
Slugware Games,Developer,Karlshamn,Blekinge,Sweden,https://slugware.se/,NOVO
Snowprint Studios,Developer,Stockholm,Stockholm,Sweden,https://snowprintstudios.com/,NOVO
Solid Block of Power,Developer,Skoevde,Vastra Gotaland,Sweden,https://www.solidblockofpower.se/,NOVO
Something We Made Games,Developer,Karlshamn,Blekinge,Sweden,https://www.somethingwemade.se,NOVO
Soupmasters,Developer,Gothenburg,Vastra Gotaland,Sweden,https://soupmasters.com/,NOVO
Sparrowland,Developer,Boden,Norrboten,Sweden,https://www.sparrowland.studio/,NOVO
Speldosa Interactive,Developer,Skoevde,Vastra Gotaland,Sweden,https://www.speldosa.com/,NOVO
Spinoff Games,Developer,Skelleftea,Vasterbotten,Sweden,https://spinoffgames.se/,NOVO
Square Dreams,Developer,Stockholm,Stockholm,Sweden,https://www.squaredreamsmc.com/,NOVO
Starbreeze Studios,Developer,Stockholm,Stockholm,Sweden,https://www.starbreeze.com,NOVO
Stormteller Games,Developer,Gothenburg,Vastra Gotaland,Sweden,https://lostinrandom.com/,NOVO
Studio 555,Developer,Stockholm,Stockholm,Sweden,https://studio555.io/,NOVO
Studio Far Out Games,Developer,Gothenburg,Vastra Gotaland,Sweden,https://www.faroutgamestudio.com/,NOVO
Studio Malosi,Developer,Gothenburg,Vastra Gotaland,Sweden,https://conceptart.my.canva.site/studiomalosi,NOVO
Studio Northshade,Developer,Gothenburg,Vastra Gotaland,Sweden,https://northshade.se/,NOVO
Subfrost Interactive,Developer,Skoevde,Vastra Gotaland,Sweden,https://subfrost.se/,NOVO
Sudden Snail,Developer,Skoevde,Vastra Gotaland,Sweden,https://suddensnail.com/,NOVO
SULLY,Developer,Stockholm,Stockholm,Sweden,https://linktr.ee/artofsully,NOVO
Sysiac Games,Developer,Nykoping,Sodermanland,Sweden,https://www.sysiac.com/,NOVO
Systemic Reaction (Avalanche Studios Group),Developer,Malmo,Scania,Sweden,https://avalanchestudios.com/divisions/systemic-reaction/,NOVO
Tableflip Entertainment,Developer,Visby,Gotland,Sweden,https://tableflip.nu/,NOVO
Tale Maker Productions,Developer,Stockholm,Stockholm,Sweden,https://talemaker.se/,NOVO
Tarsier Studios (Embracer Group),Developer,Malmo,Scania,Sweden,https://www.tarsier.se,NOVO
Team Velocita,Developer,Karlstad,Varmland,Sweden,https://www.teamvelocita.com/,NOVO
Tension Technology,Developer,Falun,Dalarna,Sweden,https://www.tension.se/,NOVO
TENSTACK,Developer,Stockholm,Stockholm,Sweden,https://tenstackstudios.com/,NOVO
Teotl Studios,Developer,Uppsala,Uppland,Sweden,http://www.teotlstudios.com/,NOVO
The Bearded Ladies,Developer,Trollhattan,Vastra Gotaland,Sweden,https://thebeardedladies.se/,NOVO
The Fine Arc Nordic,Developer,Umea,Norrland,Sweden,https://thefinearc.com/,NOVO
The Fully Arcade,Developer,Goteborg,Goteborg,Sweden,https://www.thefullyarcade.com/,NOVO
The GD Studio,Developer,Stockholm,Stockholm,Sweden,https://www.diabotical.com,NOVO
The Mindball Company,Developer,Stockholm,Stockholm,Sweden,https://www.mindball.se/,NOVO
The Notlanders,Developer,Boden,North Bothnia,Sweden,https://thenotlanders.com/,NOVO
The Nuttery Entertainment,Developer,Karlstad,Varmland,Sweden,https://nutteryentertainment.com/,NOVO
The Sleeping Machine,Developer,Malmo,Scania,Sweden,http://www.thedreammachine.se/,NOVO
Therese Kristoffer Publishing,Developer,Linkoping,Ostergotland,Sweden,https://theresekristoffer.com/,NOVO
Three Gates,Developer,Visby,Gotland,Sweden,https://www.threegates.se,NOVO
Thriving Ventures,Developer,Stockholm,Stockholm,Sweden,https://thrivingventures.com/,NOVO
Thunderful Karlshamn,Developer and Publisher,Karlshamn,Blekinge,Sweden,https://thunderfulgames.com/,NOVO
Thunderful Malmo,Developer and Publisher,Malmo,Scania,Sweden,https://thunderfulgames.com/,NOVO
Thunderful Skovde,Developer and Publisher,Skoevde,Vastra Gotaland,Sweden,https://thunderfulgames.com/,NOVO
TTK Games,Developer,Stockholm,Stockholm,Sweden,https://ttkgames.com/,NOVO
Tuxedo Labs,Developer,Malmo,Scania,Sweden,https://tuxedolabs.com/,NOVO
Ubisoft Stockholm,Developer and Publisher,Stockholm,Stockholm,Sweden,https://stockholm.ubisoft.com/,NOVO
Uncloudy Labs,Developer,Gothenburg,Vastra Gotaland,Sweden,https://dreamtangovr.com/,NOVO
