estudio,cidade,provincia,url,status_navegador,http,achado,observacao_curta
88 Pictures,Toronto,Ontario,http://88.pictures/,VIVO,200,JOBWORD,"""Skip to content 88 PICTURES PLAYME Animation VFX Games Content Creation Company WHAT WE DO We envision stories and engineer imagery by creating experiences that resonates universally. We create stori"
AIC Studios,Toronto,Ontario,http://www.aicstudios.ca/careers/,VIVO,200,JOBWORD,"""HOME ABOUT WORK PRESS CLIENTS CAREERS CONTACT CAREERS SENIOR SIMULATION FX ARTISTS - AIC Movie / AIC Studios is looking for talented Simulation FX Artists to join our team in Toronto to work on featu"
Accomplice Content Supply,Halifax,Nova Scotia,http://www.accomplicecontent.ca/careers/,VIVO,200,JOBWORD,"""FEATURED PORTFOLIO PEOPLE CAREERS CONTACT CURRENT OPENINGS GOT THE CHOPS? LET’S TALK Don’t see your dream job listed above? No stress. We’re always into meeting exciting people doing awesome s#!t in "
Alter Ego,Toronto,Ontario,http://www.alteregopost.com/careers/,VIVO,200,DISCIPLINA JOBWORD,"""Menu Do great work. Be kind. It’s really that simple at Alter Ego. Contact LOS ANGELES 3211 PICO BLVD. SANTA MONICA, CA 90405 424-209-8331 TORONTO 488 WELLINGTON ST. W, 4th FL TORONTO, ON M5V 1E3 416"
Animatrik Film Design,Vancouver,British Columbia,http://animatrik.com/,VIVO,200,,"""Skip to Content About Projects Services Blog Contact Performance Capture & Real-Time Filmmaking Video is not available or format is not supported. Try a different browser. Recent Projects View fullsi"
Arc VFX,Vancouver,British Columbia,https://www.arcvfx.com/opportunities,VIVO,404,JOBWORD,"""SERVICES WHY US FEATURED WORKS TEAM CONTACT US REAL-TIME VISUAL EFFECTS FOR FILM + TELEVISION ARCVFX IS A MOBILE, VIRTUAL PRODUCTION SERVICES COMPANY BASED IN VANCOUVER, BC. Leveraging decades of exp"
Atmosphere Visual Effects,Toronto,Ontario,http://www.atmosphere-vfx.com/jobs,VIVO,200,JOBWORD,"""HOME ABOUT SHOWREELS SHOWS JOBS CONTACT OPPORTUNITIES Thank you for your interest. Below is a variety of different job opportunities. SENIOR COMPOSITING ARTIST SENIOR FX ARTIST MENU Home About Showre"
Big Bad Boo Studios,Vancouver,British Columbia,http://bigbadboo.ca/careers,VIVO,200,JOBWORD,"""OUR SHOWS EDUCATION UNICEF WORK ACCOLADES NEWS ABOUT US CONTACT US Current Openings At Big Bad Boo Studios, we are always looking for talent in the animation industry. Whether you are a writer, chara"
Big Blue Bubble,London,Ontario,http://www.bigbluebubble.com/careers/,VIVO,200,JOBWORD,"""Home About Careers Games Store Merch Support Careers Find out what it's like to work at our studio Inclusivity. Honesty. Creativity. The core values that shape our studio and make it a great place to"
Big Studios,Toronto,Ontario,http://www.bigstudios.com/,VIVO,200,,"""Skip to Content Home About Work Contact WATCH THE FULL REEL ▶ Big Studios is a multi-award-winning artist-driven animation studio based in the heart of Toronto, Canada. Strategy We anticipate future "
By the Booth,Toronto,Ontario,http://bythebooth.com/contact/,VIVO,200,,"""Case Studies About Insights Start a Project Put your brand ideas social content website app brand in motion Have a campaign, launch, product story, or complex message that needs to move? Tell us what"
Cartoon Conrad Productions,Beaver Bank,Nova Scotia,http://cartoonconrad.com/,VIVO,200,JOBWORD,"""Home Team Productions Creations Contact/Jobs Reel Social More than just an animation studio! We are located on a beautiful and secluded woodland property in Beaver Bank near Halifax, Nova Scotia. Cen"
Certain Affinity,Toronto,Ontario,http://www.certainaffinity.com/career/,VIVO,200,JOBWORD,"""Skip to content What We Do Our Work Company Careers News Work With Us CAREERS Without extraordinarily talented people, we would not succeed. Come join our team. COME KICK ASS AND MAKE GAMES Advanced "
Chuck Gammage Animation,Hamilton,Ontario,http://www.cganim.com/,VIVO,200,,"""Our WorkAboutContact Characters tell the story Studio Chuck Gammage Animation is an award-winning boutique animation studio in downtown Toronto. We bring stories to life by creating unique 2D animati"
Classy Yak,Vancouver,British Columbia,https://www.classyyak.com/jobs,VIVO,502,,"""bridge error Hostname/IP does not match certificate's altnames: Host: www.classyyak.com. is not in the cert's altnames: DNS:*.squarespace.com, DNS:squarespace.com, DNS:*.campaign-preferences.com, DNS"
Clipwire Games,Toronto,Ontario,https://www.clipwiregames.com/careers,VIVO,404,JOBWORD,"""COPYRIGHT © 2026 CLIPWIRE GAMES ABOUT GAMES WE’RE HIRING! CONTACT PRIVACY POLICY TERMS OF SERVICE DO NOT SELL MY PERSONAL INFORMATION By using this website, you agree to our use of cookies. We use co"
Coal Car Studio,Vancouver,British Columbia,https://www.coalcar.ca/careers,VIVO,200,JOBWORD,"""HOME ABOUT SERVICES TEAM WORK ACCOLADES CAREERS CONTACT We're looking for you! Coal Car Studio is an award-winning Vancouver-based team passionate about immersive technology and pioneering new ways t"
Codename Entertainment,Victoria,British Columbia,http://www.codenameentertainment.com/,VIVO,200,JOBWORD,"""Codename Entertainment uses cookies to track your activity and keep you logged in while you're on our website. If you do not consent to our use of cookies in accordance with our Privacy Policy, pleas"
Craftshop Arts,Burnaby,British Columbia,http://www.craftshop-arts.com/,VIVO,200,,"""Skip to content Craft Arts Casinos Blog Contact Mad Streets Mad Streets, set to release in 2020 for all major platforms starting with Steam, promises an exhilarating experience for players seeking la"
Creative Storm Entertainment,Calgary,Alberta,https://www.creativestormentertainment.com/jobs,VIVO,404,,"""We couldn't find the page you were looking for. This is either because: There is an error in the URL entered into your web browser. Please check the URL and try again. The page you are looking for ha"
Deluxe VFX,Toronto,Ontario,http://www.bydeluxe.com/careers,VIVO,200,JOBWORD,"""Skip to Content What We Do Who We Are Careers English Contact Us CAREERS DISCOVER YOUR OPPORTUNITY TO ACCELERATE THE ERA OF ENTERTAINMENT. Investing in people is our top priority and ensures we have "
DoubleDot Studios,Toronto,Ontario,http://www.doubledot-studios.com/,VIVO,200,,"""Home What we are known for Projects Demo Reels School Contact Us About Us Adorable lovely characters, delightful designs, smooth beautiful animates, becoming more experienced with each project, unfor"
Down Smash Studios,Toronto,Ontario,http://www.downsmashstudios.com/#/home,VIVO,200,JOBWORD,"""Games About Careers Contact Rodent Rumble is coming soon! Play with friends and battle through a series of games to be the squirrel on top! www.rodentRumble.com wishlist on Steam JOIN US ON DISCORD ©"
Embreate,Toronto,Ontario,http://embreate.com/join-us/,VIVO,404,JOBWORD,"""Skip to Content About Our Services Projects Creator Coaching News 0 COLLABORATE WITH US We couldn't find the page you were looking for. This is either because: There is an error in the URL entered in"
Emerald City Games,Vancouver,British Columbia,https://www.emeraldcitygames.ca/careers,VIVO,404,,"""By using this website, you agree to our use of cookies. We use cookies to provide you with a great experience and to help our website run effectively. Decline Accept Skip to Content Home Games About "
Fort York VFX,Toronto,Ontario,http://www.fortyork.tv/,VIVO,200,,"""Skip to Content WORK VFX COLOUR ABOUT PARAMOUNT+ Crime Goat ROGERS TIFF 50 BMO Window Washers PARAMOUNT+ Gladiator COLOUR REEL 2025 ROGERS XFINITY All At Once PEPSICO | LAY’S The Bet KRAFT Pure Pour "
Fun Square VFX Productions,Vancouver,British Columbia,http://fun2pro.com/,VIVO,200,DISCIPLINA JOBWORD,"""Home Projects About Partners Showreel Contact DISCOVER OUR WORK \""DARC\"" \""You Me Her\"" \""Rocky Mountain Christmas\"" \""Somewhere Between\"" \""Date with Love\"" \""Chesapeake Shores\"" GET TO KNOW US Fun "
Fusion CI Studios,Vancouver,British Columbia,http://fusioncis.com/,VIVO,200,JOBWORD,"""Work with us! FUSION C I STUDIOS... FUSION C I STUDIOS... OUR DESIGN COLLECTION... OUR DESIGN COLLECTION... OUR PHILOSOPHY... OUR PHILOSOPHY... Unique. Innovative. Extraordinary. We believe the combi"
Go2 Productions,Vancouver,British Columbia,http://www.go2productions.com/,VIVO,200,JOBWORD,"""Skip to content Services Portfolio Blog About More Contact Immersive Experiences for Events Conferences Branding Marketing Entertainment Tradeshows Everything. Changing the way people experience the "
Gus VFX (aka IGLOO),Toronto,Ontario,http://www.gusvfx.com/igloo/,VIVO,200,JOBWORD,"""PROJECTS Production Profile Reels Breakdowns btx IGLOO IGLOO is a boutique visual effects, design and film studio located in the heart of Toronto /// KEY PEOPLE /// Gustavo Fernandes // Visual Effect"
Hatch Studios,Toronto,Ontario,http://hatchstudios.com/,VIVO,200,,"""HOME ABOUT US PROCESS STYLES SERVICES INDUSTRIES WORK BLOG LOCATIONS CONTACT Animation & Motion Graphics Animated Video Production Services As a leading animation & motion graphics studio in Toronto,"
Head Gear Animation,Toronto,Ontario,http://www.headgearanimation.com/,VIVO,200,,"""Head Gear offers all kinds of visual delights for clients around the world. Work Techniques The Production Process 2D Animation Stop Motion Animation Live Action/Combo Mixed Media About Us Get In Tou"
Hydraulx,Vancouver,British Columbia,http://www.hydraulx.com/,VIVO,200,JOBWORD,"""NEWS OUR WORK ABOUT CONTACT CAREERS instagram facebook twitter linkedIn imdb NEWS OUR WORK ABOUT CONTACT CAREERS instagram facebook twitter linkedIn imdb VIEW COMPANY REEL VIEW PROJECT RAMPAGE VIEW P"
Intelligent Creatures,Toronto,Ontario,https://intelligent-creatures.breezy.hr/,VIVO,404,JOBWORD,"""breezy 404 There's no career portal here We couldn't find a career portal at this address. It may have moved, or the company may no longer be hiring with Breezy HR. If you followed a link to a job po"
Kindly Beast,Ottawa,Ontario,https://kindlybeast.com/jobs,VIVO,502,,"""bridge error Hostname/IP does not match certificate's altnames: Host: kindlybeast.com. is not in the cert's altnames: DNS:*.squarespace.com, DNS:squarespace.com, DNS:*.campaign-preferences.com, DNS:c"
LPX Digital,Toronto,Ontario,http://www.lpxdigital.com/,VIVO,200,,"""We use cookies Our website uses cookies to ensure proper functionality, enhance user experience, and analyze traffic. By clicking “Accept All,” you consent to the use of cookies in accordance with ou"
Linetest,Vancouver,British Columbia,http://linetest.tv/,VIVO,200,,"""Skip to Content Home Projects About Fun Contact Video is not available or format is not supported. Try a different browser. Linetest elevates brands through the craft of illustration & animation. Mor"
Loogaroo,Miramichi,New Brunswick,http://www.loogaroo.com/,VIVO,200,,"""Animated fun for hire Bio | Crew | Contact Up Late with Stewie and Brian Technique Run Rap Off Music Video Prefab! Documentary Three Delivery TV Series Axe Cop TV Series Mall America Non Broadcast De"
Look Mom! Productions,Toronto,Ontario,http://lookmomproductions.com/,VIVO,200,JOBWORD,"""Skip to main content BLUE ANT MEDIA Nothing connects like a good story. INVESTOR RELATIONS ABOUT US CORPORATE MANAGEMENT TEAM BOARD OF DIRECTORS OUR NEWS CAREERS GLOBAL CHANNELS + STREAMING GLOBAL CH"
Lookout,Toronto,Ontario,http://lookoutcontent.com/home,VIVO,404,,"""404. THE PAGE IS NOT FOUND. 404. THE PAGE IS NOT FOUND. 404. THE PAGE IS NOT FOUND. 404. THE PAGE IS NOT FOUND. 404. THE PAGE IS NOT FOUND. 404. THE PAGE IS NOT FOUND. 404. THE PAGE IS NOT FOUND. 404"
Lucky VR,Toronto,Ontario,https://lucky-vr.breezy.hr/,VIVO,404,JOBWORD,"""breezy 404 There's no career portal here We couldn't find a career portal at this address. It may have moved, or the company may no longer be hiring with Breezy HR. If you followed a link to a job po"
Lux Visual Effects,Vancouver,British Columbia,http://www.luxvfx.com/,VIVO,200,,"""WORK MASKERADE CONTACT LUX VFX BOUTIQUE SHOW REEL LUX VISUAL EFFECTS HOME WORK MASKERADE 14 - 38936 QUEENS WAY SQUAMISH, BC. V8B 0V2 info@luxvfx.com 604-608-0589 LET'S MAKE VFX MAGIC! We always love "
META Productions,Calgary,Alberta,https://www.metaproductions.ca/,VIVO,502,,"""bridge error Hostname/IP does not match certificate's altnames: Host: www.metaproductions.ca. is not in the cert's altnames: DNS:*.squarespace.com, DNS:squarespace.com, DNS:*.campaign-preferences.com"
Mavericks VFX,Toronto,Ontario,http://mavericks-vfx.com/opportunities/,VIVO,200,JOBWORD,"""SKIP TO CONTENT ABOUT WORK OPPORTUNITIES CREATIVE SERVICES CONTACT Opportunities We’d love to hear from you if you’ve got what it takes to join our team! Take a look at the postings below to find out"
Merge Motion,Vancouver,British Columbia,http://mergemotion.com/jobs/,VIVO,404,,"""Home Over ons Producten Elektrische aandrijflijn CANbus-BOX EasyDC Contact Home Over ons Producten Elektrische aandrijflijn CANbus-BOX EasyDC Contact Neem contact op 555-555-5555 mijnmail@mailservice"
Metanaut,Vancouver,British Columbia,http://metanautvr.com/careers/,VIVO,200,JOBWORD,"""ABOUT PROJECTS BLOG CONTACT CAREERS ABOUT PROJECTS BLOG CONTACT CAREERS Hello 👋🏻 At Metanaut, you’ll work on ground-breaking VR / AR / MR experiences using cutting-edge technologies. Take a look arou"
Nelvana Studio,Toronto,Ontario,http://www.corusent.com/corus-careers/,VIVO,200,JOBWORD,"""Corus Entertainment Menu Work with US Great careers begin here. EXPLORE OPPORTUNITIES What We Do. As Canada’s leading pure-play media and content powerhouse, you’ll recognize our brands across a mult"
New Realm Studios,Toronto,Ontario,http://www.newrealmstudios.ca/en,VIVO,200,,"""Skip to content OUR WORKS ABOUT US New Realm Studios Inc. started in Toronto in 2010. We make TV shows and online content in Chinese, and people all over the world can watch them. We want everyone wh"
Nexus Media,Vancouver,British Columbia,http://nexusmedias.com/careers.html,VIVO,200,JOBWORD,"""Home Paragon Kingdom: Arena Monster Warrior: Adventure Octo Pirate Careers About Us Contact Sitemap Careers We are looking for highly passionate talents to join our experienced team to deliver world "
Occupied VR,Toronto,Ontario,http://occupiedvr.com/,VIVO,200,,"""Complex designs, for effortless experiences. oc·cu·pied OC·CU·PIED OC·CU·PIED Occupied makes the highest-quality virtual and mixed reality experiences for multiple platforms and viewing experiences. "
PIP Animation Studios,Ottawa,Ontario,http://www.pipanimation.com/w5/,VIVO,200,JOBWORD,"""Logo HOME INSIDE PIP TV SERIES FEATURES & ONE-OFFS SHOWREEL BUZZ CONTACT US Jamie's Paper Train Get your ticket and hang on tight Kit The Kat & Dot \""Purr-fectly Rude Awakening\"" Cyberchase XV Help J"
Pix Ray VFX,Toronto,Ontario,http://pixray.ca/contact,VIVO,200,JOBWORD,"""Skip to Content HOME WORK ABOUT CONTACT JOIN US Have a potential project or collaboration that you’d like to discuss, reach out to studio@pixray.ca Get in Touch Creating Immersive Visual Experiences "
Pixel Eye Pictures,Vancouver,British Columbia,http://pixeleyepictures.com/,VIVO,200,JOBWORD,"""HOME WORK SERVICES ABOUT US PORTAL FILM FINANCE CONTACT CAREERS FILM TELEVISION REAL-TIME Established in 2010, Pixel Eye Pictures is a fully secure and integrated Cloud-based production studio and cr"
Prime Focus World,Vancouver,British Columbia,http://www.primefocusworld.com/vancouver-careers/,VIVO,200,JOBWORD,"""SUBSCRIBE BOLASLOT88 News Nusaraya Jagat Literasi Cahaya Tekno Otomotif Bola Lifestyle Tren Lestari Health Money Properti Edukasi Travel BOLASLOT88: Edukasi Seputar Pola Slot Online Unggulan Hari Ini"
Psyop Vancouver,Vancouver,British Columbia,http://www.psyop.com/careers,VIVO,404,JOBWORD,"""WORK STUDIOS ABOUT PSYOP CONTACT 404 NOT FOUND Page not found: /careers Back PSYOP MEDIA GROUP © 2026 PSYOP INSIDE PSYOP’S NEW MEDIA GROUP WHERE INDEPENDENCE IS “TRUE DIFFERENTIATOR” • INSIDE PSYOP’S"
Pulp Studios,Edmonton,Alberta,http://www.pulpstudios.ca/,VIVO,200,JOBWORD,"""BOUNDLESS CREATIVITY ENDLESS POSSIBILITIES ILLUSTRATION An artistic behemoth; creating world class illustrations with a focus on craft and storytelling. DESIGN Creative minds marinated in a nutrient "
Pureblink,Toronto,Ontario,http://pureblink.com/main/,VIVO,403,,"""pureblink.com Performing security verification This website uses a security service to protect against malicious bots. This page is displayed while the website verifies you are not a bot. Ray ID: a37"
RAC7,Vancouver,British Columbia,http://rac7.com/,VIVO,200,JOBWORD,"""Live the life of a Sasquatch and do mischievous everyday Sasquatch activities like: sneak around campsites, disguise yourself in human clothing, eat food from unguarded picnic baskets, and more! Get "
REDLAB,Toronto,Ontario,https://www.redlabto.com/careers/,VIVO,404,JOBWORD,"""Skip to content Home About Our Team Contact Our Work Careers Sorry, but the page you were trying to view does not exist. Back to Homepage Email. Call. Send Us a Pigeon. We love talking shop. Fill out"
Red Iron Labs,Calgary,Alberta,http://www.redironlabs.com/about/careers/,VIVO,200,JOBWORD,"""Skip to content RED IRON LABS ABOUT EDUCATION HEALTHCARE GAMES BLOG Search Home » Careers CAREERS JOINING RED IRON Are you looking to join a creative technology company? We are looking for folx who a"
Relish Studios,Ottawa,Ontario,https://reli.sh/careers/,VIVO,403,,"""reli.sh Performing security verification This website uses a security service to protect against malicious bots. This page is displayed while the website verifies you are not a bot. Ray ID: a37240858"
Reptoid Games,Toronto,Ontario,http://www.reptoidgames.com/,VIVO,200,,"""ABOUT GAMES CLIENTS CONTACT REPTOID GAMES is an award-winning full-service game production studio specializing in 2D and 3D animation, gameplay programming and visual polish. We make original games a"
Respawn Entertainment,Vancouver,British Columbia,http://www.respawn.com/careers/,VIVO,404,JOBWORD,"""GAMES GAMES STUDIO STUDIO CULTURE CULTURE CAREERS CAREERS INTERNSHIPS INTERNSHIPS NEWS NEWS CAREERS JOIN OUR TEAM BUILDING THE FUTURE OF GAMING FIND JOBS BY: GROUP > TEAM > LOCATION > FIND JOBS FIND "
SPIN VFX,Toronto,Ontario,http://www.spinvfx.com/careers/,VIVO,200,JOBWORD,"""/CAREERS art meets ARTIST TORONTO ATLANTA CURRENT OPENINGS HR Manager Work With Us Work With Us At SPINVFX, we’re always on the lookout for passionate and talented individuals like you to join our dy"
Scarab Digital,Vancouver,British Columbia,http://scarabdigital.com/careers/,VIVO,200,JOBWORD,"""Skip to main content RENTALS VIEW ALL RENTALS CATEGORIES MODERN TV’S MODERN COMPUTER PERIOD COMPUTER PERIOD TV’S LAPTOPS & MOBILE SECURITY & BROADCAST LED WALLS & DISPLAYS PROJECTORS AND LENSES TRANS"
Secret Location,Toronto,Ontario,https://secret-location.breezy.hr/,VIVO,404,JOBWORD,"""breezy 404 There's no career portal here We couldn't find a career portal at this address. It may have moved, or the company may no longer be hiring with Breezy HR. If you followed a link to a job po"
Slap Happy Cartoons,Vancouver,British Columbia,http://slaphappycartoons.com/careers/,VIVO,200,JOBWORD,"""Studio Our Team Work Careers News Media Contact Us Careers We’re always on the lookout for talented artists to join our amazing team! < = SLAP HAPPY CARTOONS is a boutique studio that prides itself o"
Sleeping Giant,Toronto,Ontario,http://sleepinggiantgames.com/jobs.html,VIVO,404,,"""Skip to Content Co-Dev About Our Team We couldn't find the page you were looking for. This is either because: There is an error in the URL entered into your web browser. Please check the URL and try "
Smoking Gun Interactive,Vancouver,British Columbia,http://www.smokingguninc.com/careers/,VIVO,200,JOBWORD,"""HOME STUDIO GAMES NEWS CONTACT CAREERS X-twitter Facebook-f Linkedin JOIN US VIEW ROLES WELCOME TO SGI When you join us, you’ll be working in a tight-knit team of passionate, talented professionals w"
Snowman,Toronto,Ontario,http://builtbysnowman.com/jobs/,VIVO,200,JOBWORD,"""SNOWMAN STORE JOBS ABOUT CONTACT PODCAST BLOG JOBS AT SNOWMAN Snowman is a small studio at the center of artful experiences. Whether as a developer or creative partner, their goal has always been the"
Soft Rains,Toronto,Ontario,https://www.softrains.games/work-with-us,VIVO,500,,"""Whoops \\ Exception \\ ErrorException (E_WARNING) Undefined variable $includeDraft COPY HIDE Stack frames (21) 20 Whoops\\Exception\\ErrorException /home/softrain/public_html/site/snippets/header.php"
SquareShip,Toronto,Ontario,http://squareship.com/,VIVO,200,,"""Hello! We are SquareShip :) Say Hello To Us! >> WE ARE STORYTELLERS At Squareship we aren’t just motion graphics experts, we’re storytellers. We look at your audience and your message, and we weave i"
Stitch Media,Toronto,Ontario,http://stitch.media/,VIVO,200,JOBWORD,"""Projects Careers Team Contact   WE TELL STORIES WITH TECHNOLOGY We've been at the cutting edge of interactive storytelling for over 15 years We collaborate with creative and technical teams to achi"
Stormborn Studios,Vancouver,British Columbia,http://stormbornvfx.com/,VIVO,200,JOBWORD,"""STORMBORN STUDIOS Home Showreel About Contact Emmy Winner 2023 Outstanding Special Visual Effects In A Single Episode 5 Days at Memorial - Day Two Emmy Winner 2025 Outstanding Special Visual Effects "
Studio Feather,Toronto,Ontario,http://studiofeather.com/,VIVO,200,,"""VFX COLOR MOTION INFO PRESIDENT'S CHOICE VFX FENTY X PUMA VFX / COLOR NISSAN VFX / COLOR FEATHER IS A CREATIVE POST-PRODUCTION STUDIO AT THE INTERSECTION OF VFX, COLOR, AND MOTION DESIGN. MCDONALD'S "
Tactic Studios,London,Ontario,http://www.tacticstudios.com/careers.php,VIVO,200,JOBWORD,"""Competitive Salaries Full Benefits Package No Mandated Overtime Remote Work No job postings available at this time ABOUT CAREERS GAMES © Tactic Studios Inc. KILLER INN © SQUARE ENIX / Tokyo Broadcast"
Taqqut Productions,Toronto,Ontario,http://taqqut.com/careers/,VIVO,200,JOBWORD,"""Skip to content Taqqut Productions Films & Television About News Educators Careers Contact The Shaman’s Apprentice in Contention for an Oscar Nomination! FEBRUARY 7, 2022 ᐊᖓᒃᑯᒃᓴᔭᐅᔪᖅ: ᐊᖓᒃᑰᑉ ᐃᓕᓐᓂᐊᖅᑎᖓ ᐱ"
Thalmic Labs,Kitchener,Ontario,http://thalmiclabs.applytojob.com/apply/,VIVO,200,JOBWORD,"""Sign In Products Compare Resources Company Request Demo Pricing Trying to apply for a job? Please read before you proceed JazzHR is an applicant tracking system (ATS) – software that businesses use t"
The Kobold Collective,Toronto,Ontario,https://www.thekoboldcollective.com/jobs,VIVO,404,,"""Skip to Content About Contact Media Team Upcoming Events We couldn't find the page you were looking for. This is either because: There is an error in the URL entered into your web browser. Please che"
Toonrush,Toronto,Ontario,http://toonrush.com/,VIVO,200,,"""Skip to Content ANIMATION GAMES VIRTUAL REALITY LIBRARY DEVELOPMENT CONTACT We create animated stories, games, & virtual reality experiences We are passionate about storytelling and immersive experie"
Torn Banner Studios,Toronto,Ontario,http://www.tornbanner.com/careers/,VIVO,200,JOBWORD,"""Skip to content HOME WHO WE ARE CAREERS OUR STORY CULTURE & BENEFITS NEWS CAREERS BENEFITS REMOTE FRIENDLY We remain committed to offering a 100% work-from-home option, with in-office options availab"
Torpedo Pictures,Toronto,Ontario,http://www.torpedopictures.ca/,VIVO,200,JOBWORD,"""Log In Show Reel Our Work Careers Contact Bringing Visions to Life Welcome to Torpedo Pictures, where we bring your visions to life through stunning visual effects. Our team of talented artists provi"
Tower33 VFX,Vancouver,British Columbia,https://tower33vfx.com/,VIVO,403,,"""tower33vfx.com Performing security verification This website uses a security service to protect against malicious bots. This page is displayed while the website verifies you are not a bot. Ray ID: a3"
Trickfilm Entertainment Inc.,Vancouver,British Columbia,https://www.trickfilm.com/,VIVO,404,,"""Site Not Found Why am I seeing this? There are a few potential reasons: You haven't deployed an app yet. You may have deployed an empty directory. This is a custom domain, but we haven't finished set"
UFX Studios,Vancouver,British Columbia,http://www.umedia.eu/en/jobs-vfx/,VIVO,200,JOBWORD,"""COOKIES MORE INFO MENU WHAT WE DO OUR PROJECTS NEWS JOIN US CONTACT EN FR JOIN US We are constantly looking for new fun and motivated coworkers! By joining us, you’ll join a company that strives for "
Vitality VFX,Vancouver,British Columbia,http://vitalityvfx.com/,VIVO,200,JOBWORD,"""HOME WORK ABOUT CAREERS CONTACT Vitality VFX - Visual Effects Studio View our work Get in touch Featured work SNOW WHITE Film THE LITTLE MERMAID Film STRANGER THINGS SEASON 3 TV Series THE WITCHER SE"
Vérité Films,Toronto,Ontario,http://veritefilms.ca/,VIVO,200,,"""SKIP TO CONTENT Shows News About Contact Be with Zee Corner Gas Corner Gas: The Movie The Governor General's Performing Arts Awards Insecurity Corner Gas Animated Louise Lives Large Renegade Press Th"
Wind Sun Sky Entertainment,Vancouver,British Columbia,http://www.windsunsky.com/careers/,VIVO,200,JOBWORD,"""Search Services Projects About Us Blog WORK WITH US About Us Wind Sun Sky is a next-generation content studio. Women-led, tech-forward, and dedicated to creating innovative, multi-platform stories th"
Bardel Entertainment,Kelowna,British Columbia,https://bardel.ca/careers/,PAREDE_REAL,403,,"""403 Forbidden"""
Legend3D,Toronto,Ontario,https://legend3d.com/careers/,PAREDE_REAL,403,,"""Sorry, you have been blocked You are unable to access legend3d.com Why have I been blocked? This website is using a security service to protect itself from online attacks. The action you just perform"
Akimbo Creations,Vancouver,British Columbia,https://www.akimbocreation.com/,DOMINIO_MORTO,404,,"""Create a Website This domain isn't connected to a site If this domain is yours, head to your Wix dashboard from a desktop device and check the Domains page. Dreaming of your own domain? Claim one now"
CGTale Studio,Coquitlam,British Columbia,http://cgtalestudio.com/,DOMINIO_MORTO,404,,"""Create a Website This domain isn't connected to a site If this domain is yours, head to your Wix dashboard from a desktop device and check the Domains page. Dreaming of your own domain? Claim one now"
IUGO,Vancouver,British Columbia,http://www.iugome.com/careers.html,DOMINIO_MORTO,200,,"""Trustpilot iugome.com is parked free, courtesy of GoDaddy.com. Get This Domain Copyright © 1999-2026 GoDaddy, LLC. All rights reserved. Privacy Policy Disclaimer: References to any specific company, "
Stompy Bot,Saint John,New Brunswick,http://www.stompybot.com/,DOMINIO_MORTO,200,,"""Questions? +1-303-893-0552 Captcha security check stompybot.com is for sale Please prove you're not a robot View Price Dedicated to customer care 30-day money back guarantee Talk to a domain expert: "
Stormy Shore Studios,Paradise,Newfoundland,https://www.stormyshore.com/,DOMINIO_MORTO,404,,"""Create a Website This domain isn't connected to a site If this domain is yours, head to your Wix dashboard from a desktop device and check the Domains page. Dreaming of your own domain? Claim one now"
The Vineyard VFX,Vancouver,British Columbia,https://www.thevineyardvfx.com/careers,DOMINIO_MORTO,404,,"""Create a Website This domain isn't connected to a site If this domain is yours, head to your Wix dashboard from a desktop device and check the Domains page. Dreaming of your own domain? Claim one now"
4L Games,Toronto,Ontario,https://www.4lgames.com/careers,VAZIO_OU_JS,404,,"""Website Expired This account has expired. If you are the site owner, click below to login."""
A-Game Studios,Toronto,Ontario,http://agamestudios.ca/jobs.php,VAZIO_OU_JS,404,,"""Website Expired This account has expired. If you are the site owner, click below to login."""
Albedo Informatics,Toronto,Ontario,http://www.thisislarge.com/,VAZIO_OU_JS,502,,"""bridge error read ECONNRESET"""
Animism Studios,Vancouver,British Columbia,https://www.animism.studio/,VAZIO_OU_JS,502,,"""bridge error read ECONNRESET"""
Armstrong White,Toronto,Ontario,http://www.armstrong-white.com/recruitment/,VAZIO_OU_JS,502,,"""bridge error read ECONNRESET"""
Awesometown Entertainment,Toronto,Ontario,http://www.awesometownent.ca/careers,VAZIO_OU_JS,502,,"""bridge error read ECONNRESET"""
BRON Studios,Vancouver,British Columbia,https://bronstudios.com/careers,VAZIO_OU_JS,525,,"""error code: 525"""
Beyond Capture,Vancouver,British Columbia,https://www.beyond-capture.com/careers/,VAZIO_OU_JS,404,,"""ERROR: PAGE NOT FOUND 404 This page isn’t available. Go to Homepage"""
CVD VFX,Vancouver,British Columbia,http://cvdvfx.com/Contact,VAZIO_OU_JS,502,,"""upstream dial failed"""
Canuck Play,Peterborough,Ontario,http://canuckplay.com/careers/,VAZIO_OU_JS,404,,"""Website Expired This account has expired. If you are the site owner, click below to login."""
Charm Games,Vancouver,British Columbia,http://www.charmgames.com/careers/,VAZIO_OU_JS,404,,"""GAMES TEAM PLAYTESTS CREATORS COMMUNITY CONTACT The page you're looking for do not exist. Are you sure of your reality? BACK TO CHARM GAMES"""
CityVFX,St Catharines,Ontario,http://www.cityfx.ca/,VAZIO_OU_JS,502,,"""upstream dial failed"""
Clartoons,Toronto,Ontario,http://clartoons.com/,VAZIO_OU_JS,502,,"""upstream dial failed"""
Cloudhead Games,Vancouver,British Columbia,https://www.cloudheadgames.com/careers,VAZIO_OU_JS,404,,"""ERROR: PAGE NOT FOUND 404 This page isn’t available. Go to Homepage"""
Coyle Digital,Toronto,,https://coylefilms.com/,VAZIO_OU_JS,400,,"""use CONNECT"""
Crystal Insight,Vancouver,British Columbia,http://crystalinsight.com/jobs/,VAZIO_OU_JS,502,,"""upstream dial failed"""
Dacosta!,Vancouver,British Columbia,http://chocolatesoop.com/,VAZIO_OU_JS,502,,"""bridge error read ECONNRESET"""
Dark Shadow VFX,Vancouver,British Columbia,https://www.darkshadowvfx.com/page-2/,VAZIO_OU_JS,404,,"""Not Found The requested URL was not found on this server. Additionally, a 404 Not Found error was encountered while trying to use an ErrorDocument to handle the request."""
Darkhorse10,Vancouver,British Columbia,https://www.darkhorse10.com/jobs/,VAZIO_OU_JS,502,,"""upstream dial failed"""
Deluxe Animation Studios,Toronto,Ontario,https://bydeluxe.wd5.myworkdayjobs.com/Deluxe_Animation_External,VAZIO_OU_JS,404,,"""English Page not found. The URL you have provided is invalid. Please contact the Workday Administrator at your company if you require assistance. © 2026 Workday, Inc. All rights reserved."""
Digital Leisure,Richmond Hill,Ontario,http://digitalleisure.com/,VAZIO_OU_JS,502,,"""bridge error write EPROTO C0BCEF49AC7F0000:error:0A0000C6:SSL routines:tls_get_more_records:packet length too long:../deps/openssl/openssl/ssl/record/methods/tls_common.c:660:"""
Digital Ronin,Halifax,Nova Scotia,http://digitalronin.ca/,VAZIO_OU_JS,200,,"""Home Work Services Contact See more of our work on Vimeo. Contact Not readable? Change text. SUBMIT Copyright All Rights Reserved © 2015"""
DreamCraft Attractions,Vancouver,British Columbia,http://www.dreamcraftattractions.com/careers,VAZIO_OU_JS,504,,"""error code: 504"""
Finger Food Studios,Calgary,Alberta,https://www.fingerfoodstudios.com/careers/,VAZIO_OU_JS,502,,"""upstream dial failed"""
Fire-Point Interactive,Burnaby,British Columbia,https://www.firepointgames.com/,VAZIO_OU_JS,502,,"""upstream dial failed"""
Fluxscopic,Kitchener,Ontario,http://fluxscopic.com/,VAZIO_OU_JS,502,,"""bridge error socket hang up"""
Flying Car Productions,Vancouver,British Columbia,http://www.flyingcarproductions.com/,VAZIO_OU_JS,502,,"""upstream dial failed"""
Frame Lab Studios,Vancouver,British Columbia,http://framelabstudios.com/,VAZIO_OU_JS,502,,"""bridge error Client network socket disconnected before secure TLS connection was established"""
Galavant VFX,Vancouver,British Columbia,https://galavantvfx.com/,VAZIO_OU_JS,502,,"""bridge error read ECONNRESET"""
Gallus Entertainment,Sudbury,Ontario,http://www.gallusentertainment.com/recruitment.php,VAZIO_OU_JS,502,,"""upstream dial failed"""
Gener8,Vancouver,British Columbia,https://www.gener8.com/careers/,VAZIO_OU_JS,502,,"""upstream dial failed"""
Get Set Games,Toronto,Ontario,https://www.getsetgames.com/careers,VAZIO_OU_JS,404,,"""Page Not Found The page you are looking for does not exist or may have been moved. Back to Home"""
Goh Van,Vancouver,British Columbia,https://www.goh-van.com/career,VAZIO_OU_JS,502,,"""upstream dial failed"""
Herne Hill Media,Toronto,Ontario,https://hernehill.com/careers/jobs/,VAZIO_OU_JS,404,,"""Skip to content The page can’t be found. It looks like nothing was found at this location. HOME 171 East Liberty Street, Unit 220 Toronto, Ontario M6K 3P6"""
Icejam,Charlottetown,Prince Edward Island,http://icejam.com/jobs/,VAZIO_OU_JS,502,,"""bridge error read ECONNRESET"""
ImagineDreams Studios,Edmonton,Alberta,https://imaginedreams.ca/careers/,VAZIO_OU_JS,502,,"""upstream dial failed"""
Jumb-O-Fun Games,Kelowna,British Columbia,http://www.jumbofungames.com/jobs/,VAZIO_OU_JS,404,,"""Not Found The requested URL was not found on this server. Additionally, a 404 Not Found error was encountered while trying to use an ErrorDocument to handle the request."""
JumpStart Games,Vancouver,British Columbia,http://www.jumpstart.com/aboutus/careers,VAZIO_OU_JS,502,,"""upstream dial failed"""
KOKO Productions,Vancouver,British Columbia,http://kokoproductions.com/#welcome,VAZIO_OU_JS,200,,"""WHAT WE DO WHO WE ARE CONTACT See sound differently. A NOTE FROM THEA SITE BY: DZINENMOTION.COM"""
Little Tugboat,Toronto,Ontario,http://littletugboat.com/ltb2/,VAZIO_OU_JS,502,,"""upstream dial failed"""
Lofty Sky,Toronto,Ontario,http://loftysky.com/contact-us/,VAZIO_OU_JS,500,,"""Error establishing a database connection"""
Loki Visual Effects,Toronto,Ontario,http://www.lokivfx.com,VAZIO_OU_JS,502,,"""upstream dial failed"""
Loud Roar Productions,Toronto,Ontario,https://loudroarproductions.com/,VAZIO_OU_JS,502,,"""upstream dial failed"""
Lunarch Studios,Toronto,Ontario,http://lunarchstudios.com/#careers,VAZIO_OU_JS,502,,"""bridge error certificate has expired"""
MARZ VFX,Toronto,Ontario,https://monstersaliensrobotszombies.humi.ca/job-board,VAZIO_OU_JS,404,,"""Job Board Job Board Not Configured English (Canada)"""
Mad Snow Studios,Ottawa,Ontario,http://madsnowstudios.ca/,VAZIO_OU_JS,502,,"""upstream dial failed"""
Mark Media,Toronto,Ontario,http://www.markmedia.co/careers/,VAZIO_OU_JS,502,,"""bridge error Hostname/IP does not match certificate's altnames: Host: www.markmedia.co. is not in the cert's altnames: DNS:museum.mminternals.com, DNS:web2.mminternals.com"""
Morro Images,St Catharines,Ontario,http://www.morroimages.com/,VAZIO_OU_JS,502,,"""bridge error write EPROTO C0BCEF49AC7F0000:error:0A000438:SSL routines:ssl3_read_bytes:tlsv1 alert internal error:../deps/openssl/openssl/ssl/record/rec_layer_s3.c:918:SSL alert number 80"""
Nanu Interactive,Vancouver,British Columbia,http://nanuinteractive.com/,VAZIO_OU_JS,200,,"""Nanu Interactive This site exists as a simple corporate home page. © Nanu Interactive."""
New Machine Studios,Calgary,Alberta,http://www.newmachinestudios.com/,VAZIO_OU_JS,200,,"""New Machine Studios ...will be back. We're making a new site so watch these floating bubbles for now."""
Nilian Studios,Toronto,Ontario,https://nilianstudios.ca/,VAZIO_OU_JS,502,,"""upstream dial failed"""
OATS STUDIOS,Vancouver,British Columbia,http://oatsstudios.com/,VAZIO_OU_JS,200,,"""Contact Watch Anthem Bad President Rakka Firebase Zygote ADAM God Cooking With Bill Gdansk Kapture Praetoria LIMA © 2026 Serscha Studios Ltd. All Rights Reserved."""
Pixels & Coffee Media,Cambridge,Ontario,http://www.pixelsncoffee.com/,VAZIO_OU_JS,502,,"""upstream dial failed"""
PolyPixel Design,Vancouver,British Columbia,http://www.polypixel3d.com/,VAZIO_OU_JS,200,,""""""
QI Software,Calgary,Alberta,https://jobs.qi.games/jobs,VAZIO_OU_JS,502,,"""upstream dial failed"""
Rival Schools,Vancouver,British Columbia,http://rivalschools.tv/,VAZIO_OU_JS,502,,"""bridge error certificate has expired"""
Serious Labs,Edmonton,Alberta,http://seriouslabs.com/about-us/careers/,VAZIO_OU_JS,404,,"""Not Found"""
Side Street Post,Vancouver,British Columbia,http://www.sidestreetpost.com/,VAZIO_OU_JS,404,,"""Website Expired This account has expired. If you are the site owner, click below to login."""
Silver Dice Games,Vancouver,British Columbia,https://www.silverdice.ca/careers,VAZIO_OU_JS,404,,"""Skip to main content Skip to navigation SILVER DICE GAMES 404 The page you have entered does not exist Go to site home Google Sites Report abuse"""
Sloan Motion Pictures,Whitby,Ontario,http://sloanmotionpictures.com/,VAZIO_OU_JS,200,,"""Sloan Motion Pictures info@sloanmotionpictures.com"""
Smiley Guy Studios,Toronto,Ontario,http://www.smileyguy.com/contact/,VAZIO_OU_JS,502,,"""bridge error write EPROTO C0BCEF49AC7F0000:error:0A000410:SSL routines:ssl3_read_bytes:ssl/tls alert handshake failure:../deps/openssl/openssl/ssl/record/rec_layer_s3.c:918:SSL alert number 40"""
Snowball Studios,Toronto,Ontario,https://snowball.bamboohr.com/jobs/,VAZIO_OU_JS,400,,"""use CONNECT"""
Solstice Studios,Vancouver,British Columbia,https://solstice-studios.com/careers/,VAZIO_OU_JS,500,,""""""
Someone's Cousin,Toronto,Ontario,http://www.someonescousin.com/contact-us/,VAZIO_OU_JS,404,,"""ERROR: PAGE NOT FOUND 404 This page isn’t available. Go to Homepage"""
Star Fort Games,Ottawa,Ontario,https://www.starfortgames.com/careers,VAZIO_OU_JS,404,,"""404: Not Found We couldn’t find that page, please check the URL and try again."""
Stray Titan Studio,Vancouver,British Columbia,https://www.straytitanstudio.com/,VAZIO_OU_JS,404,,"""Website Expired This account has expired. If you are the site owner, click below to login."""
Switch VFX & Animation,Toronto,Ontario,http://www.switchvfx.com/,VAZIO_OU_JS,200,,"""Site Not Found Well, this is awkward. The site you're looking for is not here. Is this your site? Get more info or contact support. DreamHost"""
TOPIX Animation,Toronto,Ontario,http://www.topixfx.com/,VAZIO_OU_JS,502,,"""bridge error certificate has expired"""
That Animation Company,Halifax,Nova Scotia,https://thatanimationcompany.com/,VAZIO_OU_JS,502,,"""bridge error read ECONNRESET"""
The Other End,Toronto,Ontario,https://www.theotherend.ca/join-us,VAZIO_OU_JS,502,,"""bridge error Hostname/IP does not match certificate's altnames: Host: www.theotherend.ca. is not in the cert's altnames: DNS:*.prod.sxb1.secureserver.net, DNS:prod.sxb1.secureserver.net"""
The Sawmill,Vancouver,British Columbia,http://thesawmill.ca/,VAZIO_OU_JS,404,,"""Website Expired This account has expired. If you are the site owner, click below to login."""
The VFX Cloud,Vancouver,British Columbia,https://vfxcloud.com/recruiting.html,VAZIO_OU_JS,404,,"""404 This page could not be found."""
Tiny Titan Studios,London,Ontario,http://www.tinytitanstudios.com/careers,VAZIO_OU_JS,502,,"""upstream dial failed"""
Umbral Entertainment,Vancouver,British Columbia,http://www.umbralentertainment.com/,VAZIO_OU_JS,502,,"""bridge error certificate has expired"""
VAANDAL Creative Inc.,Toronto,Ontario,http://www.vaandal.com/,VAZIO_OU_JS,404,,"""404. So long, and thanks for all the fish."""
Victory Arts,Ottawa,Ontario,http://victoryarts.com/,VAZIO_OU_JS,200,,"""MAIN VICTORY ARTS OUR BRANDS WHAT'S NEW"""
Wonderlust,Halifax,Nova Scotia,https://www.wonderlustmedia.ca/info,VAZIO_OU_JS,404,,"""404 Page not found The page you are looking for doesn't exist or has been moved."""
XCAVE Real-time Studio,Vancouver,British Columbia,https://www.xcave.cc/,VAZIO_OU_JS,502,,"""upstream dial failed"""
