id,title,location,type,department,url
208365,Videogame Tester - Dutch,"Madrid, Spain",Temporary - with Benefits (EU & Malaysia),EA Studios - Localization,https://jobs.ea.com/en_US/careers/JobDetail/Videogame-Tester-Dutch/208365
209716,"Senior Director, Executive Compensation","Redwood City, United States of America",Regular Employee,People Experience & Workplaces,https://jobs.ea.com/en_US/careers/JobDetail/Senior-Director-Executive-Compensation/209716
209831,"Head of Product Experience, FC","Vancouver, Canada",Regular Employee,EA Studios - Quality Verification,https://jobs.ea.com/en_US/careers/JobDetail/Head-of-Product-Experience-FC/209831
211515,Senior Site Reliability Engineer I,"Hyderabad, India",Regular Employee,CT - Infrastructure & Platform,https://jobs.ea.com/en_US/careers/JobDetail/Senior-Site-Reliability-Engineer-I/211515
211550,Lead Product Manager,"Toronto, Canada",Regular Employee,EA Mobile - Glu,https://jobs.ea.com/en_US/careers/JobDetail/Lead-Product-Manager/211550
211830,Senior AI Solutions Lead (Software Quality),"Bucharest, Romania",Regular Employee,EA Studios - Quality Verification,https://jobs.ea.com/en_US/careers/JobDetail/Senior-AI-Solutions-Lead-Software-Quality/211830
212011,"Director, Player Experience (PX) Research","Los Angeles - Del Rey, United States of America",Regular Employee,EA Studios - Quality Verification,https://jobs.ea.com/en_US/careers/JobDetail/Director-Player-Experience-PX-Research/212011
212025,Videogame Tester - French,"Madrid, Spain",Temporary - with Benefits (EU & Malaysia),EA Studios - Localization,https://jobs.ea.com/en_US/careers/JobDetail/Videogame-Tester-French/212025
212057,Associate Creative Director - Battlefield,"Stockholm, Sweden",Regular Employee,Marketing,https://jobs.ea.com/en_US/careers/JobDetail/Associate-Creative-Director-Battlefield/212057
212117,Senior Software Engineer - Generalist (Foundations) (Apex Legends),"Los Angeles - Chatsworth, United States of America",Regular Employee,EA Studios - Respawn,https://jobs.ea.com/en_US/careers/JobDetail/Senior-Software-Engineer-Generalist-Foundations-Apex-Legends/212117
212201,Machine Learning Engineer III,"Kirkland, United States of America",Regular Employee,CT - Security,https://jobs.ea.com/en_US/careers/JobDetail/Machine-Learning-Engineer-III/212201
212271,Production Director,"Edmonton, Canada",Regular Employee,EA Studios - BioWare,https://jobs.ea.com/en_US/careers/JobDetail/Production-Director/212271
212301,Detection Engineer,"Guildford, United Kingdom",Regular Employee,CT - Security,https://jobs.ea.com/en_US/careers/JobDetail/Security-Detection-Engineer/212301
212350,Senior Software Engineer - On Device Machine Learning,"Guildford, United Kingdom",Regular Employee,CT - Frostbite,https://jobs.ea.com/en_US/careers/JobDetail/Senior-Software-Engineer-On-Device-Machine-Learning/212350
212368,Experienced Rendering Software Engineer - FC,"Vancouver, Canada",Regular Employee,EA Studios - SPORTS,https://jobs.ea.com/en_US/careers/JobDetail/Software-Engineer-EA-SPORTS-FC/212368
212414,Tax Manager,"Hyderabad, India",Regular Employee,Finance,https://jobs.ea.com/en_US/careers/JobDetail/Tax-Manager/212414
212507,Experience Designer (Visual Craft and UI) - EA SPORTS™ FC,"Vancouver, Canada",Temporary Employee,EA Studios - SPORTS,https://jobs.ea.com/en_US/careers/JobDetail/Experience-Designer-EA-SPORTS-FC/212507
212689,Development Director -  EA SPORTS™ FC,"Bucharest, Romania",Regular Employee,EA Studios - SPORTS,https://jobs.ea.com/en_US/careers/JobDetail/Development-Director-EA-SPORTS-FC/212689
212721,Videogame Tester - Swedish,"Madrid, Spain",Temporary - with Benefits (EU & Malaysia),EA Studios - Localization,https://jobs.ea.com/en_US/careers/JobDetail/Videogame-Tester-Swedish/212721
212723,Videogame Tester - Russian,"Madrid, Spain",Temporary - with Benefits (EU & Malaysia),EA Studios - Localization,https://jobs.ea.com/en_US/careers/JobDetail/Videogame-Tester-Russian/212723
212725,Videogame Tester - Arabic,"Madrid, Spain",Temporary - with Benefits (EU & Malaysia),EA Studios - Localization,https://jobs.ea.com/en_US/careers/JobDetail/Videogame-Tester-Arabic/212725
212771,"Director, Business Strategy","Redwood City, United States of America",Regular Employee,EA Studios - SPORTS,https://jobs.ea.com/en_US/careers/JobDetail/Director-Business-Strategy/212771
212775,Senior Software Engineer - Generalist (Foundations) (Apex Legends),"Los Angeles - Chatsworth, United States of America",Regular Employee,EA Studios - Respawn,https://jobs.ea.com/en_US/careers/JobDetail/Senior-Software-Engineer-Generalist-Foundations-Apex-Legends/212775
212777,Développeur.se sénior.e d’outils /Senior Tools Developer (Apex Legends),"Vancouver - Great Northern Way, Canada",Regular Employee,EA Studios - Respawn,https://jobs.ea.com/en_US/careers/JobDetail/Senior-Tools-Developer-Apex-Legends/212777
212779,Anti-Cheat Engineer,"Austin, United States of America",Regular Employee,CT - Security,https://jobs.ea.com/en_US/careers/JobDetail/Anti-Cheat-Engineer/212779
212806,Directeur principal de l'engagement / Senior Engagement Director,"Montreal, Canada",Regular Employee,EA Studios - Motive Montreal,https://jobs.ea.com/en_US/careers/JobDetail/Senior-Engagement-Director/212806
212954,"Senior Manager, Strategy -- Chief of Staff & Strategic Initiatives","Redwood City, United States of America",Regular Employee,Other,https://jobs.ea.com/en_US/careers/JobDetail/Senior-Manager-Strategy-Chief-of-Staff-Strategic-Initiatives/212954
212993,Software Engineer,"Shanghai, China",Regular Employee,EA Studios - SPORTS,https://jobs.ea.com/en_US/careers/JobDetail/Software-Engineer-I/212993
213108,Systems Engineer - Infrastructure Operations,"Vancouver, Canada",Temporary Employee,CT - IT,https://jobs.ea.com/en_US/careers/JobDetail/Systems-Engineer-Infrastructure-Operations/213108
213134,Anti-Cheat Operations Engineer,"Austin, United States of America",Regular Employee,CT - Security,https://jobs.ea.com/en_US/careers/JobDetail/Anti-Cheat-Operations-Engineer/213134
213141,Développeur.euse de logiciels / Software Developer - BATTLEFIELD QV,"Montreal, Canada",Regular Employee,EA Studios - Quality Verification,https://jobs.ea.com/en_US/careers/JobDetail/Software-Developer-III/213141
213148,Lead Producer - EA SPORTS™ FC,"Vancouver, Canada",Regular Employee,EA Studios - SPORTS,https://jobs.ea.com/en_US/careers/JobDetail/Lead-Producer-EA-SPORTS-FC/213148
213149,Lead Game Product Manager - EA SPORTS™ FC,"Vancouver, Canada",Regular Employee,EA Studios - SPORTS,https://jobs.ea.com/en_US/careers/JobDetail/Lead-Game-Product-Manager-FC/213149
213158,PC Product Producer - EA SPORTS™ FC,"Vancouver, Canada",Regular Employee,EA Studios - SPORTS,https://jobs.ea.com/en_US/careers/JobDetail/PC-Product-Producer-EA-SPORTS-FC/213158
213183,Lead Client Engineer - gameplay,"Shanghai, China",Regular Employee,EA Studios - SPORTS,https://jobs.ea.com/en_US/careers/JobDetail/213183-Lead-GP-Client-Engineer/213183
213466,Anti-Cheat Engineer - Compatibility,"Offsite - Virginia, United States of America",Regular Employee,CT - Security,https://jobs.ea.com/en_US/careers/JobDetail/Anti-Cheat-Engineer-Compatibility/213466
213535,Senior Software Engineer (Devops),"Vancouver, Canada",Regular Employee,CT - IT,https://jobs.ea.com/en_US/careers/JobDetail/Software-Engineer-III/213535
213579,Experience Designer - EA SPORTS™ FC,"Vancouver, Canada",Temporary Employee,EA Studios - SPORTS,https://jobs.ea.com/en_US/careers/JobDetail/Experience-Designer-FC/213579
213580,Data Analyst EA SPORTS™ FC (Game Development Analytics),"Vancouver, Canada",Temporary Employee,EA Studios - SPORTS,https://jobs.ea.com/en_US/careers/JobDetail/Data-Analyst-Game-Development-Analytics/213580
213587,Project Manager (Development Manager),"Seoul, Korea, Republic of",Regular Employee,EA Studios - Quality Verification,https://jobs.ea.com/en_US/careers/JobDetail/QVS-Development-Manager/213587
213594,"Senior Director, FP&A - Enterprise","Redwood City, United States of America",Regular Employee,Finance,https://jobs.ea.com/en_US/careers/JobDetail/Senior-Director-FP-A-Enterprise/213594
213598,Lead Features Designer,"Manchester, United Kingdom",Regular Employee,EA Mobile - Playdemic,https://jobs.ea.com/en_US/careers/JobDetail/Lead-Features-Designer/213598
213608,Marketing Producer,"Vancouver, Canada",Temporary Employee,Marketing,https://jobs.ea.com/en_US/careers/JobDetail/Marketing-Producer/213608
213629,Lead Animation Engineer (Apex Legends),"Vancouver - Great Northern Way, Canada",Regular Employee,EA Studios - Respawn,https://jobs.ea.com/en_US/careers/JobDetail/Lead-Animation-Engineer-Apex-Legends/213629
213630,Full-Stack Software Engineer III,"Vancouver, Canada",Regular Employee,CT - Infrastructure & Platform,https://jobs.ea.com/en_US/careers/JobDetail/Full-Stack-Engineer-EA-Arrival/213630
213658,"Technical Artist, UI - EA SPORTS™ FC","Southam, United Kingdom",Regular Employee,EA Studios - SPORTS,https://jobs.ea.com/en_US/careers/JobDetail/Technical-Artist-UI-EA-SPORTS-FC/213658
213664,Senior Reverse Engineer - Anti Cheat,"Offsite - UK, United Kingdom",Regular Employee,CT - Security,https://jobs.ea.com/en_US/careers/JobDetail/Senior-Reverse-Engineer-Anti-Cheat/213664
213674,Director of Global Communications - Apex Legends,"Los Angeles - Chatsworth, United States of America",Regular Employee,Marketing,https://jobs.ea.com/en_US/careers/JobDetail/Director-of-Global-Communications-Apex-Legends/213674
213700,Gameplay Software Engineer - EA SPORTS™ FC,"Vancouver, Canada",Regular Employee,EA Studios - SPORTS,https://jobs.ea.com/en_US/careers/JobDetail/Gameplay-Software-Engineer-FC/213700
213703,Videogame Tester - Hungarian,"Madrid, Spain",Temporary - with Benefits (EU & Malaysia),EA Studios - Localization,https://jobs.ea.com/en_US/careers/JobDetail/Videogame-Tester-Hungarian/213703
213741,Assistant Producer - EA SPORTS™ FC,"Vancouver, Canada",Regular Employee,EA Studios - SPORTS,https://jobs.ea.com/en_US/careers/JobDetail/Assistant-Producer-EA-SPORTS-FC/213741
213810,Senior Game Designer (AI),"Stockholm, Sweden",Regular Employee,EA Studios - DICE Stockholm,https://jobs.ea.com/en_US/careers/JobDetail/Senior-Game-Designer/213810
213844,Associate Producer - EA SPORTS™ FC,"Vancouver, Canada",Regular Employee,EA Studios - SPORTS,https://jobs.ea.com/en_US/careers/JobDetail/Associate-Producer/213844
213861,Technical Artist (Tools) - EA SPORTS Technology,"Vancouver, Canada",Temporary Employee,EA Studios - SPORTS,https://jobs.ea.com/en_US/careers/JobDetail/Technical-Artist-Tools-EA-SPORTS-Technology/213861
213881,"Director, Franchise Marketing Analytics","Los Angeles - Del Rey, United States of America",Regular Employee,Marketing,https://jobs.ea.com/en_US/careers/JobDetail/Director-Franchise-Marketing-Analytics/213881
213900,"Senior Software Engineer, Machine Learning -  EA SPORTS™ FC","Bucharest, Romania",Regular Employee,EA Studios - SPORTS,https://jobs.ea.com/en_US/careers/JobDetail/Senior-Software-Engineer-Machine-Learning-EA-SPORTS-FC/213900
213966,"Senior Manager, Global Travel","Redwood City, United States of America",Regular Employee,People Experience & Workplaces,https://jobs.ea.com/en_US/careers/JobDetail/Senior-Manager-Global-Travel/213966
213967,JavaScript Software Engineer - EAX,"Stockholm, Sweden",Temporary - with Benefits (EU & Malaysia),EAX,https://jobs.ea.com/en_US/careers/JobDetail/JavaScript-Software-Engineer-EAX/213967
214012,"Assistant Producer - EA SPORTS™ FC Mobile, Business Operations","Vancouver, Canada",Temporary Employee,EA Studios - SPORTS,https://jobs.ea.com/en_US/careers/JobDetail/Assistant-Producer-EA-SPORTS-FC-Mobile-Business-Operations/214012
214027,Software Engineer - Jenkins,"Guildford, United Kingdom",Regular Employee,CT - Operations,https://jobs.ea.com/en_US/careers/JobDetail/Software-Engineer/214027
214057,Développeur.euse de logiciels spécialisés en testabilité / Software Developer in Test,"Redwood City, United States of America",Regular Employee,Other,https://jobs.ea.com/en_US/careers/JobDetail/Software-Developer-in-Test/214057
214114,Development Manager - EA Sports FC,"Vancouver, Canada",Temporary Employee,EA Studios - SPORTS,https://jobs.ea.com/en_US/careers/JobDetail/Development-Manager-EA-Sports-FC/214114
214116,Advanced Data Analyst - EA Sports FC Live,"Vancouver, Canada",Regular Employee,EA Studios - SPORTS,https://jobs.ea.com/en_US/careers/JobDetail/Advanced-Analyst-EA-Sports-FC/214116
214118,Operations Coordinator (12 months contract),"Köln, Germany",Temporary - with Benefits (EU & Malaysia),EA Studios - SPORTS,https://jobs.ea.com/en_US/careers/JobDetail/Operations-Coordinator/214118
214124,EA Sports FC Player Experience Analyst - FC Quality Verification,"Vancouver, Canada",Regular Employee,EA Studios - Quality Verification,https://jobs.ea.com/en_US/careers/JobDetail/EA-Sports-FC-Player-Experience-Analyst/214124
214127,Senior Product Manager,"Melbourne, Australia",Regular Employee,EA Mobile - Firemonkeys,https://jobs.ea.com/en_US/careers/JobDetail/Senior-Product-Manager/214127
214157,"Director, Tax Controversy","Redwood City, United States of America",Regular Employee,Finance,https://jobs.ea.com/en_US/careers/JobDetail/Director-Tax-Controversy/214157
214160,Senior C++ Generalist Software Engineer - Advanced Technology Group,"Vancouver, Canada",Regular Employee,EA Studios - SPORTS,https://jobs.ea.com/en_US/careers/JobDetail/Senior-Software-Engineer/214160
214168,"Technical Director II, Player and Quality Insights","Vancouver, Canada",Regular Employee,EA Studios - Quality Verification,https://jobs.ea.com/en_US/careers/JobDetail/Technical-Director-II-PQI-Technology/214168
214170,Lead Narrative Designer (TFT),"Guildford, United Kingdom",Temporary - with Benefits (EU & Malaysia),EA Studios - Criterion Games,https://jobs.ea.com/en_US/careers/JobDetail/Lead-Narrative-Designer-TFT/214170
214187,DevOps Engineer - EA SPORTS™ TECHNOLOGY,"Vancouver, Canada",Regular Employee,EA Studios - SPORTS,https://jobs.ea.com/en_US/careers/JobDetail/DevOps-Engineer-EA-SPORTS-TECHNOLOGY/214187
214229,Development Director - NHL,"Vancouver, Canada",Regular Employee,EA Studios - SPORTS,https://jobs.ea.com/en_US/careers/JobDetail/Development-Director-NHL/214229
214238,Développeur.se sénior.e de logiciels - Systèmes de rendu/Senior Software Developer,"Montreal, Canada",Regular Employee,CT - Frostbite,https://jobs.ea.com/en_US/careers/JobDetail/Senior-Software-Developer/214238
214246,Development Director,"Vancouver, Canada",Regular Employee,Maxis,https://jobs.ea.com/en_US/careers/JobDetail/Development-Director/214246
214252,Software Engineer III (AI/ML) - EA SPORTS FC,"Vancouver, Canada",Regular Employee,EA Studios - Quality Verification,https://jobs.ea.com/en_US/careers/JobDetail/Software-Engineer-III/214252
214324,Senior Live Ops Designer - EA Sports,"Birmingham, United Kingdom",Regular Employee,EA Studios - SPORTS,https://jobs.ea.com/en_US/careers/JobDetail/Senior-Live-Ops-Designer-EA-Sports/214324
214328,Development Manager,"Kuala Lumpur, Malaysia",Temporary - with Benefits (EU & Malaysia),EA Studios - EA Create,https://jobs.ea.com/en_US/careers/JobDetail/Development-Manager/214328
214330,"Quality Expert - Data Analytics, Lead","Kuala Lumpur, Malaysia",Regular Employee,EA Studios - Quality Verification,https://jobs.ea.com/en_US/careers/JobDetail/Quality-Expert-Data-Analytics-Lead/214330
214345,Live Support Football Production - Opportunity for Students,"Köln, Germany",Temporary Employee,EA Studios - SPORTS,https://jobs.ea.com/en_US/careers/JobDetail/Live-Support-Football-Production-Opportunity-for-Students/214345
214346,Tracking Operator - Opportunity for Students,"Köln, Germany",Temporary Employee,EA Studios - SPORTS,https://jobs.ea.com/en_US/careers/JobDetail/Tracking-Operator-Opportunity-for-Students/214346
214350,Post Match Operator - Opportunity for Students,"Brno, Czechia",Temporary Employee,EA Studios - SPORTS,https://jobs.ea.com/en_US/careers/JobDetail/Post-Match-Operator-Opportunity-for-Students/214350
214690,Senior Data Analyst - EA Sports FC,"Vancouver, Canada",Regular Employee,EA Studios - SPORTS,https://jobs.ea.com/en_US/careers/JobDetail/Data-Analyst/214690
214692,Development Director - EA SPORTS FC,"Vancouver, Canada",Regular Employee,EA Studios - SPORTS,https://jobs.ea.com/en_US/careers/JobDetail/Development-Director-EA-SPORTS-FC/214692
214706,"Senior Manager, Game Capture","Vancouver, Canada",Regular Employee,Marketing,https://jobs.ea.com/en_US/careers/JobDetail/Senior-Manager-Game-Capture/214706
214720,"Senior Product Manager, Creator Tools","Singapore, Singapore",Regular Employee,Other,https://jobs.ea.com/en_US/careers/JobDetail/Senior-Product-Manager-Creator-Tools/214720
214726,Offensive Security Engineer - Red Team,"Orlando, United States of America",Regular Employee,CT - Security,https://jobs.ea.com/en_US/careers/JobDetail/Offensive-Security-Engineer-Red-Team/214726
214727,Capture Artist - Skate,"Vancouver, Canada",Temporary Employee,Marketing,https://jobs.ea.com/en_US/careers/JobDetail/Capture-Artist/214727
214729,Creative Producer,"Vancouver, Canada",Temporary Employee,Marketing,https://jobs.ea.com/en_US/careers/JobDetail/Creative-Producer/214729
214732,Associate Producer - EA SPORTS,"Vancouver, Canada",Temporary Employee,Marketing,https://jobs.ea.com/en_US/careers/JobDetail/Associate-Producer/214732
214738,Senior 3D Art Lead -  FC Mobile,"Shanghai, China",Regular Employee,EA Studios - SPORTS,https://jobs.ea.com/en_US/careers/JobDetail/Senior-3D-Art-Lead-FC-Mobile/214738
214748,Game Security Analyst (Apex Legends),"Vancouver - Great Northern Way, Canada",Regular Employee,EA Studios - Respawn,https://jobs.ea.com/en_US/careers/JobDetail/Game-Security-Analyst-Apex-Legends/214748
214767,Concept Hard Surface Artist - (Apex Legends),"Vancouver - Great Northern Way, Canada",Regular Employee,EA Studios - Respawn,https://jobs.ea.com/en_US/careers/JobDetail/Concept-Hard-Surface-Artist-Apex-Legends/214767
214774,Senior Game Designer - Legends (Apex Legends),"Los Angeles - Chatsworth, United States of America",Regular Employee,EA Studios - Respawn,https://jobs.ea.com/en_US/careers/JobDetail/Senior-Game-Designer-Legends-Apex-Legends/214774
214775,Senior Procedural Technical Artist (Apex Legends),"Vancouver - Great Northern Way, Canada",Regular Employee,EA Studios - Respawn,https://jobs.ea.com/en_US/careers/JobDetail/Senior-Procedural-Technical-Artist-Apex-Legends/214775
214777,Senior Technical Artist - EA SPORTS FC,"Vancouver, Canada",Regular Employee,EA Studios - SPORTS,https://jobs.ea.com/en_US/careers/JobDetail/Senior-Technical-Artist-EA-SPORTS-FC/214777
214780,Senior Environment Technical Artist - EA SPORTS Technology,"Vancouver, Canada",Temporary Employee,EA Studios - SPORTS,https://jobs.ea.com/en_US/careers/JobDetail/Senior-Environment-Technical-Artist-EA-SPORTS-Technology/214780
214788,Software Development Engineer In Test,"Bucharest, Romania",Regular Employee,EA Studios - Quality Verification,https://jobs.ea.com/en_US/careers/JobDetail/Software-Development-Engineer-In-Test/214788
214789,Principal Materials Artist (Apex Legends),"Los Angeles - Chatsworth, United States of America",Regular Employee,EA Studios - Respawn,https://jobs.ea.com/en_US/careers/JobDetail/Principal-Materials-Artist-Apex-Legends/214789
214794,Senior Live Service / Economy Designer,"Vancouver, Canada",Regular Employee,EA Studios - Full Circle,https://jobs.ea.com/en_US/careers/JobDetail/Senior-Live-Service-Economy-Designer/214794
214812,Assistant Gameplay Producer - EA SPORTS FC™ Online,"Seoul, Korea, Republic of",Regular Employee,EA Studios - Mobile Korea,https://jobs.ea.com/en_US/careers/JobDetail/Gameplay-Producer/214812
214813,Senior Systems Engineer - Executive Support,"Redwood City, United States of America",Regular Employee,CT - IT,https://jobs.ea.com/en_US/careers/JobDetail/Senior-Executive-IT-Support-Specialist-II/214813
214825,Game Designer I,"Hyderabad, India",Regular Employee,EA Mobile - Slingshot Games (India),https://jobs.ea.com/en_US/careers/JobDetail/Game-Designer-I/214825
214834,Senior QA Specialist - Multiple roles,"Bogota, Colombia",Regular Employee,EA Studios - Quality Verification,https://jobs.ea.com/en_US/careers/JobDetail/AQD-QD-Multiple-roles/214834
214839,Game Designer - EA SPORTS™ FC,"Vancouver, Canada",Regular Employee,EA Studios - SPORTS,https://jobs.ea.com/en_US/careers/JobDetail/Game-Designer-EA-SPORTS-FC/214839
214842,Assistant Producer - EA SPORTS™ FC,"Vancouver, Canada",Temporary Employee,EA Studios - SPORTS,https://jobs.ea.com/en_US/careers/JobDetail/Assistant-Producer-EA-SPORTS-FC/214842
214853,Development Manager - Future Opportunity,"Bogota, Colombia",Regular Employee,EA Studios - Quality Verification,https://jobs.ea.com/en_US/careers/JobDetail/Development-Manager-Future-Opportunity/214853
214854,Senior Game Product Manager - College Football,"Vancouver, Canada",Regular Employee,EA Studios - SPORTS,https://jobs.ea.com/en_US/careers/JobDetail/Senior-Game-Product-Manager/214854
214858,Senior QA Lead,"Bogota, Colombia",Regular Employee,EA Studios - Quality Verification,https://jobs.ea.com/en_US/careers/JobDetail/Senior-QA-Lead/214858
214876,Community Coordinator - German Speaking,"Galway, Ireland",Regular Employee,Fan Growth,https://jobs.ea.com/en_US/careers/JobDetail/Community-Coordinator-German-Speaking/214876
214892,"Senior Manager, Game Product Management - EA Sports FC","Vancouver, Canada",Regular Employee,EA Studios - SPORTS,https://jobs.ea.com/en_US/careers/JobDetail/Senior-Lead-Game-Product-Manager-EA-Sports-FC/214892
214895,Mobile Care Lead,"Bogota, Colombia",Regular Employee,Fan Growth,https://jobs.ea.com/en_US/careers/JobDetail/Mobile-Care-Lead/214895
214919,"Principal Product Manager, AI Platform","Redwood City, United States of America",Regular Employee,CT - Infrastructure & Platform,https://jobs.ea.com/en_US/careers/JobDetail/Principal-Product-Manager-AI-Platform/214919
214925,Creative Lead - EA SPORTS,"Los Angeles - Del Rey, United States of America",Temporary Employee,Marketing,https://jobs.ea.com/en_US/careers/JobDetail/Creative-Lead/214925
214926,Site Reliability Engineer (12 months contract),"Bucharest, Romania",Temporary Employee,CT - IT,https://jobs.ea.com/en_US/careers/JobDetail/Site-Reliability-Engineer-12-months-contract/214926
214934,Assistant Producer - EA SPORTS™ FC,"Vancouver, Canada",Regular Employee,EA Studios - SPORTS,https://jobs.ea.com/en_US/careers/JobDetail/Assistant-Producer-EA-SPORTS-FC/214934
214937,Workplace Experience Site Specialist,"Los Angeles - Del Rey, United States of America",Regular Employee,People Experience & Workplaces,https://jobs.ea.com/en_US/careers/JobDetail/Workplace-Experience-Site-Specialist/214937
214946,"Product Market Lead, Shooters China","Shanghai, China",Regular Employee,Global Publishing - APAC,https://jobs.ea.com/en_US/careers/JobDetail/Product-Market-Lead-Shooters-China/214946
214948,"Head of Publishing, Shooters China","Shanghai, China",Regular Employee,Global Publishing - APAC,https://jobs.ea.com/en_US/careers/JobDetail/Head-of-Publishing-Shooters-China/214948
214950,"Senior Marketing Analyst, Marketing Analytics - APAC (Sydney)","Sydney, Australia",Regular Employee,Marketing,https://jobs.ea.com/en_US/careers/JobDetail/Senior-Marketing-Analyst-Marketing-Analytics-APAC-Sydney/214950
214955,Directeur de la conception de jeu / Game Design Director,"Los Angeles - Del Rey, United States of America",Regular Employee,EA Studios - Ripple Effect,https://jobs.ea.com/en_US/careers/JobDetail/Game-Design-Director/214955
214960,Product Founder - Ventures,"Redwood City, United States of America",Regular Employee,Experiences,https://jobs.ea.com/en_US/careers/JobDetail/Product-Founder-Ventures/214960
214963,Artiste technique sénior·e en intelligence artificielle ‒ Frostbite/Senior UI Technical Artist - Frostbite,"Orlando, United States of America",Regular Employee,CT - Frostbite,https://jobs.ea.com/en_US/careers/JobDetail/Senior-UI-Technical-Artist-Frostbite/214963
214967,Senior Technical Artist - EA SPORTS™ Technology,"Vancouver, Canada",Regular Employee,EA Studios - SPORTS,https://jobs.ea.com/en_US/careers/JobDetail/Senior-Technical-Artist-EA-SPORTS-Tech/214967
214973,Development Manager - EA Sports Tech,"Vancouver, Canada",Temporary Employee,EA Studios - SPORTS,https://jobs.ea.com/en_US/careers/JobDetail/Development-Manager-Sports-Tech/214973
214975,Development Manager - EA Sports Technology Group,"Vancouver, Canada",Temporary Employee,EA Studios - SPORTS,https://jobs.ea.com/en_US/careers/JobDetail/Development-Manager-Sports-Tech/214975
214982,UI/UX Designer  - Unannounced Project,"Seoul, Korea, Republic of",Regular Employee,EA Studios - Mobile Korea,https://jobs.ea.com/en_US/careers/JobDetail/Experience-Designer/214982
215247,Gameplay Software Engineer - Unannounced Project,"Seoul, Korea, Republic of",Regular Employee,EA Studios - Mobile Korea,https://jobs.ea.com/en_US/careers/JobDetail/Gameplay-SE/215247
215285,UI Artist,"Shanghai, China",Regular Employee,EA Studios - SPORTS,https://jobs.ea.com/en_US/careers/JobDetail/UI-Artist/215285
215292,"Responsable des opérations - recherche et développement/Head of Operations, Research & Development","Montreal, Canada",Regular Employee,Other,https://jobs.ea.com/en_US/careers/JobDetail/Head-of-Operations-Research-Development/215292
215308,ViewModel Animator (Apex Legends),"Vancouver - Great Northern Way, Canada",Regular Employee,EA Studios - Respawn,https://jobs.ea.com/en_US/careers/JobDetail/ViewModel-Animator-Apex-Legends/215308
215325,Senior Analyst - EA SPORTS,"Shanghai, China",Regular Employee,CT - Data & Insights,https://jobs.ea.com/en_US/careers/JobDetail/Senior-Analyst-EA-SPORTS/215325
215333,"Senior Analyst - The Sims, Enterprise Intelligence","Vancouver, Canada",Regular Employee,CT - Data & Insights,https://jobs.ea.com/en_US/careers/JobDetail/Senior-Analyst-The-Sims-Enterprise-Intelligence/215333
215336,Senior Product Manager - Finance (IT),"Redwood City, United States of America",Regular Employee,CT - IT,https://jobs.ea.com/en_US/careers/JobDetail/Senior-Product-Manager-Finance-IT/215336
215349,Cloud Engineer,"Austin, United States of America",Regular Employee,CT - IT,https://jobs.ea.com/en_US/careers/JobDetail/Senior-Cloud-Engineer/215349
215358,Character Artist - EA Sports FC,"Vancouver, Canada",Regular Employee,EA Studios - SPORTS,https://jobs.ea.com/en_US/careers/JobDetail/Character-Artist-EA-Sports-FC/215358
215361,Technical Artist - EA SPORTS FC,"Vancouver, Canada",Regular Employee,EA Studios - SPORTS,https://jobs.ea.com/en_US/careers/JobDetail/Technical-Artist-EA-SPORTS-FC/215361
215362,Technical Lead – User  Interface (UI) - Skate,"Vancouver, Canada",Regular Employee,EA Studios - Full Circle,https://jobs.ea.com/en_US/careers/JobDetail/Technical-Lead-User-Interface-UI-Skate/215362
215363,Gameplay Designer - EA SPORTS™ FC,"Vancouver, Canada",Regular Employee,EA Studios - SPORTS,https://jobs.ea.com/en_US/careers/JobDetail/Gameplay-Designer-EA-SPORTS-FC/215363
215364,"Product Market Lead, Apex Legends Japan","Offsite - Japan, Japan",Regular Employee,Global Publishing - APAC,https://jobs.ea.com/en_US/careers/JobDetail/Product-Market-Lead-Apex-Legends-Japan/215364
215365,"Market Analyst, Apex Legends Japan","Offsite - Japan, Japan",Regular Employee,Global Publishing - APAC,https://jobs.ea.com/en_US/careers/JobDetail/Market-Analyst-Apex-Legends-Japan/215365
215372,Développeur.se sénior.e de logiciels/ Senior Engine Software Developer - Iron Man,"Montreal, Canada",Regular Employee,EA Studios - Motive Montreal,https://jobs.ea.com/en_US/careers/JobDetail/Engine-Programmer/215372
215380,Development Director - EA SPORTS UFC,"Vancouver, Canada",Regular Employee,EA Studios - SPORTS,https://jobs.ea.com/en_US/careers/JobDetail/Development-Director-UFC/215380
215381,Development Director (Technical Delivery Manager) - Creative Innovation,"Vancouver, Canada",Regular Employee,CT - Creative Innovation,https://jobs.ea.com/en_US/careers/JobDetail/Development-Director-Manager-Technical-Delivery-Creative-Innovation/215381
215382,Advanced Data Analyst - EA SPORTS™ FC,"Vancouver, Canada",Regular Employee,EA Studios - SPORTS,https://jobs.ea.com/en_US/careers/JobDetail/Advanced-Analyst/215382
215389,"Senior Publishing Manager, FC Online, SEA (Vietnam)","Singapore, Singapore",Regular Employee,Global Publishing - APAC,https://jobs.ea.com/en_US/careers/JobDetail/Senior-Publishing-Manager-FC-Online-SEA-Vietnam/215389
215403,Animation Director,"Orlando, United States of America",Regular Employee,EA Studios - SPORTS,https://jobs.ea.com/en_US/careers/JobDetail/Animation-Director/215403
215414,"Director, PE Business Partner - AI & UGC","Redwood City, United States of America",Regular Employee,People Experience & Workplaces,https://jobs.ea.com/en_US/careers/JobDetail/Director-PE-Business-Partner/215414
215417,Concepteur.trice de l’expérience II / Experience Designer II,"Montreal, Canada",Regular Employee,EA Studios - Full Circle,https://jobs.ea.com/en_US/careers/JobDetail/Experience-Designer-II/215417
215418,Animateur.trice technique sénior.e / Senior Technical Animator,"Vancouver, Canada",Regular Employee,EA Studios - Full Circle,https://jobs.ea.com/en_US/careers/JobDetail/Senior-Technical-Animator/215418
215422,Gameplay Designer - EA SPORTS™ FC,"Vancouver, Canada",Regular Employee,EA Studios - SPORTS,https://jobs.ea.com/en_US/careers/JobDetail/Gameplay-Designer-EA-SPORTS-FC/215422
215610,Artiste Audio III / Audio Artist III,"Montreal, Canada",Temporary Employee,EA Studios - EA Create,https://jobs.ea.com/en_US/careers/JobDetail/Audio-Artist-III-Battlefield/215610
215611,Physics Engineer,"Stockholm, Sweden",Temporary - with Benefits (EU & Malaysia),EA Studios - DICE Stockholm,https://jobs.ea.com/en_US/careers/JobDetail/Physics-Engineer/215611
215613,Core Software Engineer,"Stockholm, Sweden",Temporary - with Benefits (EU & Malaysia),EA Studios - DICE Stockholm,https://jobs.ea.com/en_US/careers/JobDetail/Core-Software-Engineer/215613
215617,Développeur logiciel senior (interface utilisateur)/ Senior Software Developer (UI) - Battlefield,"Montreal, Canada",Regular Employee,EA Studios - Motive Montreal,https://jobs.ea.com/en_US/careers/JobDetail/Senior-Software-Developer-UI-Battlefield/215617
215618,UI Software Engineer - Scalable Platform,"Stockholm, Sweden",Temporary - with Benefits (EU & Malaysia),EA Studios - DICE Stockholm,https://jobs.ea.com/en_US/careers/JobDetail/UI-Software-Engineer-Scalable-Platform/215618
215623,Artiste technique principal.e / Principal Technical Artist,"Montreal, Canada",Regular Employee,Other,https://jobs.ea.com/en_US/careers/JobDetail/Principal-Technical-Artist/215623
215630,"Senior Director, Creative – EA SPORTS FC","Vancouver, Canada",Regular Employee,Marketing,https://jobs.ea.com/en_US/careers/JobDetail/Senior-Director-Creative/215630
215635,Experience Designer I,"Melbourne, Australia",Temporary Employee,EA Mobile - Firemonkeys,https://jobs.ea.com/en_US/careers/JobDetail/Experience-Designer-I/215635
215637,Development Manager - EA Sports FC,"Vancouver, Canada",Temporary Employee,EA Studios - SPORTS,https://jobs.ea.com/en_US/careers/JobDetail/Development-Manager/215637
215640,Machine Learning Engineer - EA SPORTS™ FC,"Vancouver, Canada",Regular Employee,EA Studios - SPORTS,https://jobs.ea.com/en_US/careers/JobDetail/Machine-Learning-Engineer-FC/215640
215643,Senior Accountant II,"Hyderabad, India",Regular Employee,Finance,https://jobs.ea.com/en_US/careers/JobDetail/Senior-Accountant-II/215643
215644,Art Director,"Vancouver, Canada",Regular Employee,Maxis,https://jobs.ea.com/en_US/careers/JobDetail/Art-Director/215644
215646,Assistant Producer - EA SPORTS™ FC,"Vancouver, Canada",Temporary Employee,EA Studios - SPORTS,https://jobs.ea.com/en_US/careers/JobDetail/Assistant-Producer-EA-SPORTS-FC/215646
215647,Security Engineer,"Hyderabad, India",Temporary Employee,CT - Security,https://jobs.ea.com/en_US/careers/JobDetail/Security-Engineer-Contract/215647
215648,Senior Game Designer - The Sims,"Vancouver, Canada",Regular Employee,Maxis,https://jobs.ea.com/en_US/careers/JobDetail/Senior-Game-Designer-The-Sims/215648
215649,Generalist Software Engineer - EA SPORTS™ FC,"Vancouver, Canada",Regular Employee,EA Studios - SPORTS,https://jobs.ea.com/en_US/careers/JobDetail/Game-Modes-Software-Engineer-FC/215649
215653,Product Manager - EA SPORTS Technology (FC),"Guildford, United Kingdom",Regular Employee,EA Studios - SPORTS,https://jobs.ea.com/en_US/careers/JobDetail/Product-Manager/215653
215655,Cinematic Designer - EA SPORTS™ FC,"Vancouver, Canada",Temporary Employee,EA Studios - SPORTS,https://jobs.ea.com/en_US/careers/JobDetail/Cinematic-Designer-EA-SPORTS-FC/215655
215656,Generalist Software Engineer - EA SPORTS™ FC,"Vancouver, Canada",Regular Employee,EA Studios - SPORTS,https://jobs.ea.com/en_US/careers/JobDetail/Generalist-Software-Engineer-FC/215656
215657,Character Artist - EA Sports FC,"Vancouver, Canada",Temporary Employee,EA Studios - SPORTS,https://jobs.ea.com/en_US/careers/JobDetail/Character-Artist-EA-Sports-FC/215657
215659,Concept Artist (Wardrobe/Accessories) - EA SPORTS FC,"Vancouver, Canada",Temporary Employee,EA Studios - SPORTS,https://jobs.ea.com/en_US/careers/JobDetail/Concept-Artist-Characters-EA-SPORTS-FC/215659
215660,Level Artist - EA SPORTS FC,"Vancouver, Canada",Temporary Employee,EA Studios - SPORTS,https://jobs.ea.com/en_US/careers/JobDetail/Level-Artist-EA-SPORTS-FC/215660
215662,Development Manager - EA Sports FC,"Vancouver, Canada",Temporary Employee,EA Studios - SPORTS,https://jobs.ea.com/en_US/careers/JobDetail/Development-Manager/215662
215663,Development Manager - EA Sports FC,"Vancouver, Canada",Temporary Employee,EA Studios - SPORTS,https://jobs.ea.com/en_US/careers/JobDetail/Development-Manager/215663
215666,Character Artist - EA Sports FC,"Vancouver, Canada",Temporary Employee,EA Studios - SPORTS,https://jobs.ea.com/en_US/careers/JobDetail/Character-Artist-II-EA-Sports-FC/215666
215670,Concept Artist (Environment) - EA SPORTS FC,"Vancouver, Canada",Temporary Employee,EA Studios - SPORTS,https://jobs.ea.com/en_US/careers/JobDetail/Concept-Artist-Environment-EA-SPORTS-FC/215670
215674,Technical Artist (DCC) - EA SPORTS FC,"Vancouver, Canada",Temporary Employee,EA Studios - SPORTS,https://jobs.ea.com/en_US/careers/JobDetail/Technical-Artist-EA-SPORTS-FC-TFT/215674
215675,Software Engineer III,"Kuala Lumpur, Malaysia",Regular Employee,EA Studios - SPORTS,https://jobs.ea.com/en_US/careers/JobDetail/Software-Engineer-III/215675
215680,Game Designer II,"Hyderabad, India",Regular Employee,EA Mobile - Slingshot Games (India),https://jobs.ea.com/en_US/careers/JobDetail/Game-Designer-II/215680
215682,"SVP, General Manager – Battlefield","Los Angeles - Del Rey, United States of America",Regular Employee,Other,https://jobs.ea.com/en_US/careers/JobDetail/VP-General-Manager-Battlefield/215682
215687,Senior Technical Artist – Character Rigging & Technology,"Orlando, United States of America",Regular Employee,EA Studios - SPORTS,https://jobs.ea.com/en_US/careers/JobDetail/Senior-Technical-Artist-EA-SPORTS-Tech/215687
215693,Senior Accountant I,"Hyderabad, India",Regular Employee,Finance,https://jobs.ea.com/en_US/careers/JobDetail/Senior-Accountant-I/215693
215696,"Développeur.se sénior.e d’outils /Senior Full Stack Developer, AI & Tools (Apex Legends)","Vancouver - Great Northern Way, Canada",Regular Employee,EA Studios - Respawn,https://jobs.ea.com/en_US/careers/JobDetail/Senior-Full-Stack-Developer-AI-and-Tools-Apex-Legends/215696
215699,Gameplay Engineer (Apex Legends),"Vancouver - Great Northern Way, Canada",Regular Employee,EA Studios - Respawn,https://jobs.ea.com/en_US/careers/JobDetail/Gameplay-Engineer-Apex-Legends/215699
215702,"Server Engineer, Unannounced 3A Project","Shanghai, China",Regular Employee,EA Studios - SPORTS,https://jobs.ea.com/en_US/careers/JobDetail/Server-Engineer-Unannounced-3A-Project/215702
215703,Video Editor,"Guildford, United Kingdom",Temporary - with Benefits (EU & Malaysia),EA Studios - Criterion Games,https://jobs.ea.com/en_US/careers/JobDetail/Video-Editor/215703
215705,"Client Engineer, Unannounced 3A Project","Shanghai, China",Regular Employee,EA Studios - SPORTS,https://jobs.ea.com/en_US/careers/JobDetail/Client-Engineer-Unannounced-3A-Project/215705
215707,Technical Program Manager - Site Reliability Engineering (SRE),"Vancouver, Canada",Regular Employee,CT - Infrastructure & Platform,https://jobs.ea.com/en_US/careers/JobDetail/Technical-Program-Manager-III/215707
215708,Site Reliability Engineer III,"Vancouver, Canada",Regular Employee,CT - Infrastructure & Platform,https://jobs.ea.com/en_US/careers/JobDetail/Site-Reliability-Engineer-III/215708
215709,Technical Program Manager II (temporary),"Vancouver, Canada",Temporary Employee,CT - Infrastructure & Platform,https://jobs.ea.com/en_US/careers/JobDetail/Technical-Program-Manager/215709
215712,SSE AI,"Hyderabad, India",Regular Employee,CT - IT,https://jobs.ea.com/en_US/careers/JobDetail/Sr-Software-Engineer-AI-Native-Operations-Platform/215712
215714,Development Director - American Football,"Austin, United States of America",Regular Employee,EA Studios - SPORTS,https://jobs.ea.com/en_US/careers/JobDetail/Development-Director-American-Football/215714
215715,Content Designer - Madden,"Orlando, United States of America",Temporary Employee,EA Studios - SPORTS,https://jobs.ea.com/en_US/careers/JobDetail/Associate-Game-Designer/215715
215726,Concept Artist,"Kuala Lumpur, Malaysia",Regular Employee,EA Studios - EA Create,https://jobs.ea.com/en_US/careers/JobDetail/Concept-Artist/215726
215727,Senior Detection Engineer,"Guildford, United Kingdom",Regular Employee,CT - Security,https://jobs.ea.com/en_US/careers/JobDetail/Senior-Detection-Engineer/215727
215730,Senior Data Analyst,"Vancouver, Canada",Regular Employee,CT - Data & Insights,https://jobs.ea.com/en_US/careers/JobDetail/Senior-Data-Analyst-Enterprise-Intelligence/215730
215733,Sr Data Scientist,"Austin, United States of America",Regular Employee,CT - Security,https://jobs.ea.com/en_US/careers/JobDetail/Sr-Data-Scientist/215733
215736,Line Producer - EA SPORTS™ FC,"Vancouver, Canada",Regular Employee,EA Studios - SPORTS,https://jobs.ea.com/en_US/careers/JobDetail/Line-Producer-EA-SPORTS-FC/215736
215737,Senior Technical Artist (Apex Legends),"Vancouver - Great Northern Way, Canada",Regular Employee,EA Studios - Respawn,https://jobs.ea.com/en_US/careers/JobDetail/Senior-Technical-Artist-Apex-Legends/215737
215743,.NET Software Engineer - EA SPORTS™ FC,"Bucharest, Romania",Regular Employee,EA Studios - SPORTS,https://jobs.ea.com/en_US/careers/JobDetail/NET-Software-Engineer-EA-SPORTS-FC/215743
215744,"Workplace Experience Manager, Site Lead","Los Angeles - Del Rey, United States of America",Regular Employee,People Experience & Workplaces,https://jobs.ea.com/en_US/careers/JobDetail/Workplace-Experience-Manager-Site-Lead/215744
215745,.NET Software Engineer - EA SPORTS™ FC,"Bucharest, Romania",Regular Employee,EA Studios - SPORTS,https://jobs.ea.com/en_US/careers/JobDetail/NET-Software-Engineer-EA-SPORTS-FC/215745
215748,Senior Technical Artist – Tools and Pipelines – EA SPORTS F1,"Birmingham, United Kingdom",Regular Employee,EA Studios - SPORTS,https://jobs.ea.com/en_US/careers/JobDetail/Senior-Technical-Artist-Tools-and-Pipelines-EA-SPORTS-F1/215748
215749,"Finance Manager, FP&A - Sports Technology & Tracab","Vancouver, Canada",Regular Employee,Finance,https://jobs.ea.com/en_US/careers/JobDetail/Finance-Manager-FP-A-Sports-Technology-Tracab/215749
215775,"Director, Game Product Manager","London - Stratford, United Kingdom",Regular Employee,EA Mobile - Playdemic,https://jobs.ea.com/en_US/careers/JobDetail/Director-Game-Product-Manager/215775
215778,Economy Game Product Manager - EA SPORTS™ F1,"Birmingham, United Kingdom",Regular Employee,EA Studios - SPORTS,https://jobs.ea.com/en_US/careers/JobDetail/Economy-Game-Product-Manager-EA-SPORTS-F1/215778
215780,"Senior Manager, Business Development","Redwood City, United States of America",Regular Employee,"Bus Affairs, Bus Dev & Corp Dev",https://jobs.ea.com/en_US/careers/JobDetail/Senior-Manager-of-Business-Development/215780
215782,Associate Cinematics Designer - EA Sports FC,"Bucharest, Romania",Regular Employee,EA Studios - SPORTS,https://jobs.ea.com/en_US/careers/JobDetail/Associate-Cinematics-Designer-EA-Sports-FC/215782
215784,Assistant Producer - EA SPORTS™ FC,"Vancouver, Canada",Temporary Employee,EA Studios - SPORTS,https://jobs.ea.com/en_US/careers/JobDetail/Assistant-Producer-EA-SPORTS-FC/215784
215786,Generalist Software Engineer - EA SPORTS™ FC,"Vancouver, Canada",Regular Employee,EA Studios - SPORTS,https://jobs.ea.com/en_US/careers/JobDetail/Generalist-Software-Engineer-FC/215786
215787,Gameplay Software Engineer - EA SPORTS™ FC,"Vancouver, Canada",Regular Employee,EA Studios - SPORTS,https://jobs.ea.com/en_US/careers/JobDetail/Gameplay-Software-Engineer-FC/215787
215788,Senior Character Artist - EA Sports FC,"Vancouver, Canada",Regular Employee,EA Studios - SPORTS,https://jobs.ea.com/en_US/careers/JobDetail/Senior-Character-Artist/215788
215789,"Senior Program Manager, Playtesting Programs","Vancouver, Canada",Regular Employee,EA Studios - Quality Verification,https://jobs.ea.com/en_US/careers/JobDetail/Senior-Program-Manager-Playtesting-Programs/215789
215794,Development Director - EA Sports FC,"Vancouver, Canada",Regular Employee,EA Studios - SPORTS,https://jobs.ea.com/en_US/careers/JobDetail/Development-Director-EA-SPORTS-FC/215794
215795,Cinematics Designer @ EA Sports FC,"Bucharest, Romania",Regular Employee,EA Studios - SPORTS,https://jobs.ea.com/en_US/careers/JobDetail/Cinematics-Designer-EA-Sports-FC/215795
215796,Assistant Live Gameplay Producer - EA SPORTS™ FC,"Vancouver, Canada",Regular Employee,EA Studios - SPORTS,https://jobs.ea.com/en_US/careers/JobDetail/Assistant-Live-Gameplay-Producer-EA-SPORTS-FC/215796
215797,"Expert Analyst - Apex Legends, Enterprise Intelligence (EI)","Los Angeles - Chatsworth, United States of America",Regular Employee,CT - Data & Insights,https://jobs.ea.com/en_US/careers/JobDetail/Expert-Analyst-Apex-Legends-Enterprise-Intelligence/215797
215798,"Manager, Procurement - Game Engine & Technology","Vancouver, Canada",Regular Employee,"Bus Affairs, Bus Dev & Corp Dev",https://jobs.ea.com/en_US/careers/JobDetail/Manager-Procurement-Game-Engine-Technology/215798
215799,"Head of Operations, Global Affairs","Redwood City, United States of America",Regular Employee,Legal,https://jobs.ea.com/en_US/careers/JobDetail/Head-of-Operations-Global-Affairs/215799
215802,Experience Designer - EA SPORTS™ NHL,"Vancouver, Canada",Temporary Employee,EA Studios - SPORTS,https://jobs.ea.com/en_US/careers/JobDetail/Experience-Designer-EA-SPORTS-NHL/215802
215803,Senior Cybersecurity Analyst,"Bucharest, Romania",Regular Employee,CT - Security,https://jobs.ea.com/en_US/careers/JobDetail/Senior-Cybersecurity-Analyst/215803
215808,Game Modes Software Engineer - EA SPORTS™ NHL,"Vancouver, Canada",Temporary Employee,EA Studios - SPORTS,https://jobs.ea.com/en_US/careers/JobDetail/Game-Modes-Software-Engineer-NHL/215808
215809,Experience Designer (UX) - EA SPORTS™ NHL,"Vancouver, Canada",Temporary Employee,EA Studios - SPORTS,https://jobs.ea.com/en_US/careers/JobDetail/Experience-Designer-UX-EA-SPORTS-NHL/215809
215810,Senior Gameplay Software Engineer - EA SPORTS™ NHL,"Vancouver, Canada",Regular Employee,EA Studios - SPORTS,https://jobs.ea.com/en_US/careers/JobDetail/Senior-Gameplay-Software-Engineer-NHL/215810
215811,Technical Artist - EA SPORTS™ NHL,"Vancouver, Canada",Regular Employee,EA Studios - SPORTS,https://jobs.ea.com/en_US/careers/JobDetail/Technical-Artist-EA-SPORTS-NHL/215811
215812,Systems Software Engineer - EA SPORTS™ NHL,"Vancouver, Canada",Regular Employee,EA Studios - SPORTS,https://jobs.ea.com/en_US/careers/JobDetail/Systems-Software-Engineer-EA-SPORTS-NHL/215812
215813,Rendering Software Engineer - EA SPORTS™ NHL,"Vancouver, Canada",Regular Employee,EA Studios - SPORTS,https://jobs.ea.com/en_US/careers/JobDetail/Rendering-Software-Engineer-EA-SPORTS-NHL/215813
215814,UI Software Engineer - EA SPORTS™ NHL,"Vancouver, Canada",Temporary Employee,EA Studios - SPORTS,https://jobs.ea.com/en_US/careers/JobDetail/UI-Software-Engineer-EA-SPORTS-NHL/215814
215815,Lead Software Engineer - EA SPORTS™ NHL,"Vancouver, Canada",Regular Employee,EA Studios - SPORTS,https://jobs.ea.com/en_US/careers/JobDetail/Lead-Software-Engineer-NHL/215815
215816,Presentation Software Engineer - EA SPORTS™ NHL (TFT),"Vancouver, Canada",Temporary Employee,EA Studios - SPORTS,https://jobs.ea.com/en_US/careers/JobDetail/Presentation-Software-Engineer-NHL/215816
215817,Associate Producer - EA SPORTS™ NHL,"Vancouver, Canada",Regular Employee,EA Studios - SPORTS,https://jobs.ea.com/en_US/careers/JobDetail/Associate-Producer-EA-SPORTS-NHL/215817
215818,Systems Software Engineer - EA SPORTS™ NHL,"Vancouver, Canada",Regular Employee,EA Studios - SPORTS,https://jobs.ea.com/en_US/careers/JobDetail/Systems-Software-Engineer-EA-SPORTS-NHL/215818
215819,Audio Software Engineer - EA SPORTS™ NHL,"Vancouver, Canada",Regular Employee,EA Studios - SPORTS,https://jobs.ea.com/en_US/careers/JobDetail/Audio-Software-Engineer-EA-SPORTS-NHL/215819
215820,Development Manager - EA SPORTS™ NHL,"Vancouver, Canada",Regular Employee,EA Studios - SPORTS,https://jobs.ea.com/en_US/careers/JobDetail/Development-Manager-EA-SPORTS-NHL/215820
215823,Rendering Software Engineer - EA SPORTS™ UFC,"Vancouver, Canada",Regular Employee,EA Studios - SPORTS,https://jobs.ea.com/en_US/careers/JobDetail/Rendering-Software-Engineer-EA-SPORTS-UFC/215823
215824,Audio Software Engineer - EA SPORTS™ UFC,"Vancouver, Canada",Regular Employee,EA Studios - SPORTS,https://jobs.ea.com/en_US/careers/JobDetail/Audio-Software-Engineer-EA-SPORTS-UFC/215824
215825,Systems Software Engineer - EA SPORTS™ UFC,"Vancouver, Canada",Regular Employee,EA Studios - SPORTS,https://jobs.ea.com/en_US/careers/JobDetail/Systems-Software-Engineer-EA-SPORTS-UFC/215825
215826,Visual Designer - EA SPORTS™ UFC,"Vancouver, Canada",Regular Employee,EA Studios - SPORTS,https://jobs.ea.com/en_US/careers/JobDetail/Visual-Designer-EA-SPORTS-UFC/215826
215827,Technical Artist - EA SPORTS™ UFC,"Vancouver, Canada",Regular Employee,EA Studios - SPORTS,https://jobs.ea.com/en_US/careers/JobDetail/Technical-Artist-EA-SPORTS-UFC/215827
215828,UI Software Engineer - EA SPORTS™ UFC,"Vancouver, Canada",Regular Employee,EA Studios - SPORTS,https://jobs.ea.com/en_US/careers/JobDetail/UI-Software-Engineer-EA-SPORTS-UFC/215828
215829,Online Software Engineer - EA SPORTS™ UFC,"Vancouver, Canada",Regular Employee,EA Studios - SPORTS,https://jobs.ea.com/en_US/careers/JobDetail/Online-Software-Engineer-EA-SPORTS-UFC/215829
215830,Systems Software Engineer - EA SPORTS™ UFC,"Vancouver, Canada",Regular Employee,EA Studios - SPORTS,https://jobs.ea.com/en_US/careers/JobDetail/Systems-Software-Engineer-EA-SPORTS-UFC/215830
215831,Senior Gameplay Software Engineer - EA SPORTS™ UFC,"Vancouver, Canada",Regular Employee,EA Studios - SPORTS,https://jobs.ea.com/en_US/careers/JobDetail/Senior-Gameplay-Software-Engineer-UFC/215831
215832,Online Software Engineer - EA SPORTS™ UFC,"Vancouver, Canada",Regular Employee,EA Studios - SPORTS,https://jobs.ea.com/en_US/careers/JobDetail/Online-Software-Engineer-EA-SPORTS-UFC/215832
215833,Development Manager - EA SPORTS™ UFC,"Vancouver, Canada",Regular Employee,EA Studios - SPORTS,https://jobs.ea.com/en_US/careers/JobDetail/Development-Manager-EA-SPORTS-UFC/215833
215834,Associate Producer - EA SPORTS™ UFC,"Vancouver, Canada",Regular Employee,EA Studios - SPORTS,https://jobs.ea.com/en_US/careers/JobDetail/Associate-Producer-EA-SPORTS-UFC/215834
215835,Senior Software Engineering Manager - EA SPORTS™ UFC,"Vancouver, Canada",Regular Employee,EA Studios - SPORTS,https://jobs.ea.com/en_US/careers/JobDetail/Senior-Software-Engineering-Manager-EA-SPORTS-UFC/215835
215836,Senior Software Engineer (.Net),"Vancouver, Canada",Regular Employee,CT - IT,https://jobs.ea.com/en_US/careers/JobDetail/Senior-Software-Engineer-Net/215836
215839,Technical Artist (DCC Tools) - EA SPORTS Technology,"Vancouver, Canada",Regular Employee,EA Studios - SPORTS,https://jobs.ea.com/en_US/careers/JobDetail/RFT-Technical-Artist-DCC-Tools-EA-SPORTS-Technology/215839
215840,Senior Technical Artist (Rigging) - EA SPORTS Technology,"Vancouver, Canada",Temporary Employee,EA Studios - SPORTS,https://jobs.ea.com/en_US/careers/JobDetail/Senior-Technical-Artist-Rigging-EA-SPORTS-Technology/215840
215841,Senior Software Engineer - Advanced Technology Group,"Vancouver, Canada",Regular Employee,EA Studios - SPORTS,https://jobs.ea.com/en_US/careers/JobDetail/Senior-Software-Engineer/215841
215853,Development Director - The Sims,"Bogota, Colombia",Regular Employee,EA Studios - Quality Verification,https://jobs.ea.com/en_US/careers/JobDetail/Development-Director-The-Sims/215853
215856,Project Manager - DevOps team,"Bucharest, Romania",Regular Employee,EA Studios - SPORTS,https://jobs.ea.com/en_US/careers/JobDetail/Project-Manager-DevOps-team/215856
215861,Machine Learning Engineer - EA SPORTS™ FC,"Vancouver, Canada",Regular Employee,EA Studios - SPORTS,https://jobs.ea.com/en_US/careers/JobDetail/Machine-Learning-Engineer-FC/215861
215864,Senior QA Specialist - FC,"Bogota, Colombia",Regular Employee,EA Studios - Quality Verification,https://jobs.ea.com/en_US/careers/JobDetail/AQD-QD-Multiple-Roles/215864
215868,Technical Artist - EA SPORTS FC,"Vancouver, Canada",Regular Employee,EA Studios - SPORTS,https://jobs.ea.com/en_US/careers/JobDetail/Technical-Artist-EA-SPORTS-FC/215868
215869,EA Sports FC QV - Quality Designer (Companion App),"Vancouver, Canada",Regular Employee,EA Studios - Quality Verification,https://jobs.ea.com/en_US/careers/JobDetail/EA-Sports-FC-QV-Quality-Designer-Companion-App/215869
215870,Quality Designer II – FC Live-Curation QV,"Vancouver, Canada",Regular Employee,EA Studios - Quality Verification,https://jobs.ea.com/en_US/careers/JobDetail/Quality-Designer-II-FC-Live-Curation-QV/215870
215871,Concept Artist (Mural/Street Artist) - EA SPORTS FC,"Vancouver, Canada",Temporary Employee,EA Studios - SPORTS,https://jobs.ea.com/en_US/careers/JobDetail/Concept-Artist-Muralist-Street-Art-EA-SPORTS-FC/215871
215872,Technical Artist @ EA Sports FC,"Bucharest, Romania",Regular Employee,EA Studios - SPORTS,https://jobs.ea.com/en_US/careers/JobDetail/Technical-Artist-EA-Sports-FC/215872
215898,Software Engineer III,"Vancouver, Canada",Regular Employee,EA Studios - Quality Verification,https://jobs.ea.com/en_US/careers/JobDetail/Software-Engineer-III/215898
215899,Software Engineer III,"Hyderabad, India",Regular Employee,EA Studios - Quality Verification,https://jobs.ea.com/en_US/careers/JobDetail/Software-Engineer-III/215899
215900,Sound Designer (Star Wars Jedi),"Los Angeles - Chatsworth, United States of America",Temporary Employee,EA Studios - Respawn,https://jobs.ea.com/en_US/careers/JobDetail/Sound-Designer-Star-Wars-Jedi/215900
215901,Software Engineer III,"Vancouver - Great Northern Way, Canada",Regular Employee,EA Studios - Quality Verification,https://jobs.ea.com/en_US/careers/JobDetail/Software-Engineer-III/215901
215905,"Senior Director, Finance - Central EA Studios","Vancouver, Canada",Regular Employee,Finance,https://jobs.ea.com/en_US/careers/JobDetail/Senior-Director-Finance-Central-EA-Studios/215905
215907,"Senior Director Finance, FP&A - Shooters & ARPG","Los Angeles - Del Rey, United States of America",Regular Employee,Finance,https://jobs.ea.com/en_US/careers/JobDetail/Senior-Director-Finance-FP-A-Shooters-ARPG/215907
215910,"Director, FP&A – Corporate Functions","Redwood City, United States of America",Regular Employee,Finance,https://jobs.ea.com/en_US/careers/JobDetail/Director-FP-A-Corporate-Functions/215910
215911,Data Engineer II,"Hyderabad, India",Regular Employee,CT - Infrastructure & Platform,https://jobs.ea.com/en_US/careers/JobDetail/Data-Engineer-II/215911
215913,Concept Artist - Character,"Shanghai, China",Regular Employee,EA Studios - EA Create,https://jobs.ea.com/en_US/careers/JobDetail/Concept-Artist-Character/215913
215915,Associate Technical Art Director,"Kuala Lumpur, Malaysia",Regular Employee,EA Studios - EA Create,https://jobs.ea.com/en_US/careers/JobDetail/Associate-Technical-Art-Director/215915
215918,Advanced Rendering Software Engineer - FC,"Vancouver, Canada",Regular Employee,EA Studios - SPORTS,https://jobs.ea.com/en_US/careers/JobDetail/Software-Engineer-EA-SPORTS-FC/215918
215919,Systems Software Engineer - EA SPORTS™ FC,"Vancouver, Canada",Regular Employee,EA Studios - SPORTS,https://jobs.ea.com/en_US/careers/JobDetail/Systems-Software-Engineer-EA-SPORTS-FC/215919
215922,Site Reliability Engineer,"Vancouver, Canada",Regular Employee,Marketing,https://jobs.ea.com/en_US/careers/JobDetail/Site-Reliability-Engineer/215922
215924,Systems Software Engineer - EA SPORTS™ FC,"Bucharest, Romania",Regular Employee,EA Studios - SPORTS,https://jobs.ea.com/en_US/careers/JobDetail/Systems-Software-Engineer-EA-SPORTS-FC/215924
215925,Development Manager - EA Sports FC,"Vancouver, Canada",Regular Employee,EA Studios - SPORTS,https://jobs.ea.com/en_US/careers/JobDetail/Development-Manager-EA-Sports-FC/215925
215926,"Experience Designer, Handheld Experiences - EA SPORTS™ FC","Vancouver, Canada",Regular Employee,EA Studios - SPORTS,https://jobs.ea.com/en_US/careers/JobDetail/Experience-Designer-Handheld-Experiences-EA-SPORTS-FC/215926
215933,Client Engineer - Unannounced Project,"Seoul, Korea, Republic of",Regular Employee,EA Studios - Mobile Korea,https://jobs.ea.com/en_US/careers/JobDetail/Client-SE-Presentation/215933
215944,Activities Designer,"Vancouver, Canada",Regular Employee,EA Studios - Full Circle,https://jobs.ea.com/en_US/careers/JobDetail/Game-Designer-II/215944
215953,Health and Safety Specialist,"Bogota, Colombia",Temporary Employee,People Experience & Workplaces,https://jobs.ea.com/en_US/careers/JobDetail/Health-and-Safety-Specialist/215953
215956,Assistant Content Designer - EA SPORTS™ NHL,"Vancouver, Canada",Temporary Employee,EA Studios - SPORTS,https://jobs.ea.com/en_US/careers/JobDetail/Assistant-Content-Designer-EA-SPORTS-NHL/215956
215957,"Senior Director, Enterprise Performance & Strategy Finance","Vancouver, Canada",Regular Employee,Finance,https://jobs.ea.com/en_US/careers/JobDetail/Senior-Director-Enterprise-Performance-Strategy-Finance/215957
215960,Commercial Activation Manager - FC,"Vancouver, Canada",Regular Employee,Commercial,https://jobs.ea.com/en_US/careers/JobDetail/Commercial-Activation-Manager-FC/215960
215962,Talent Coordinator (12 months contract),"Bucharest, Romania",Temporary Employee,People Experience & Workplaces,https://jobs.ea.com/en_US/careers/JobDetail/Talent-Coordinator-12-months-contract/215962
215971,Animator I,"Kuala Lumpur, Malaysia",Temporary - with Benefits (EU & Malaysia),EA Studios - DCS,https://jobs.ea.com/en_US/careers/JobDetail/Animator-I/215971
215973,Senior Systems Software Engineer - American Football,"Madrid, Spain",Regular Employee,EA Studios - SPORTS,https://jobs.ea.com/en_US/careers/JobDetail/Senior-Sytems-Software-Engineer/215973
215977,"Advanced Software Engineer, Online Services - American Football","Orlando, United States of America",Regular Employee,EA Studios - SPORTS,https://jobs.ea.com/en_US/careers/JobDetail/Online-Software-Engineer/215977
215980,Assistant Producer - EA SPORTS™ NHL,"Vancouver, Canada",Temporary Employee,EA Studios - SPORTS,https://jobs.ea.com/en_US/careers/JobDetail/Asst-Producer-I/215980
215981,Assistant Game Designer - NHL,"Vancouver, Canada",Temporary Employee,EA Studios - SPORTS,https://jobs.ea.com/en_US/careers/JobDetail/Assistant-Game-Designer/215981
215984,Associate Communications Specialist,"Madrid, Spain",Regular Employee,EA Studios - Quality Verification,https://jobs.ea.com/en_US/careers/JobDetail/Associate-Communications-Specialist/215984
215985,Senior QA Specialist - Apex Legends,"Bogota, Colombia",Regular Employee,EA Studios - Quality Verification,https://jobs.ea.com/en_US/careers/JobDetail/Associate-Quality-Designer-Apex-Legends/215985
215987,"Senior Manager, Software Engineering","Bucharest, Romania",Regular Employee,CT - IT,https://jobs.ea.com/en_US/careers/JobDetail/Senior-Manager-Software-Engineering/215987
215989,Demand Planning Analyst,"Hyderabad, India",Regular Employee,Other,https://jobs.ea.com/en_US/careers/JobDetail/Demand-Planning-Analyst/215989
215990,Senior Technical Artist (DCC/Tools) - UFC,"Vancouver, Canada",Regular Employee,EA Studios - SPORTS,https://jobs.ea.com/en_US/careers/JobDetail/Senior-Technical-Artist-DCC-Tools-UFC/215990
215992,Measurement Partnerships Manager,"Kirkland, United States of America",Regular Employee,Marketing,https://jobs.ea.com/en_US/careers/JobDetail/Measurement-Partnerships-Manager/215992
215993,Senior Business Analyst - Infrastructure Cost Management,"Vancouver, Canada",Regular Employee,CT - Infrastructure & Platform,https://jobs.ea.com/en_US/careers/JobDetail/Sr-Business-Analyst-Infrastructure-Cost-Management/215993
215997,Level Designer,"Shanghai, China",Regular Employee,EA Studios - EA Create,https://jobs.ea.com/en_US/careers/JobDetail/Level-Designer/215997
215998,Senior Level Artist,"Shanghai, China",Regular Employee,EA Studios - EA Create,https://jobs.ea.com/en_US/careers/JobDetail/Senior-Level-Artist/215998
215999,Level Artist,"Shanghai, China",Regular Employee,EA Studios - EA Create,https://jobs.ea.com/en_US/careers/JobDetail/Level-Artist/215999
216009,"Expert Analyst - EA Sports Analytics, Enterprise Intelligence","Orlando, United States of America",Regular Employee,CT - Data & Insights,https://jobs.ea.com/en_US/careers/JobDetail/Expert-Analyst-EA-Sports-Analytics-Enterprise-Intelligence/216009
216010,"Technical Program Manager - AI Applications, Enterprise Intelligence","Austin, United States of America",Regular Employee,CT - Data & Insights,https://jobs.ea.com/en_US/careers/JobDetail/Technical-Program-Manager-Enterprise-Intelligence/216010
216011,Lead Product Ops Manager - EA Esports,"Seoul, Korea, Republic of",Regular Employee,Competitive Gaming,https://jobs.ea.com/en_US/careers/JobDetail/Lead-Product-Ops-Manager/216011
216012,Content Designer - College Football,"Orlando, United States of America",Temporary Employee,EA Studios - SPORTS,https://jobs.ea.com/en_US/careers/JobDetail/Associate-Game-Designer/216012
216015,Senior Software Engineer- Generalist (Apex Legends),"Los Angeles - Chatsworth, United States of America",Regular Employee,EA Studios - Respawn,https://jobs.ea.com/en_US/careers/JobDetail/Senior-Software-Engineer-Generalist-Apex-Legends/216015
216019,Software Engineer - On Device Machine Learning,"Guildford, United Kingdom",Regular Employee,CT - Frostbite,https://jobs.ea.com/en_US/careers/JobDetail/Software-Engineer-On-Device-Machine-Learning/216019
216021,Senior Technical Lead - EA SPORTS™ NHL,"Vancouver, Canada",Regular Employee,EA Studios - SPORTS,https://jobs.ea.com/en_US/careers/JobDetail/Senior-Technical-Lead-NHL/216021
216022,Art Director - Create,"Shanghai, China",Regular Employee,EA Studios - EA Create,https://jobs.ea.com/en_US/careers/JobDetail/Art-Director-Create/216022
216023,Presentation Software Engineer - EA SPORTS™ FC,"Vancouver, Canada",Regular Employee,EA Studios - SPORTS,https://jobs.ea.com/en_US/careers/JobDetail/Presentation-Software-Engineer-FC/216023
216025,Motion Graphics Designer - Madden NFL,"Orlando, United States of America",Temporary Employee,EA Studios - SPORTS,https://jobs.ea.com/en_US/careers/JobDetail/Experience-Designer-II/216025
216029,Development Manager @ EA Sports FC,"Bucharest, Romania",Regular Employee,EA Studios - SPORTS,https://jobs.ea.com/en_US/careers/JobDetail/Development-manager/216029
216030,Associate Technical Artist - EA SPORTS FC,"Vancouver, Canada",Regular Employee,EA Studios - SPORTS,https://jobs.ea.com/en_US/careers/JobDetail/Associate-Technical-Artist-EA-SPORTS-FC/216030
216031,"Software Engineer, C++ - EA SPORTS™ FC","Bucharest, Romania",Regular Employee,EA Studios - SPORTS,https://jobs.ea.com/en_US/careers/JobDetail/Software-Engineer-C-EA-SPORTS-FC/216031
216037,"Sr. Associate, Business Strategy - Enterprise","Redwood City, United States of America",Regular Employee,Other,https://jobs.ea.com/en_US/careers/JobDetail/Sr-Associate-Business-Strategy-Enterprise/216037
216038,Moderation Operations Manager,"Galway, Ireland",Regular Employee,Fan Growth,https://jobs.ea.com/en_US/careers/JobDetail/Moderation-Operations-Manager/216038
216040,"Business Development Manager, Global Football","Guildford, United Kingdom",Regular Employee,EA Studios - SPORTS,https://jobs.ea.com/en_US/careers/JobDetail/Business-Development-Manager-Global-Football/216040
216041,"Director, Business Development","Vancouver, Canada",Regular Employee,"Bus Affairs, Bus Dev & Corp Dev",https://jobs.ea.com/en_US/careers/JobDetail/Director-Business-Development/216041
216042,"Senior Manager, Business Development, EA SPORTS Talent","Guildford, United Kingdom",Regular Employee,EA Studios - SPORTS,https://jobs.ea.com/en_US/careers/JobDetail/Senior-Manager-Business-Development-EA-SPORTS-Talent/216042
216043,Build Engineer (Apex Legends),"Los Angeles - Chatsworth, United States of America",Regular Employee,EA Studios - Respawn,https://jobs.ea.com/en_US/careers/JobDetail/Build-Engineer-Apex-Legends/216043
216044,Spécialiste de l’expérience en milieu de travail/ Workplace Experience Specialist,"Montreal, Canada",Regular Employee,People Experience & Workplaces,https://jobs.ea.com/en_US/careers/JobDetail/Workplace-Experience-Specialist/216044
216045,"Director, Global Workplace Design","Vancouver, Canada",Regular Employee,People Experience & Workplaces,https://jobs.ea.com/en_US/careers/JobDetail/Director-Workplace-Design/216045
216047,Senior AI Software Developer,"Montreal, Canada",Regular Employee,EA Studios - Motive Montreal,https://jobs.ea.com/en_US/careers/JobDetail/Senior-AI-Software-Developer/216047
216048,Gameplay Engineer (Apex Legends),"Los Angeles - Chatsworth, United States of America",Regular Employee,EA Studios - Respawn,https://jobs.ea.com/en_US/careers/JobDetail/Gameplay-Engineer-Apex-Legends/216048
216049,Experience Design Director - EA Sports Network,"Orlando, United States of America",Regular Employee,EA Studios - SPORTS,https://jobs.ea.com/en_US/careers/JobDetail/Senior-Experience-Designer/216049
216052,"Senior Director, Product Management - EA Sports Network","Orlando, United States of America",Regular Employee,EA Studios - SPORTS,https://jobs.ea.com/en_US/careers/JobDetail/Senior-Director-Product-Management-Sports-Network/216052
216053,Platform Technical Lead - EA Sports Net,"Orlando, United States of America",Regular Employee,EA Studios - SPORTS,https://jobs.ea.com/en_US/careers/JobDetail/Technical-Director/216053
216056,Associate Environment Artist,"Kuala Lumpur, Malaysia",Regular Employee,EA Studios - DCS,https://jobs.ea.com/en_US/careers/JobDetail/Associate-Environment-Artist/216056
216058,"Software Systems Engineer III,","Hyderabad, India",Regular Employee,CT - IT,https://jobs.ea.com/en_US/careers/JobDetail/Software-Engineer-III/216058
216059,Software Engineer III,"Hyderabad, India",Regular Employee,CT - IT,https://jobs.ea.com/en_US/careers/JobDetail/Software-Engineer-III/216059
216061,Game Designer - Gameplay,"Shanghai, China",Regular Employee,EA Studios - SPORTS,https://jobs.ea.com/en_US/careers/JobDetail/Game-Designer-Gameplay/216061
216072,Quality Analyst II (FC),"Bogota, Colombia",Temporary Employee,EA Studios - Quality Verification,https://jobs.ea.com/en_US/careers/JobDetail/Quality-Analyst-II-FC/216072
216081,Software Engineer,"Shanghai, China",Regular Employee,EA Studios - SPORTS,https://jobs.ea.com/en_US/careers/JobDetail/Software-Engineer-I/216081
216084,Senior Program Manager,"Vancouver - Great Northern Way, Canada",Regular Employee,EA Studios - Respawn,https://jobs.ea.com/en_US/careers/JobDetail/Senior-Program-Manager-Respawn-Studios/216084
216112,Gameplay Data Science Engineer (Apex Legends),"Los Angeles - Chatsworth, United States of America",Regular Employee,EA Studios - Respawn,https://jobs.ea.com/en_US/careers/JobDetail/Gameplay-Data-Science-Engineer-Apex-Legends/216112
216118,directeur.trice de la narration / Narrative Director,"Montreal, Canada",Regular Employee,EA Studios - Motive Montreal,https://jobs.ea.com/en_US/careers/JobDetail/Narrative-Director/216118
216119,directeur du service en direct / Live Service Design Director,"Los Angeles - Del Rey, United States of America",Regular Employee,EA Studios - Ripple Effect,https://jobs.ea.com/en_US/careers/JobDetail/Live-Service-Design-Director/216119
