estudio,cidade,pais,url,status_navegador,http,achado,observacao_curta
3rd Eye Studios,Helsinki,Finland,http://www.3rdeyestudios.fi/careers/,VIVO,502,,"""bridge error Hostname/IP does not match certificate's altnames: Host: www.3rdeyestudios.fi. is not in the cert's altnames: DNS:*.airbnbhaldus.ee, DNS:*.autoklubi.ee, DNS:*.autoladu.ee, DNS:*.cricket."
M.A.R.K.13,Stuttgart,Germany,http://www.mark13.com/,VIVO,200,JOBWORD,"""HOME M.A.R.K.13 - STUDIOS PENG! BOOM! TSCHAK! - FILMS M.A.R.K.13 - COM TEAM VALUES JOBS CONTACT ABOUT​​ The M.A.R.K.13™ - Group We live and breathe animation! ​ Digital at heart, innovation driven an"
Mackevision,Gaydon,England,http://www.mackevision.com/career/,VIVO,200,JOBWORD,"""Skip to main content Skip to footer What we do What we think Who we are Careers Search United States Together We Reinvented TOGETHER WE REIN ENTED Shaping tomorrow, today In a world of constant chang"
Mackevision,Stuttgart,Germany,http://www.mackevision.com/career/,VIVO,200,JOBWORD,"""Skip to main content Skip to footer What we do What we think Who we are Careers Search United States Together We Reinvented TOGETHER WE REIN ENTED Shaping tomorrow, today In a world of constant chang"
MadLab Animations,Roubaix,France,http://www.madlab-animations.com/fr,VIVO,200,,"""Accueil Studio Emploi Contact Studio MadLab MadLab est un studio spécialisé en 2D digital qui intervient dans toutes les phases de fabrication des productions d'animation (adaptations et créations or"
Magic Frame Studios,San Fulgencio,Spain,http://www.magicframestudios.com/#,VIVO,200,,"""+34 96679 41 64 info@magicframestudios.com Inicio Trabajos Contacto Bienvenidos a Magic Frame Studios! Magic Frame Studios es una Start-Up afincada en la localidad de San Fulgencio (Alicante), somos "
Make Architects,London,England,http://www.makearchitects.com/about-us/vacancies/,VIVO,200,JOBWORD,"""中文 Careers Architects, modelmakers, IT professionals – whatever the role, we’re looking for the best. At Make that means talent, curiosity, diverse perspectives, big ideas and enthusiasm. But our pat"
Malil'Art Productions,Angoulême,France,http://www.malil-art.com/,VIVO,200,,"""MALIL'ART PRODUCTIONS L’homme au chapeau L’homme au chapeau Animation short film 2D Approximately 10-11min Production Malil’Art Productions Project in development. View Project The incredible journey"
Maltese Studios,Madrid,Spain,http://www.maltesestudios.com/contact/,VIVO,200,,"""Skip to Content Store Films & TVSeries Concept Art Character Art Games Tutorials Sketches About Tutorials Contact Artstation Links Contact Copyright © 2025. Jorge Barrero and respective owners . All "
Massive Miniteam,Cologne,Germany,http://massiveminiteam.com/,VIVO,200,JOBWORD,"""HOME GAMES ABOUT US JOBS PRESS CONTACT WHO WE ARE We develop and publish indie games and premium mobile games. SAME PASSION. NEW NAME. HANDYGAMES™ BECOMES THQ NORDIC MOBILE For 26 years, we have been"
Media Zoo,London,England,http://www.mediazoo.tv/careers,VIVO,200,JOBWORD,"""About Our Solutions Our Products Our Work Our People News & Views Careers & Culture A Culture Rooted in the 4Cs Client-Focused We don’t just deliver work; we forge lasting partnerships. It’s about li"
Micazook,London,England,http://www.micazook.com/joinus.aspx,VIVO,200,JOBWORD,"""HOME SERVICES JOIN US HELP DESK CONTACT US JOIN US EXCITING CAREERS IN INNOVATION TECHNOLOGY WORKING AT MICAZOOK If you are looking for a career in a dynamic and innovative environment with great min"
Midoki,Warwickshire,England,http://www.midoki.com/jobs.html,VIVO,200,JOBWORD,"""We are using cookies to give you the best experience on our website. You can find out more about which cookies we are using or switch them off in Settings. AcceptSettings Home Projects About MDK Jobs"
Milkroom Studios,Munich,Germany,http://www.milkroomstudios.com/,VIVO,200,JOBWORD,"""A Multiplatform Production Company HOME SERVICES NEWS ABOUT WhEre Epic Games are created. App of the month WE bring VR & AR to life. where imagination is at Work. Where history meets new Technology. "
Minimo VFX,Barcelona,Spain,http://www.minimovfx.com/,VIVO,200,,"""Portfolio Reels Fun About Us Contact CG characters & creatures since 2012 From Harry Potter to Dogman — Minimo builds the rigs, creatures and pipelines behind some of the industry's biggest productio"
MiopiaFX,Madrid,Spain,http://miopiafx.com/en/home/,VIVO,200,,"""Skip to content ADVERTISING FILM / TV REELS COLOR GRADING VFX BREAKDOWNS PHOTOGRAMETRY ABOUT US ES EN ABOUT US LEGAL NOTICE PRIVACY POLICY Linkedin Vimeo Twitter Instagram © Miopia Efectos Visuales S"
Mobile Pie,Bristol,England,http://www.mobilepie.com/,VIVO,200,,"""Home Games Contact Us Test! Test! Gumball's Amazing Party Game Available on mobile and tablets PLAY STORE APP STORE Gumball is throwing a party and you're invited! Get ready to go head to head with f"
Mosaic Films,London,England,http://mosaicfilms.com/,VIVO,200,JOBWORD,"""By using Mosaic Films website, you agree to our use of cookies. We use cookies to provide you with a great experience and to help our website run effectively. OK 1 MOSAIC FILMS FILM & TV DIGITAL BOOK"
Mother Volcano,Porto,Portugal,http://mothervolcano.com/apply/,VIVO,404,,"""404 Not Found The resource requested could not be found on this server! Proudly powered by LiteSpeed Web Server Please be advised that LiteSpeed Technologies Inc. is not a web hosting company and, as"
Movie Games,Warsaw,Poland,http://moviegames.pl/,VIVO,200,,"""Warning: Attempt to read property \""post_content\"" on null in /home/klient.dhosting.pl/moviegames/moviegames.pl-ui3d/public_html/wp-content/plugins/custom-css-js/custom-css-js.php on line 202 Przejdź"
MovieBrats,Berlin,Germany,http://moviebrats.com/en/contact-studios/,VIVO,200,,"""This website uses cookies to ensure you get the best experience on our website. Learn more Got it! FIND US ON HOME NEWS PROJECTS COMPLETED FILMS ABOUT US CONTACT ZOOLOGY - AVAILABLE ON DIGITAL AND ST"
Movimenti Production,Milan,Italy,http://www.movimenti.com/,VIVO,200,JOBWORD,"""HOME ABOUT PRODUCTIONS STUDIO COMMERCIALS CAREERS CONTACTS What's going on Highlights PRODUCTIONS Due Spicci (My Two Cents) PRODUCTIONS Copperbeak – Tales From The Farm PRODUCTIONS Super Happy Magic "
Movult,London,England,http://www.movult.com/,VIVO,200,,"""REEL WORK ABOUT BLOG CONTACT Movult is an award winning motion graphics and animation studio. Our passion is producing stories with meaning. We make all kinds of projects, from explainer videos to co"
Multiply Studio,Paris,France,http://www.multiply-studio.com/,VIVO,200,,"""Scroll to top Skip to content À propos Réalisations Contact IA Lab © 2009-2026 Multiply. All rights reserved Privacy & Cookie Policy | Ce site est protégé par reCAPTCHA. Google Privacy Policy & Terms"
Myriad Global Media,London,England,http://www.myriadglobalmedia.com/,VIVO,200,,"""Work Sectors Services About Insights Contact Start a conversation. CREATIVE SOLUTIONS FOR COMPLEX SECTORS Launch a material the world can’t picture yet. Huntsman, Miralon. A cinematic film and forens"
NOH Studios,Madrid,Spain,http://www.nohstudios.com/,VIVO,200,,"""Doku188 : Layanan Apk Slot777 Rekomendasi No 1 Shop CARI DOKU188 DI GOOGLE ! DOKU188 REKOMENDASI SLOT TERBAIK ! APK SLOT777 PALING GACOR ! SERVER THAILAND TERFAVORIT ! Account LOGIN DAFTAR Shop All D"
NOID,Paris,France,http://noid-studio.com/,VIVO,200,JOBWORD,"""Manage Cookie Consent To provide the best experiences, we use technologies like cookies to store and/or access device information. Consenting to these technologies will allow us to process data such "
Neutral Digital,London,England,http://neutral.digital/,VIVO,200,,"""Follow Us — Lk. Tw. Ig. Skip to content Visual Content Interactive Immersive Trade Exhibitions Insights Reimagine What’s Possible. Immerse customers in new realities via technology-led experiences th"
Niceberg Studios,Genk,Belgium,http://www.niceberg.be/,VIVO,200,JOBWORD,"""Deze server wordt gehost bij Level27. De website is niet in beheer van level27. Level27 BV Via media 4 3500 Hasselt +32 (0)89 449130 info@level27.be Webhosting Enterprise IT Tech projects Controlepan"
No Code,Glasgow,Scotland,http://www.nocodestudio.com/jobs/,VIVO,200,JOBWORD,"""HOMESILENT HILL: TOWNFALLOBSERVATIONSTORIES UNTOLDSUPPORTCAREERS The multiple BAFTA-Winning studio SCREEN BURN, situated in Glasgow, is a friendly, fun working environment, where we make big games wi"
Noah Media Group,London,England,http://www.noahmediagroup.com/,VIVO,200,,"""Skip to content Menu EMMY WINNERS ONE ARMED WONDER: THE EXTRAORDINARY STORY OF JIMMY HASTY BAFTA NOMINATED HATTON SPORTS PRODUCTION COMPANY OF THE YEAR BROADCAST SPORT AWARDS VENICE TV AWARD WINNERS "
Nordisk Drama & Dokumentär,Stockholm,Sweden,http://www.nordiskdrama.com/,VIVO,200,,"""SEARCH ​ HEM OM OSS PORTFOLIO PRODUKTIONER CONTENT MARKETING KONTAKT Winner of Golden Prague! READ MORE Previous Next Vi gör din idé till ett kreativt äventyr Portfolio Kronprinsessan Victorias fond "
Novelab,Paris,France,http://novelab.net/en/homepage/,VIVO,200,JOBWORD,"""Skip to content Sectors Services Projects Apple Vision Pro About us Contact us _ Natural Born Interactive Novelab is a technology and media studio offering services to design, develop and operate imm"
Novelab,Toulouse,France,http://novelab.net/en/homepage/,VIVO,200,JOBWORD,"""Skip to content Sectors Services Projects Apple Vision Pro About us Contact us _ Natural Born Interactive Novelab is a technology and media studio offering services to design, develop and operate imm"
Nozon,Brussels,Belgium,http://nozon.com/,VIVO,200,,"""PROJECTS ABOUT CONTACT With over 20 years of experience in servicing the most demanding clients in the advertising space, we are the perfect partner to deliver high quality visual effects and 3D anim"
Nucco Brain,London,England,http://www.nuccobrain.com/,VIVO,200,JOBWORD,"""This website stores cookies on your computer. These cookies are used to collect information about how you interact with our website and allow us to remember you. We use this information in order to i"
OTATAA,Zug,Switzerland,http://otataa.ch/,VIVO,200,JOBWORD,"""Next Monster Lab The rumours are true… There are MONSTERS in the neighbourhood! Who could be the mastermind behind these experiments? Now available on the App Store! More > Next One beautiful morning"
OceanBarefoot,Surbiton,England,http://www.oceanbarefoot.com/contact#recruitment,VIVO,200,JOBWORD,"""Menu CREATIVE BRAND CONSULTANCY An award winning creative brand consultancy. Our purpose is to help the world communicate better. SIMPLIFYING THE COMPLEX We are expert in simplifying the complex. We "
Onirim,Paris,France,http://onirim.com/,VIVO,200,,"""About x Creative Direction x Production x Post Production Index 00% Unmute 0:00 0:00 Fullscreen Unmute 0:00 0:00 Fullscreen Unmute 0:00 0:00 Fullscreen Unmute 0:00 0:00 Fullscreen Unmute 0:00 0:00 Fu"
Orange Animation Studio,Bielsko-Biała,Poland,http://www.orangeanimation.pl/,VIVO,200,,"""HOME OFERTA O NAS PRODUKCJE KARIERA KONTAKT SKLEP | Bajki z wartościami PL | EN 2020 SERIALE TELEWIZYJNE SPACE KICKS Zobacz projekt PL | EN 2021 SERIALE TELEWIZYJNE, W PRODUKCJI OUT OF THIS WORLD Zo"
Oscar B Studio,Paris,France,http://www.oscarbstudio.com/job/job-paris/,VIVO,404,JOBWORD,"""Skip to content Accueil Le studio Projets Contact Job Langue : Oops, This Page Could Not Be Found! 404 Helpful Links Accueil Le studio Projets Contact Job Langue : Search Our Website Can't find what "
Panot Studio,Barcelona,Spain,http://studiopanot.com/,VIVO,403,,"""studiopanot.com Performing security verification This website uses a security service to protect against malicious bots. This page is displayed while the website verifies you are not a bot. Ray ID: a"
Paper Owl Films,Holywood,Northern Ireland,http://paperowlfilms.com/,VIVO,200,JOBWORD,"""HOME OUR WORK SERVICES CAREERS Paper Owl Films 38 Heron Road, Belfast, BT3 9LE info@paperowlfilms.com GET IN TOUCH MADE TO INSPIRE WOW ENCOURAGE CHANGE MAKE YOU LAUGH PLAY SHOWREEL STORIES MATTER At "
PaperSeven,Brighton,England,http://www.paperseven.com/jobs/,VIVO,200,JOBWORD,"""Home About Us Our Work Jobs Say Hello JOIN OUR TEAM As a successful and growing business we are interested in speaking to talented developers across all disciplines. People who want to deliver the hi"
Parallel Circles,Manchester,England,http://parallelcircles.com/,VIVO,200,,"""Home Games and collaborations Services Team Press Contact Us Home Games and collaborations Services Team Press Contact Us The Company Parallel Circles is a massively tiny studio based in the UK and S"
Past Curfew,London,England,http://pastcurfew.co.uk/,VIVO,200,,"""Home Motion Design Animation News About Us Contact DESIGN | ANIMATION | FILM | EPISODIC Welcome to Past Curfew, an award-winning animation and design studio that combines incredible artistry with unb"
Peerless,London,England,http://www.peerless.co.uk/recruitment/,VIVO,200,JOBWORD,"""Peerless MENU Recruitment Peerless are always looking for talented and creative individuals at all levels. Feel free to forward your CV on a speculative basis or apply to any position currently avail"
Peter Anderson Studio,London,England,http://peterandersonstudio.co.uk/,VIVO,200,,"""Accept This website uses cookies to ensure you get the best experience on our website More info © PETER ANDERSON STUDIO 2026 CONTACT SEARCH TITLES INSHOW BRANDING ART & ENVIRONMENT COMMERCIAL ALL PRO"
Phaebus Media Group,Manchester,England,http://www.phaebus.co.uk/,VIVO,200,,"""Skip to content HOME ABOUT CLIENTS CONTACT Close HOME ABOUT CLIENTS CONTACT THINK PHAEBUS MEDIA GROUP FOR ALL YOUR FILM AND DIGITAL PRODUCTION NEEDS SUPPORT FROM BRIEF TO SCREEN Youtube Twitter Insta"
Picasso Pictures,London,England,http://www.picassopictures.com/get-in-touch,VIVO,404,,"""Skip to content picassopictures.com Home Page not found The page you are looking for doesn't exist, or it has been moved. Please try searching using the form below. Search Search picassopictures.com "
Picnic,London,England,http://picnicstudio.tv/contact/,VIVO,404,,"""By using this website, you agree to our use of cookies. We use cookies to provide you with a great experience and to help our website run effectively. DECLINE PUT THE COOKIE DOWN! SKIP TO CONTENT FEA"
Piece of Cake Studios,Paris,France,http://www.pieceofcake-studios.com/,VIVO,200,,"""Piece of Cake Studios ABOUT US CONTACT US PRESS Twitter News Newsletter Join our community! A Game by Piece of Cake studios OFFICIAL WEBSITE About Piece of Cake About Us OUR GAMES Hacktag Crossroads "
Pirates 'N Paradise,Berlin,Germany,http://www.piratesnparadise.de/pp/team/index-jobs.php,VIVO,200,,"""Zum Inhalt springen HOME ÜBER UNS PRE-PRODUKTION PRODUKTION POSTPRODUKTION ARBEITEN TEAM KONTAKT EN 404-FEHLER: LEIDER NICHT GEFUNDEN! Leider gibt es die angeforderte Seite (noch) nicht! Vielleicht h"
Pirates 'N Paradise,Düsseldorf,Germany,http://www.piratesnparadise.de/pp/team/index-jobs.php,VIVO,200,,"""Zum Inhalt springen HOME ÜBER UNS PRE-PRODUKTION PRODUKTION POSTPRODUKTION ARBEITEN TEAM KONTAKT EN 404-FEHLER: LEIDER NICHT GEFUNDEN! Leider gibt es die angeforderte Seite (noch) nicht! Vielleicht h"
Pixel Cream,Barcelona,Spain,http://pixelcreamstudio.com/jobs/,VIVO,200,JOBWORD,"""HOME LEGAL ONLINE CASINO MALAYSIA PORTFOLIO SERVICES BLOG ABOUT US JOBS CONTACT BEST NON GAMSTOP CASINOS UK NON GAMSTOP CASINOS UK CASINOS NOT ON GAMSTOP NON GAMSTOP CASINOS BETTING SITES NOT ON GAMS"
Pixel Edge Games,Katowice,Poland,http://www.pixeledgegames.com/,VIVO,200,,"""By clicking “Accept”, you agree to the storing of cookies on your device to enhance site navigation, analyze site usage, and assist in our marketing efforts. View our Privacy Policy for more informat"
PixelsHub,Gijón,Spain,http://pixels-hub.com/,VIVO,200,,"""Skip to main content SERVICIOS PROYECTOS CABLEO NOTICIAS CONTACTO Menu Realidad Virtual y Aumentada. Visualización de datos e interacción avanzada. SABER MÁS Somos especialistas Desarrollamos servici"
Pixelsonic,Berlin,Germany,http://www.pixelsonic.com/,VIVO,200,,"""Skip to content Home About The Story Services Contact 3D by heart Loving 3D CGI since 1990 … About 3D Services 3D Web Development ThreeJS, WebXR, Javascript, Flask, Jinja, HTML and SQLite for modern "
Piñata,Helsinki,Finland,http://www.pinata.fi/info,VIVO,200,,"""Work Info Vimeo Search for: Pinata HQ ~ Surviving the frozen north Piñata is an animation and illustration studio based in Helsinki, Finland. We are built around an exceptional team of illustrators, "
Planetart,Enschede,Netherlands,http://www.planetart.nl/jobs/,VIVO,404,,"""Skip to content PLANETART PROJECTS PLANETART ARCHIVES ABOUT PHOTO VAULT ANNUAL REPORTS ANBI STUFF NEWSLETTER CONTACT SEARCH Oops! That page can’t be found. It looks like nothing was found at this loc"
Platonic Games,Madrid,Spain,http://platonicgames.com/,VIVO,200,JOBWORD,"""Skip to main content Skip to navigation HomeAboutGamesJobsSupportContact We want to fill the world with happy cute KAWAII GAMES! ヽ(*≧ω≦)ﾉ ♥ WHAT IS KAWAII? In the 1970s, Japanese teenage girls develo"
Playgen,London,England,http://playgen.com/jobs/,VIVO,200,JOBWORD,"""Intern Developer Role Do you like developing games with a purpose and gamification, especially on a scalable cloud? Do you want to be part of an innovative, friendly and ambitious R&D studio at the v"
Postoffice Amsterdam,Amsterdam,Netherlands,http://www.postoffice.nl/,VIVO,200,,"""Work Services Contact Visual Effects, Sound, Music and Voice Casting for the advertising and film industry. watch the showreel CREATIVE PRODUCTION STUDIO IN THE HEART OF AMSTERDAM SINCE 1986 VISUAL E"
Postpro Berlin,Berlin,Germany,http://postpro.berlin/en,VIVO,404,,"""REFERENCES SERVICES ABOUT US CONTACT EN DE Telekom Sport - Four Elements Client: Telekom Agency: Agentur XY und Mataracan Production: Agentur XY und CHUNK Director: Florian Röske Services: Concept | "
Premier Entertainment Arts & Culture,London,England,http://www.premiercomms.com/index.php,VIVO,404,JOBWORD,"""Select “Accept all” to agree to our use of cookies and similar technologies to enhance your browsing experience, security, analytics and customization. Select ”Manage cookies” to make more choices or"
Primal Shape,Naples,Italy,http://www.primalshapestudio.com/,VIVO,200,JOBWORD,"""We value your privacy We use cookies to enhance your browsing experience, serve personalized ads or content, and analyze our traffic. By clicking \""Accept All\"", you consent to our use of cookies. Cu"
Primary Visual Effects,Bristol,England,http://primaryvfx.com/,VIVO,200,,"""Work Reels About Studio Contact PRIMARY VFX Visual Effects Tell your story with the magic of VFX An independent and creative-led visual effects studio Proudly based in Bristol UK hello@primaryvfx.com"
Project Gamechanger,Merseyside,England,http://projectgamechanger.com/careers,VIVO,200,JOBWORD,"""PROJECT GAMECHANGER About Game Team An independent games studio crafting new worlds from Cyprus. Made by gamers, for gamers. EXPLORE OUR GAME ABOUT THE STUDIO SCROLL SCROLL ABOUT PGC We build worlds "
Protozoaire,Schiltigheim,France,http://www.protozoaire.com/,VIVO,200,,"""HOME DEMOREEL PROJETS À PROPOS CONTACT EN FR Previous Previous Studio de production et d’animation 3D. Depuis plus de 20 ans nous produisons et fabriquons de l’animation 3D et des VFX pour des séries"
Pukka Films,London,England,http://pukkafilms.com/,VIVO,200,,"""Skip to main content Work Animation About Team Contact Films that save lives. We solve mission-critical business issues with films that drive behavioural change. Navigate to the next section Communic"
RIG-IT.net,Ostrava-City District,Czech Republic,http://www.rig-it.net/,VIVO,200,JOBWORD,"""Skip to content RIG-IT rig character for animation online service Services Shop Resources Contact Work jobs €0 0 Search: Search My Account Facebook page opens in new window Vimeo page opens in new wi"
RIG-IT.net,London,England,http://www.rig-it.net/,VIVO,200,JOBWORD,"""Skip to content RIG-IT rig character for animation online service Services Shop Resources Contact Work jobs €0 0 Search: Search My Account Facebook page opens in new window Vimeo page opens in new wi"
Red Visual Effects,London,England,http://www.redvfx.com/,VIVO,200,,"""help@r e d v f x . c o m +44 20 8638 6644 Home Services Projects Opportunities Contacts High-Quality VFX. No Overhead Cost. Welcome to a new world, where we design, build and run a custom-made VFX co"
Remote Control Productions,Munich,Germany,http://jobs.r-control.de/jobs/,VIVO,404,JOBWORD,"""Cookies? To provide the best experience, we use technologies like cookies to store/access device information. Your consent will allow us to process your data on this site. ACCEPT DENY OPTIONS Cookie "
River Film,London,England,http://www.riverfilm.com/,VIVO,200,,"""WORK SERVICES FIXING ABOUT BLOG CONTACT RIVER FILM VISUALISING EXPERIENCES RIVER FILM IS A MULTI-AWARD-WINNING FILM, ANIMATION AND CGI PRODUCTION COMPANY 330 WEST 42ND STREET THE MART 70 SMA CGI BREA"
Ruffian Post,London,England,http://ruffianpost.com/a/contact/,VIVO,404,,"""WORK WHO WE ARE GET IN TOUCH We couldn't find the page you were looking for. This is either because: There is an error in the URL entered into your web browser. Please check the URL and try again. Th"
nhb,Hamburg,Germany,http://www.nhb.de/jobs.html,VIVO,404,,"""Q 404 Ooops! Diese Seite scheint es nicht mehr zu geben. ...oder sie war nie da! R Klicken Sie hier, um wieder in die Spur zu kommen. Diese Seite nutzt Website-Tracking-Technologien von Dritten, um i"
nineteentwenty,Bristol,England,http://www.nineteen-twenty.com/vacancies/,VIVO,200,JOBWORD,"""home about portfolio colour showreels making of news vacancies contact Sorry, no results were found. Vacancies let us wow you Let’s start talking about your project or idea and find out how we can he"
nineteentwenty,London,England,http://www.nineteen-twenty.com/vacancies/,VIVO,200,JOBWORD,"""home about portfolio colour showreels making of news vacancies contact Sorry, no results were found. Vacancies let us wow you Let’s start talking about your project or idea and find out how we can he"
pokedstudio,Cardiff,Wales,http://pokedstudio.com/,VIVO,200,,"""pokedbots illustration animation graphic design commercial art free downloads un-game_land about contact shop blog pokedbots ikea rainbow time rick and morty creature crossing arcades faces mutant ga"
post23,Barcelona,Spain,http://post23.tv/,VIVO,200,,"""23lunes Creative Animation Studio DIRECTORS PROJECTS REEL AWARDS NEWS ABOUT CONTACT Animation Studio | Direction, Characters & Cinematics PROJECTS Ohana Island – “Going Back Home” Pyrénées Andorra – "
MachineGames,Uppsala,Sweden,https://jobs.zenimax.com/,PAREDE_REAL,403,,"""Sorry, you have been blocked You are unable to access zenimax.com Why have I been blocked? This website is using a security service to protect itself from online attacks. The action you just performe"
Mantisbite,Helsinki,Finland,http://mantisbite.com/careers/,PAREDE_REAL,403,,"""403 Forbidden nginx"""
Mojopin Studios,Belfast,Northern Ireland,http://www.mojopinstudios.com/careers/,PAREDE_REAL,403,,"""Sorry, you have been blocked You are unable to access mojopinstudios.com Why have I been blocked? This website is using a security service to protect itself from online attacks. The action you just p"
RMV Productions,Horsham,England,http://rmvproductions.co.uk/,PAREDE_REAL,503,,"""rmvproductions.co.uk Checking the site connection security This page requires cookies to be enabled in your browser settings. Please check this setting and enable cookies (if disabled)"""
MOONYCAT Entertainment,Montpellier,France,http://www.moonycat.com/career/,DOMINIO_MORTO,200,,"""moonycat.com Related search topics Ads Buy this domain This domain name will be available soon. Inquire now! Privacy Policy"""
Revolution Productions,London,England,http://www.revolution-productions.com/careers/,DOMINIO_MORTO,200,,"""Trustpilot revolution-productions.com is parked free, courtesy of GoDaddy.com. Get This Domain Related Search Topics Revolution Productions Baltimore Revolution Productions Services Revolution Produc"
Moving Puppet,Paris,France,http://www.movingpuppet.fr/contact,ERRO_NAV,,,"""page.goto: net::ERR_PROXY_CONNECTION_FAILED at https://www.movingpuppet.fr/contact\nCall log:\n\u001b[2m  - navigating to \""https://www.movingpuppet.fr/contact\"", waiting until \""domcontentloaded\""\u"
NapNok Games,Copenhagen,Denmark,http://napnokgames.com/all-jobs/,ERRO_NAV,,,"""page.goto: net::ERR_EMPTY_RESPONSE at https://napnokgames.com/all-jobs/\nCall log:\n\u001b[2m  - navigating to \""https://napnokgames.com/all-jobs/\"", waiting until \""domcontentloaded\""\u001b[22m\n"""
NapNok Games,Skopje,Macedonia,http://napnokgames.com/all-jobs/,ERRO_NAV,,,"""page.goto: net::ERR_PROXY_CONNECTION_FAILED at https://napnokgames.com/all-jobs/\nCall log:\n\u001b[2m  - navigating to \""https://napnokgames.com/all-jobs/\"", waiting until \""domcontentloaded\""\u001b"
Napoleon Creative,London,England,http://napoleoncreative.com/,ERRO_NAV,,,"""page.goto: net::ERR_PROXY_CONNECTION_FAILED at https://napoleoncreative.com/\nCall log:\n\u001b[2m  - navigating to \""https://napoleoncreative.com/\"", waiting until \""domcontentloaded\""\u001b[22m\n"""
Nasse Animation Studio,Taranto,Italy,https://www.nasseanimationstudio.com/jobs,ERRO_NAV,,,"""page.goto: net::ERR_PROXY_CONNECTION_FAILED at https://www.nasseanimationstudio.com/jobs\nCall log:\n\u001b[2m  - navigating to \""https://www.nasseanimationstudio.com/jobs\"", waiting until \""domconte"
Neels Creative Studio,Paris,France,http://www.neels.fr/,ERRO_NAV,,,"""page.goto: net::ERR_PROXY_CONNECTION_FAILED at https://www.neels.fr/\nCall log:\n\u001b[2m  - navigating to \""https://www.neels.fr/\"", waiting until \""domcontentloaded\""\u001b[22m\n"""
NeoBards Entertainment,Breda,Netherlands,http://neobards.com/career/,ERRO_NAV,,,"""page.goto: net::ERR_PROXY_CONNECTION_FAILED at https://neobards.com/career/\nCall log:\n\u001b[2m  - navigating to \""https://neobards.com/career/\"", waiting until \""domcontentloaded\""\u001b[22m\n"""
Neon,London,England,http://neon.tv/,ERRO_NAV,,,"""page.goto: net::ERR_PROXY_CONNECTION_FAILED at https://neon.tv/\nCall log:\n\u001b[2m  - navigating to \""https://neon.tv/\"", waiting until \""domcontentloaded\""\u001b[22m\n"""
mrfactory,Madrid,Spain,http://www.mrfactory.tv/,ERRO_NAV,,,"""page.goto: net::ERR_PROXY_CONNECTION_FAILED at https://www.mrfactory.tv/\nCall log:\n\u001b[2m  - navigating to \""https://www.mrfactory.tv/\"", waiting until \""domcontentloaded\""\u001b[22m\n"""
nDreams Studio Orbital,Farnborough,England,http://www.ndreams.com/careers/,ERRO_NAV,,,"""page.goto: net::ERR_PROXY_CONNECTION_FAILED at https://www.ndreams.com/careers/\nCall log:\n\u001b[2m  - navigating to \""https://www.ndreams.com/careers/\"", waiting until \""domcontentloaded\""\u001b[2"
MAD Entertainment,Naples,Italy,http://www.madinnaples.com/,VAZIO_OU_JS,400,,"""use CONNECT"""
Mammoth Graphics,London,England,http://www.mammothgraphics.tv/,VAZIO_OU_JS,502,,"""bridge error self-signed certificate"""
Midgar Studio,Montpellier,France,http://www.midgar-studio.com/careers/,VAZIO_OU_JS,502,,"""bridge error Hostname/IP does not match certificate's altnames: Host: www.midgar-studio.com. is not in the cert's altnames: DNS:cluster123.hosting.ovh.net"""
Molinare,London,England,http://molinare.co.uk/,VAZIO_OU_JS,502,,"""bridge error unable to verify the first certificate"""
Motion Pictures,Barcelona,Spain,http://motionpic.com/,VAZIO_OU_JS,200,,""""""
Mr. K,Paris,France,http://studio-monsieurk.fr/en/,VAZIO_OU_JS,404,,"""Not Found The requested URL was not found on this server. Additionally, a 404 Not Found error was encountered while trying to use an ErrorDocument to handle the request."""
NSC Creative,Leicester,England,http://nsccreative.com/careers/,VAZIO_OU_JS,200,,"""Skip to main content 0 No products in the cart. Menu © 2026 NSC Creative. All Rights Reserved. twitter facebook vimeo linkedin youtube instagram flickr"""
Neon Koi,Helsinki,Finland,https://www.neonkoi.com/jobs/,VAZIO_OU_JS,400,,"""use CONNECT"""
Neon Koi,Berlin,Germany,https://www.neonkoi.com/jobs/,VAZIO_OU_JS,400,,"""use CONNECT"""
Notion Digital,Battersea,England,http://www.notiondigital.com/,VAZIO_OU_JS,502,,"""bridge error write EPROTO C0AC2DB1497F0000:error:0A000438:SSL routines:ssl3_read_bytes:tlsv1 alert internal error:../deps/openssl/openssl/ssl/record/rec_layer_s3.c:918:SSL alert number 80"""
Optix Post Production GmbH,Hamburg,Germany,http://www.optixhamburg.de/,VAZIO_OU_JS,502,,"""bridge error Client network socket disconnected before secure TLS connection was established"""
Orenji Games,Valencia,Spain,http://orenjigames.com/,VAZIO_OU_JS,502,,"""bridge error read ECONNRESET"""
PASOZEBRA,Valencia,Spain,http://www.pasozebra.com/,VAZIO_OU_JS,502,,"""bridge error read ECONNRESET"""
PINKMAN.TV,Madrid,Spain,http://www.pinkman.tv/,VAZIO_OU_JS,200,,""""""
PixToon Animation Studio,Chișinău,Moldova,http://pixtoonstudio.com/,VAZIO_OU_JS,502,,"""bridge error write EPROTO C0AC2DB1497F0000:error:0A000438:SSL routines:ssl3_read_bytes:tlsv1 alert internal error:../deps/openssl/openssl/ssl/record/rec_layer_s3.c:918:SSL alert number 80"""
Polar Media,London,England,http://www.polarmedia.co.uk/home,VAZIO_OU_JS,200,,""""""
Potion Pictures,London,England,http://www.potionpictures.co.uk/join-us,VAZIO_OU_JS,404,,""""""
Pretty Simple,Paris,France,http://www.prettysimplegames.com/list/,VAZIO_OU_JS,400,,"""use CONNECT"""
Prima Linea Productions,Paris,France,http://www2.primalinea.com/presentation/,VAZIO_OU_JS,404,,"""Not Found The requested URL was not found on this server."""
Private Island,London,England,http://privateisland.tv/,VAZIO_OU_JS,200,,"""Skip to Content Work About News Contact Life is weird and so are our ads. Filming, Animating and Generating ᴺᵉˣᵗ ᴸᵉᵛᵉˡ Mixed-Media. TGL McDonalds Meta Quest Xbox Original Source See More"""
Prophecy,Berlin,Germany,http://www.prophecyfx.com/,VAZIO_OU_JS,502,,"""bridge error write EPROTO C0AC2DB1497F0000:error:0A000438:SSL routines:ssl3_read_bytes:tlsv1 alert internal error:../deps/openssl/openssl/ssl/record/rec_layer_s3.c:918:SSL alert number 80"""
Pure Rendering,Berlin,Germany,http://www.purerender.com/,VAZIO_OU_JS,502,,"""bridge error write EPROTO C0AC2DB1497F0000:error:0A000438:SSL routines:ssl3_read_bytes:tlsv1 alert internal error:../deps/openssl/openssl/ssl/record/rec_layer_s3.c:918:SSL alert number 80"""
Redvel Games,Málaga,Spain,http://redvelgames.com/jobs/,VAZIO_OU_JS,503,,"""Service Unavailable The server is temporarily unable to service your request due to maintenance downtime or capacity problems. Please try again later."""
Revenant,Glasgow,Scotland,https://revenant.tv/,VAZIO_OU_JS,400,,"""use CONNECT"""
Riverman Studio,Paris,France,http://riverman.fr/,VAZIO_OU_JS,200,,""".agence .studio Suivez notre actualité sur Facebook, Instagram et LinkedIn"""
Rocketflair,Belfast,Northern Ireland,http://rocketflair.com/jobs/,VAZIO_OU_JS,404,,"""ERROR: PAGE NOT FOUND 404 This page isn’t available. Go to Homepage"""
Rokabye,London,England,http://rokabye.co.uk/careers/,VAZIO_OU_JS,404,,"""404 This page could not be found."""
Rokyn Animation,Granada,Spain,http://rokyn-animation.com/,VAZIO_OU_JS,502,,"""bridge error write EPROTO C0AC2DB1497F0000:error:0A000438:SSL routines:ssl3_read_bytes:tlsv1 alert internal error:../deps/openssl/openssl/ssl/record/rec_layer_s3.c:918:SSL alert number 80"""
Rumpus,Bristol,England,http://rumpusanimation.com/,VAZIO_OU_JS,500,,"""Error establishing a database connection"""
nooh Studio,London,England,https://noohstudio.com/,VAZIO_OU_JS,400,,"""use CONNECT"""
