estudio,cidade,provincia,quadro,estado,detalhe,disciplinas
12field Animation,Melbourne,Australia,https://12field.com.au/work-with-us/,sem-arte,"200, 1238 chars",
2UP Games,Auckland,New Zealand,https://www.2up.games/jobs,erro,<urlopen error [SSL: SSLV3_ALERT_HANDSHAKE_FAILURE] sslv3 al,
37Degrees Studio,Wellington,New Zealand,https://37degrees-studio.com/careers/,ARTE,200,visual development
5 Lives Studios,Brisbane,Australia,https://www.5livesstudios.com/careers,sem-arte,"200, 3045 chars",
AKQA,Melbourne,Australia,http://www.akqa.com/careers/,erro,HTTP Error 403: Forbidden,
Alderon Games,,Australia,https://alderongames.com/work-with-us,sem-arte,"200, 1100 chars",
altArcade,Adelaide,Australia,https://altarcade.wordpress.com/contact/,sem-arte,"200, 962 chars",
Arcade Oven,Sydney,Australia,https://arcadeoven.com/careers/,erro,HTTP Error 404: Not Found,
Armchair Productions,Sydney,Australia,https://www.armchairproductions.com.au/,sem-arte,"200, 64528 chars",
Big & Small Productions,Melbourne,Australia,https://www.bigandsmallproductions.com.au/jobs/,erro,HTTP Error 404: Not Found,
Big Ant Studios,Melbourne,Australia,https://www.bigant.com/jobs/,sem-arte,"200, 615 chars",
Big Cookie Studios,Newtown,Australia,http://www.bigcookiestudios.com/,erro,<urlopen error [Errno -2] Name or service not known>,
Binary Space,Perth,Australia,http://www.binaryspacegames.com/,erro,HTTP Error 403: Forbidden,
Binyan Studios,Brisbane,Australia,https://www.binyanstudios.com/what-we-do/,sem-arte,"200, 11054 chars",
Binyan Studios,Melbourne,Australia,https://www.binyanstudios.com/what-we-do/,sem-arte,"200, 11054 chars",
Binyan Studios,Sydney,Australia,https://www.binyanstudios.com/what-we-do/,sem-arte,"200, 11054 chars",
Bit Dragon,Melbourne,Australia,http://hyperjamgame.com/,erro,HTTP Error 403: Forbidden,
Biteable,Melbourne,Australia,https://biteable.com/,sem-arte,"200, 17638 chars",
Black Lab Games,Perth,Australia,http://www.blacklabgames.com.au/,erro,HTTP Error 403: Forbidden,
Black Matter,Sydney,Australia,https://www.blackmatterstudio.com/careers,sem-arte,"200, 10801 chars",
Blindside Interactive,Melbourne,Australia,https://blindsideinteractive.com/,erro,<urlopen error Tunnel connection failed: 502 Bad Gateway>,
Blockhead,Sydney,Australia,https://www.blockheadvfx.com/join-us/,sem-arte,"200, 2123 chars",
Blockhead,Auckland,New Zealand,https://www.blockheadvfx.com/join-us/,sem-arte,"200, 2123 chars",
Blowfish Studios,Sydney,Australia,https://www.blowfishstudios.com/jobs,erro,HTTP Error 404: Not Found,
Blue Bandicoot Studios,Blue Mountains,Australia,https://sites.google.com/bluebandicoot.com.au/web/jobs?authuser=0,sem-arte,"200, 2039 chars",
Bungarra Software,Perth,Australia,http://www.bungarra.com/careers/,erro,HTTP Error 403: Forbidden,
Buy Somewhere,Sydney,Australia,https://www.buysomewhere.com/,erro,<urlopen error Tunnel connection failed: 502 Bad Gateway>,
Cadre Pictures,Melbourne,Australia,https://www.cadrepictures.com.au/join,erro,HTTP Error 404: Not Found,
Cause and FX,Auckland,New Zealand,http://www.causefx.nz/,erro,HTTP Error 403: Forbidden,
CDW Animation,Adelaide,Australia,https://cdwanimation.com/,erro,<urlopen error Tunnel connection failed: 502 Bad Gateway>,
Chaos Theory Games,Sydney,Australia,https://www.chaostheorygames.com/jobs,sem-arte,"200, 1673 chars",
Chocolate Studios,Melbourne,Australia,https://www.chocolatestudios.com.au/,sem-arte,"200, 13501 chars",
Chronicle Studios,Sydney,Australia,https://www.chroniclestudios.com.au/,sem-arte,"200, 1098 chars",
Clockwork Films,Sydney,Australia,http://www.clockworkfilms.com.au/,erro,<urlopen error [Errno -2] Name or service not known>,
CONICAL,Auckland,New Zealand,https://www.conical.nz/conical-careers/,sem-arte,"200, 878 chars",
Cumulus VFX,Byron Bay,Australia,http://cumulusvfx.com/,erro,HTTP Error 403: Forbidden,
Curiious,Sydney,Australia,https://curiious.com/,erro,HTTP Error 404: Not Found,
Cutting Edge,Brisbane,Australia,http://www.cuttingedge.com.au/careers/,erro,HTTP Error 403: Forbidden,
Cutting Edge,Sydney,Australia,http://www.cuttingedge.com.au/careers/,erro,HTTP Error 403: Forbidden,
Deadleaf Games,Melbourne,Australia,http://www.deadleafgames.com/jobs/,erro,HTTP Error 403: Forbidden,
Deep Field,Dunedin,New Zealand,http://www.deepfield.games/jobs.html,erro,HTTP Error 403: Forbidden,
Defiant Development,Brisbane,Australia,http://defiantdev.com/,erro,HTTP Error 403: Forbidden,
Digital Confectioners,Christchurch,New Zealand,https://www.digitalconfectioners.com/careers/,ARTE,200,3d artist
Digital Lode,Melbourne,Australia,https://thelode.com.au/digital-lode-careers,js,"200, corpo de 328 chars",
Dinosaur Polo Club,Wellington,New Zealand,https://dinopoloclub.com/careers/,sem-arte,"200, 3339 chars",
Dirty Puppet,Melbourne,Australia,https://dirtypuppet.com/,sem-arte,"200, 2573 chars",
DOTDOT,Auckland,New Zealand,https://dotdot.studio/jobs/,js,"202, corpo de 1 chars",
DragonBear Studios,Melbourne,Australia,https://www.innchanted.com/,js,"200, corpo de 59 chars",
Dreamgate VFX,Canberra,Australia,http://dreamgatestudios.com/,erro,HTTP Error 403: Forbidden,
Dry Cactus,Paekakariki,New Zealand,http://polybridge.drycactus.com/,erro,HTTP Error 403: Forbidden,
Elastic,Melbourne,Australia,https://elasticgroup.com.au/,sem-arte,"200, 10465 chars",
Elastic,Sydney,Australia,https://elasticgroup.com.au/,sem-arte,"200, 10465 chars",
emergeWorlds,Brisbane,Australia,https://emergeworlds.com/,sem-arte,"200, 3312 chars",
Evaro,Sydney,Australia,https://www.evaro.co/careers/,sem-arte,"200, 698 chars",
Explanimate,Brisbane,Australia,https://www.explanimate.com.au/,sem-arte,"200, 27816 chars",
Eye Candy Animation,Canberra,Australia,http://www.eyecandyanimation.com/,erro,HTTP Error 403: Forbidden,
Fade In Studio,Brisbane,Australia,https://fadeinstudio.com/,sem-arte,"200, 7090 chars",
Fathom VFX,Auckland,New Zealand,https://fathomvfx.com/,sem-arte,"200, 455 chars",
Featherweight,Sydney,Australia,http://www.featherweightgames.com/jobs/,erro,HTTP Error 403: Forbidden,
Floating Rock Studio,Wellington,New Zealand,https://floating-rock.com/careers,ARTE,200,"character artist, sculpt"
Fotomedia,Brisbane,Australia,https://www.fotomedia.com.au/,sem-arte,"200, 6039 chars",
Fox & Co Design,Wellington,New Zealand,https://foxandco.design/animation-studio-info/,js,"202, corpo de 1 chars",
Foxie Games,Adelaide,Australia,http://foxiegames.com/jobs/,erro,HTTP Error 403: Forbidden,
Future Associate,Sydney,Australia,https://www.future-associate.com/careers/,sem-arte,"200, 1475 chars",
FutureDeluxe,Sydney,Australia,https://futuredeluxe.com/careers,js,"202, corpo de 1 chars",
Games Lab,Sydney,Australia,http://www.gameslab.biz/careers/,erro,HTTP Error 403: Forbidden,
Girraphic Park,Surry Hills,Australia,https://girraphic.com/,sem-arte,"200, 1586 chars",
Goodman Brothers,Surry Hills,Australia,https://www.goodmanbrothers.com/,js,"200, corpo de 68 chars",
Grease Monkey Games,Melbourne,Australia,https://www.greasemonkeygames.com/careers,ARTE,200,3d artist
Greenheart Games,Brisbane,Australia,http://www.greenheartgames.com/jobs/,erro,HTTP Error 403: Forbidden,
Growl Interactive,Melbourne,Australia,http://www.growlinteractive.com/,erro,<urlopen error [Errno -2] Name or service not known>,
Halfbrick Studios,Brisbane,Australia,https://halfbrick.com/about-us/careers/,sem-arte,"200, 3219 chars",
Harmonious Productions,Melbourne,Australia,https://www.harmoniousproductions.com/,erro,<urlopen error Tunnel connection failed: 502 Bad Gateway>,
Hashbane,Auckland,New Zealand,https://hashbane.bamboohr.com/jobs/,erro,HTTP Error 403: Forbidden,
Heard Agency,Sydney,Australia,http://heardagency.com/careers/,erro,HTTP Error 403: Forbidden,
Heckler,Sydney,Australia,https://www.heckler.tv/,sem-arte,"200, 4710 chars",
HighPitchedStudios,Wellington,New Zealand,https://www.facebook.com/HighPitchedStudios/,erro,HTTP Error 400: Bad Request,
Hooligan Animation,Brisbane,Australia,https://hooligananimation.com/#home-page,sem-arte,"200, 2935 chars",
House of Nerds,Sydney,Australia,https://www.houseofn3rds.com/,sem-arte,"200, 3601 chars",
Huhu Studios,Snells Beach,New Zealand,http://www.huhustudios.com/,erro,HTTP Error 403: Forbidden,
Ignition Immersive,Melbourne,Australia,http://immersive.video/,erro,HTTP Error 403: Forbidden,
Illuvium,Sydney,Australia,https://www.illuvium.io/jobs,erro,HTTP Error 429: Too Many Requests,
Immutable,Sydney,Australia,https://www.immutable.com/careers,sem-arte,"200, 5331 chars",
Infinity Plus Two,Melbourne,Australia,https://infinityplustwo.bamboohr.com/jobs/,js,"200, corpo de 10 chars",
Jumbla,Melbourne,Australia,https://www.jumbla.com/careers,sem-arte,"200, 4162 chars",
KOJO,Adelaide,Australia,https://kojo.com.au/careers/,sem-arte,"200, 19695 chars",
Lamplight Forest,Adelaide,Australia,http://lamplightforest.com/jobs.html,erro,HTTP Error 403: Forbidden,
League of Geeks,Melbourne,Australia,http://leagueofgeeks.com/careers,erro,HTTP Error 403: Forbidden,
Lee Bones Productions,Melbourne,Australia,https://leebones.com.au/,js,"200, corpo de 259 chars",
Legend Story Studios,Auckland,New Zealand,https://legendstory.com/contact,sem-arte,"200, 803 chars",
Lemonade Games,Sydney,Australia,https://lemonadegames.co/,erro,<urlopen error [Errno 104] Connection reset by peer>,
Limehouse,Sydney,Australia,https://www.limehousecreative.com/,sem-arte,"200, 7308 chars",
Liminal VR,Melbourne,Australia,http://liminalvr.com/,erro,HTTP Error 403: Forbidden,
LionsHeart Studios,Sydney,Australia,http://lionsheartstudios.com/careers/,erro,HTTP Error 403: Forbidden,
Lithodomos VR,Melbourne,Australia,http://www.lithodomosvr.com/,erro,HTTP Error 403: Forbidden,
Lost Cosmonauts,Wellington,New Zealand,https://www.lostcosmonauts.com/,sem-arte,"200, 1956 chars",
Loveshack,Melbourne,Australia,http://loveshackentertainment.com/,erro,HTTP Error 403: Forbidden,
Luce Creative,Melbourne,Australia,http://luce-creative.com/,erro,HTTP Error 403: Forbidden,
Mad Carnival,Dunedin,New Zealand,https://www.madcarnivalgames.com/,sem-arte,"200, 684 chars",
Masters of Reality,Auckland,New Zealand,https://morvfx.com/join,sem-arte,"200, 1827 chars",
Mayday,Wellington,New Zealand,https://www.mayday.nz/careers-1,erro,HTTP Error 404: Not Found,
Mello Motion,Wollongong,Australia,https://mellomotion.co/,sem-arte,"200, 3299 chars",
Mighty Eyes,Auckland,New Zealand,https://www.mightyeyes.games/careers,sem-arte,"200, 1238 chars",
Mighty Kingdom,Adelaide,Australia,https://www.mightykingdom.com/careers/,sem-arte,"200, 3541 chars",
MISTER,Sydney,Australia,http://mister.net.au/,erro,HTTP Error 403: Forbidden,
ModelFarm,Adelaide,Australia,https://modelfarm.com.au/,sem-arte,"200, 608 chars",
ModelFarm,Brisbane,Australia,https://modelfarm.com.au/,sem-arte,"200, 608 chars",
Modern Storyteller,Melbourne,Australia,https://modern-storyteller.com/careers/,js,"200, corpo de 208 chars",
Monkeystack,Adelaide,Australia,https://monkeystack.com.au/,sem-arte,"200, 1251 chars",
Mountains,Melbourne,Australia,http://mountains.studio/,erro,HTTP Error 403: Forbidden,
MyTona,Auckland,New Zealand,https://mytona.com/career,js,"200, corpo de 353 chars",
NantStudios,Melbourne,Australia,https://nantstudios.com/,sem-arte,"200, 3358 chars",
New Holland Creative,Sydney,Australia,http://www.newhollandcreative.com/,erro,<urlopen error [Errno -2] Name or service not known>,
Ninja Kiwi,Auckland,New Zealand,https://ninjakiwi.com/,sem-arte,"200, 1065 chars",
Noble Steed Games,Sydney,Australia,https://noblesteedgames.com/careers/,sem-arte,"200, 3397 chars",
Normal Wholesome Games,Melbourne,Australia,https://normalwholesomegames.com/,js,"200, corpo de 108 chars",
Nosy Jones,Sydney,Australia,http://www.nosyjones.com/,erro,<urlopen error [Errno -2] Name or service not known>,
Not Doppler,Sydney,Australia,https://studio.notdoppler.com/,sem-arte,"200, 3202 chars",
Now We Collide,Sydney,Australia,https://nowwecollide.com.au/,sem-arte,"200, 3650 chars",
Nyuk Nyuk,Wellington,New Zealand,https://www.nyuknyuk.com/jobs,erro,HTTP Error 404: Not Found,
NZXR,Wellington,New Zealand,https://www.nzxr.dev/careers,sem-arte,"200, 384864 chars",
onebitbeyond,Brisbane,Australia,https://onebitbeyond.com/,erro,<urlopen error Tunnel connection failed: 502 Bad Gateway>,
Opaque Space,Melbourne,Australia,http://www.opaque.media/#home,erro,HTTP Error 403: Forbidden,
Outerdawn,Auckland,New Zealand,https://www.outerdawn.com/careers,sem-arte,"200, 3228 chars",
Pancho,Melbourne,Australia,http://pancho.com.au/jobs/,erro,HTTP Error 403: Forbidden,
Panda Arcade,Melbourne,Australia,https://www.pandaarcade.com/,sem-arte,"200, 1325 chars",
Phonetic Images,Sydney,Australia,https://www.phoneticfilm.com/,sem-arte,"200, 45189 chars",
Pines and Palms,Byron Bay,Australia,https://www.pinesandpalms.tv/we-are-hiring,erro,HTTP Error 404: Not Found,
Playcorp Studios,Melbourne,Australia,https://www.playcorp.com/jobs,js,"200, corpo de 221 chars",
PlaySide,Melbourne,Australia,https://playsidestudios.com/careers,sem-arte,"200, 213906 chars",
Prep Point Studio,Auckland,New Zealand,https://www.preppointstudio.com/careers,sem-arte,"200, 826 chars",
Prideful Sloth,Brisbane,Australia,https://www.pridefulsloth.com/contact-us,js,"202, corpo de 1 chars",
Princess Bento Studio,Melbourne,Australia,https://www.princessbento.com/careers,erro,HTTP Error 404: Not Found,
Prodigious,Sydney,Australia,https://www.prodigious.com/,sem-arte,"200, 5606 chars",
Prosper,Sydney,Australia,http://prospereducation.com/,erro,HTTP Error 403: Forbidden,
RDBK Studios,Melbourne,Australia,https://www.rdbkstudios.com/join-the-team,js,"200, corpo de 323 chars",
Real Serious Games,Brisbane,Australia,http://www.realseriousgames.com/,erro,HTTP Error 403: Forbidden,
Reanimated Digital,,Australia,https://www.reanimateddigital.com/careers,erro,<urlopen error Tunnel connection failed: 502 Bad Gateway>,
Resolution Design,Sydney,Australia,http://www.resolutiondesign.com.au/,erro,HTTP Error 403: Forbidden,
RiffRaff Games,Wellington,New Zealand,https://www.riffraff.games/,sem-arte,"200, 550 chars",
Robot Fights Monster,Melbourne,Australia,https://www.robotfightsmonster.com/,sem-arte,"200, 5915 chars",
Robot House,Sydney,Australia,http://robothouse.com.au/jobs/,erro,HTTP Error 403: Forbidden,
Rotor Studios,Sydney,Australia,http://www.rotorstudios.com/careers/,erro,HTTP Error 403: Forbidden,
Route 59,Melbourne,Australia,http://projectvn.blogspot.com.au/,erro,HTTP Error 403: Forbidden,
Samurai Punk,Melbourne,Australia,https://samuraipunk.com/jobs,erro,HTTP Error 404: Not Found,
Sandbox Productions,Leederville,Australia,https://thesandbox.com.au/,sem-arte,"200, 5466 chars",
Savy Soda,Melbourne,Australia,http://www.savysoda.com/,erro,HTTP Error 403: Forbidden,
Scientific Games,Sydney,Australia,https://www.scientificgames.com/careers/,sem-arte,"200, 4076 chars",
Sedona,Surry Hills,Australia,https://sedona.com.au/,sem-arte,"200, 1373 chars",
Serve Chilled,Brisbane,Australia,https://www.servechilled.tv/,js,"200, corpo de 148 chars",
Siamese,Perth,Australia,https://www.siamese.com.au/,sem-arte,"200, 125824 chars",
SlateVFX,Sydney,Australia,https://www.slatevfx.com/jobs/,erro,HTTP Error 500: Internal Server Error,
Sledgehammer Games,Melbourne,Australia,https://careers.activision.com/,sem-arte,"200, 2258 chars",
SMG Studio,Melbourne,Australia,http://smgstudio.applytojob.com/apply,erro,HTTP Error 403: Forbidden,
SMG Studio,Sydney,Australia,http://smgstudio.applytojob.com/apply,erro,HTTP Error 403: Forbidden,
Soul Machines,Auckland,New Zealand,https://www.soulmachines.com/careers/,sem-arte,"200, 45368 chars",
Space Rock Games,Auckland,New Zealand,https://www.spacerockgames.com/careers,sem-arte,"200, 13538 chars",
Spinifex Group,Sydney,Australia,http://spinifexgroup.com/#/careers,erro,HTTP Error 403: Forbidden,
Spunge Games,Brisbane,Australia,https://spungegames.com/careers/,sem-arte,"200, 1476 chars",
Stage23,Sydney,Australia,http://stage23.com.au/jobs/,erro,HTTP Error 403: Forbidden,
StaplesVR,Auckland,New Zealand,https://www.staplesvr.com/careers,ARTE,200,"3d artist, sculpt"
Starcolt,Wellington,New Zealand,https://starcolt.com/careers/,erro,HTTP Error 403: Forbidden,
Step Change,Sydney,Australia,http://www.hellostepchange.com/join-our-team/,erro,HTTP Error 403: Forbidden,
Studio 3AM,Sydney,Australia,https://studio3.am/,sem-arte,"200, 1920 chars",
Studio Blackbird,Sydney,Australia,https://studioblackbird.com.au/,js,"200, corpo de 90 chars",
Studio Drydock,Melbourne,Australia,https://studiodrydock.com/jobs/,sem-arte,"200, 2068 chars",
Studio Gilay,Sydney,Australia,http://studiogilay.com/,erro,HTTP Error 403: Forbidden,
Studio Hackett,Sydney,Australia,https://studiohackett.com/,sem-arte,"200, 10102 chars",
Studio iO,Melbourne,Australia,https://studio-io.com/,sem-arte,"200, 651 chars",
Studio Local,Auckland,New Zealand,http://studiolocal.tv/,erro,HTTP Error 403: Forbidden,
Studio Moshi,Melbourne,Australia,https://www.studiomoshi.com/,sem-arte,"200, 909 chars",
Studio Pancho,Collingwood,Australia,https://pancho.com.au/jobs/,sem-arte,"200, 355426 chars",
Studio Spud,,Australia,https://www.studiospud.com/,sem-arte,"200, 710 chars",
Studio Orange,Perth,Australia,https://studioorange.tv/,sem-arte,"200, 12063 chars",
Suberashi,Sydney,Australia,http://suberashi.com/,erro,HTTP Error 403: Forbidden,
Suberashi,Auckland,New Zealand,http://suberashi.com/,erro,HTTP Error 403: Forbidden,
Summerfall Studios,Melbourne,Australia,https://www.summerfallstudios.com/careers,sem-arte,"200, 4261 chars",
Supersphera VFX,Melbourne,Australia,https://www.supersphera.com/,sem-arte,"200, 995 chars",
Sweaty Chair,Sydney,Australia,http://www.sweatychair.com/,erro,HTTP Error 403: Forbidden,
Tabcorp,Melbourne,Australia,http://careers.pageuppeople.com/547/cw/en/listing,erro,HTTP Error 403: Forbidden,
tagSpace,Bondi Beach,Australia,https://tagspace.com/,sem-arte,"200, 3508 chars",
Tantalus,Melbourne,Australia,http://www.tantalus.com.au/jobs.html,erro,HTTP Error 403: Forbidden,
The Binary Mill,Brisbane,Australia,http://www.thebinarymill.com/jobs.php,erro,HTTP Error 403: Forbidden,
The Creative Foundry,Sydney,Australia,http://www.thecreativefoundry.com.au/,erro,HTTP Error 403: Forbidden,
The Imagination Collaborative,Sydney,Australia,https://www.theimaginationcollaborative.com/,sem-arte,"200, 29804 chars",
The Orphanage,Brisbane,Australia,https://theorphanage.com.au/careers,erro,<urlopen error [SSL: TLSV1_ALERT_INTERNAL_ERROR] tlsv1 alert,
The Pulse,Sydney,Australia,https://www.experiencethepulse.com/,erro,<urlopen error Tunnel connection failed: 502 Bad Gateway>,
The Solid State,Sydney,Australia,https://thesolidstate.com/jobs/,sem-arte,"200, 696 chars",
The Three Thousands,Melbourne,Australia,https://www.thethreethousands.com/careers,sem-arte,"200, 1635 chars",
Tin Man Games,Melbourne,Australia,http://tinmangames.com.au/blog/,erro,HTTP Error 403: Forbidden,
Toast VR,Burleigh Heads,Australia,https://toast.games/careers/,sem-arte,"200, 3188 chars",
Torus Games,Melbourne,Australia,http://www.torus.com.au/index.php?page=jobs,erro,HTTP Error 403: Forbidden,
Toybox Animation,Auckland,New Zealand,http://toybox.co.nz/,erro,HTTP Error 403: Forbidden,
Tripledot Studios,Melbourne,Australia,https://tripledotstudios.pinpointhq.com/#js-careers-jobs-block,sem-arte,"200, 117996 chars",
True Axis,Melbourne,Australia,http://trueaxis.com/,erro,HTTP Error 403: Forbidden,
Two and a Half Studios,Hobart,Australia,https://www.twoandahalfstudios.com/,sem-arte,"200, 3402 chars",
Two Bulls,Melbourne,Australia,https://www.twobulls.com/careers/,erro,HTTP Error 404: Not Found,
Two Tractors,Melbourne,Australia,https://twotractors.com.au/,sem-arte,"200, 9434 chars",
Ultimate Studio,Melbourne,Australia,https://ultimate.studio/jobs/,sem-arte,"200, 3209 chars",
Ultimerse,Melbourne,Australia,https://ultimerse.com/,sem-arte,"200, 2800 chars",
Undeclared Variable,Sydney,Australia,https://www.undeclared-variable.com/,sem-arte,"200, 7179 chars",
Unlisted,Richmond,Australia,https://unlisted.co/,sem-arte,"200, 2434 chars",
Uppercut Games,Canberra,Australia,https://www.seek.com.au/Uppercut-Games-jobs/at-this-company,erro,HTTP Error 403: Forbidden,
Upsurge Studios,Melbourne,Australia,https://www.upsurgestudios.com/careers/,ARTE,200,character artist
Urban Voyage Studios,Auckland,New Zealand,http://urbanvoyage.com/,erro,HTTP Error 403: Forbidden,
ustwo,Sydney,Australia,https://www.ustwo.com/join-us,sem-arte,"200, 6940 chars",
VANDAL,Sydney,Australia,https://vandal.sydney/,sem-arte,"200, 1272 chars",
VGW,Perth,Australia,https://www.vgw.co/,sem-arte,"200, 3881 chars",
Viskatoons,Melbourne,Australia,https://www.viskatoons.com/,sem-arte,"200, 2134 chars",
Weforge Studio,Sydney,Australia,https://www.weforgestudio.com/blank,sem-arte,"200, 11707 chars",
Wicked Workshop,Melbourne,Australia,https://www.wickedworkshop.com.au/careers,sem-arte,"200, 6199 chars",
Wingnut AR,Wellington,New Zealand,https://careers.wetafx.co.nz/jobs,js,"200, corpo de 147 chars",
Winterwire Games,Perth,Australia,https://winterwiregames.com/,erro,HTTP Error 403: Forbidden,
WRESTLER,Wellington,New Zealand,https://www.wrestler.nz/jobs,erro,HTTP Error 404: Not Found,
Wymac Gaming Solutions,Melbourne,Australia,http://www.wymac.com.au/,erro,HTTP Error 403: Forbidden,
Yak & Co,Melbourne,Australia,http://yakand.co/,erro,HTTP Error 403: Forbidden,
Zero Latency,Melbourne,Australia,https://zerolatencyvr.com/careers,js,"200, corpo de 106 chars",
Zero One,Melbourne,Australia,https://zeroonestudio.com/jobs/,js,"200, corpo de 231 chars",
