estudio,pais,site,estado_varredura,url_carreiras,vocabulario_encontrado
1047 Games,United States of America,https://www.splitgate.com/,sem-careers,https://www.splitgate.com/,
1336 Studios,United States of America,https://1336studios.com/,erro,,
1st Impact Games Limited,United Kingdom of Great Britain and Northern Ireland,https://www.1stimpactgames.com/,sem-arte,https://www.1stimpactgames.com/careers,
2weeks,United States of America,https://www.2weeks.games/,sem-arte,https://2weeks.ghost.io/jobs/,
5350 Studios inc.,Global,https://5350.ca,sem-careers,https://5350.ca,
"Work-from-home customer support in any language, any skill, anywhere",Netherlands,https://www.5ca.com/,js,https://careers.5ca.com/,
5th Planet Games,Germany,https://www.5thplanetgames.com/,sem-careers,https://www.5thplanetgames.com/,
7 Digital Labs,Switzerland,https://7digilabs.com/,sem-arte,https://7digilabs.com/careers,
8Bit- Games Industry Recruitment,Global,https://8bitplay.com/,ARTE,https://8bitplay.com/jobs/,3d artist
8Bit,Global,https://8bitplay.com/,ARTE,https://8bitplay.com/jobs/,3d artist
A Stranger Gravity,United States of America,http://astrangergravity.com,erro,,
A Thinking Ape Entertainment Ltd,Canada,https://athinkingape.com/careers/,sem-arte,https://athinkingape.com/careers/,
Abstraction,Netherlands,https://abstraction.games/,js,https://abstraction.games/jobs,
Abylight Studios,Spain,http://abylight.com/,erro,,
Acadicus,United States of America,https://acadicus.com/,sem-careers,https://acadicus.com/,
Acid Pixel Studios,France,https://www.acid-pixel.com/,sem-careers,https://acid-pixel.com/,
Acorn Games Advertising,United Kingdom of Great Britain and Northern Ireland,https://acorngames.gg/,sem-careers,https://acorngames.gg/,
Adept Games,United States of America,https://adept.games/,js,https://adept.games/careers,
AdHoc Studio,United States of America,https://www.adhocla.com/,sem-arte,https://careers.adhocla.com,
About Adopt Me,United States of America,https://playadopt.me/,ARTE,https://www.uplift.games/careers,3d artist
Adrian Crook & Associates,United States of America,https://adriancrook.com/,sem-careers,https://adriancrook.com/,
Adventure Studios,Singapore,http://www.adventurestudios.io,erro,,
Advenworks is all about,France,https://advenworks.com/,sem-arte,https://advenworks.com/careers/,
Afterburner Studios,Global,https://theafterburnerstudios.com,sem-arte,https://www.theafterburnerstudios.com/work-with-us/,
Afterschool Studio,United States of America,https://afterschool.studio/,sem-careers,https://afterschool.studio/,
Agave.com,United States of America,https://www.agave.com,sem-careers,https://oxley.com/domain/agave.com/,
Airlab,United Kingdom of Great Britain and Northern Ireland,https://airlab.ai/,sem-careers,https://www.airlab.ai/,
Akupara Games,United States of America,https://www.akuparagames.com/,erro,,
Alderon Games,Global,https://alderongames.com/,sem-arte,https://alderongames.com/work-with-us,
Alderon Games Pty Ltd,Australia,https://alderongames.com,sem-arte,https://alderongames.com/work-with-us,
All Possible Futures,United Kingdom of Great Britain and Northern Ireland,https://allpossiblefutures.com,sem-arte,https://allpossiblefutures.com/_nuxt/CommunityCareers.75c0e4a8.js,
Alpaca Metaverse,Canada,https://www.alpacafinance.org/,erro,,
Altplay Studio,Global,https://altplay.io,sem-careers,https://altplay.io,
AMC Studio,Romania,https://amcstudio.ro/,ARTE-home,https://www.amcstudio.ro/,groom
Amiqus,United Kingdom of Great Britain and Northern Ireland,https://www.amiqus.com/,sem-arte,https://www.amiqus.com/job-results#JobSearch,
Anagram,United Kingdom of Great Britain and Northern Ireland,https://weareanagram.co.uk/,sem-arte,https://weareanagram.co.uk/work-with-us/,
Anego Studios,Global,https://www.vintagestory.at/,sem-arte,https://www.vintagestory.at/jobs.html/,
AnRKey X,Singapore,https://anrkeyx.io/,sem-careers,https://anrkeyx.io/,
Antlion Audio,United States of America,https://antlionaudio.com,sem-careers,https://antlionaudio.com,
AppLovin,United States of America,https://www.applovin.com/,sem-arte,https://www.applovin.com/en/careers,
Arcadia,France,https://www.fitnesse.fr,erro,,
Arch Virtual,United States of America,http://www.acadicus.com,erro,,
Archiact Interactive Ltd,Canada,https://www.archiactvr.com/,sem-arte,https://www.archiact.com/careers,
Arctic Theory,Iceland,https://Arctictheory.com,erro,,
Ardent Blue Technologies,United States of America,http://ardentblue.com,erro,,
Arkadium,United States of America,https://corporate.arkadium.com/careers/,sem-arte,https://corporate.arkadium.com/careers/,
Arkansas Tech University,United States of America,https://www.atu.edu/,sem-arte,https://www.atu.edu/admissions/recruiters.php,
Armature Studio,United States of America,http://armature.com/,erro,,
Armor Games Studios,United States of America,https://armorgamesstudios.com/,sem-arte,https://armorgamesstudios.com/jobs,
ArtForge Games,Bulgaria,https://www.artforgegames.com/,erro,,
Articy Software GmbH,Germany,https://www.articy.com/en/,sem-arte,https://www.articy.com/en/company/jobs/,
Articy Software,Germany,https://www.articy.com,sem-arte,https://www.articy.com/en/company/jobs/,
Artifex Mundi,Poland,http://artifexmundi.com,erro,,
Ascendant Studios,United States of America,https://www.ascendantstudios.com/,erro,,
Asmodee,United States of America,https://corporate.asmodee.com/,js,https://corporate.asmodee.com/careers,
Aspiring Unicorn Games,United States of America,http://aspiringunicorngames.com,erro,,
Astra Games,United States of America,https://www.astragames.org/,sem-careers,https://astralogical.org/,
Athena Productions,United Kingdom of Great Britain and Northern Ireland,https://www.athena-productions.com/,ARTE,https://www.athena-productions.com/careers,3d artist
Atom Switch Inc.,United States of America,https://atomswitch.dev/,sem-arte,https://atomswitch.dev/careers/,
AudioMob,United Kingdom of Great Britain and Northern Ireland,https://audiomob.com/,sem-arte,https://audiomob.com/careers,
Aurorian Studios,United States of America,https://www.onelonelyoutpost.com/,sem-careers,https://onelonelyoutpost.com/,
Avalon Corp,United States of America,https://www.playavalon.com,erro,,
Avataris GmbH,Austria,http://www.avataris.ai,erro,,
Aventra Media,Global,https://www.aventramedia.com/,erro,,
Avid Games,United Kingdom of Great Britain and Northern Ireland,https://www.cardstheuniverseandeverything.com,sem-careers,https://www.cardstheuniverseandeverything.com,
Axis Studios,United Kingdom of Great Britain and Northern Ireland,https://axisstudiosgroup.com/,sem-arte,https://axisstudiosgroup.com/,
Azra Games,United States of America,https://www.azragames.com/,sem-arte,https://azragames.com/careers/,
Balloon Studios,United Kingdom of Great Britain and Northern Ireland,https://www.balloonstudios.com/,sem-careers,https://www.balloonstudios.com/,
Bampot Studio,United States of America,https://www.bampot.studio/,sem-careers,https://www.bampot.studio/,
BAPBAP HQ,Canada,https://www.linkedin.com/company/bapbap-gg,ARTE,https://www.linkedin.com/jobs/sculptor-jobs?trk=organization_guest-browse_jobs,"3d artist, 3d character, 3d generalist, character artist, modeler, sculpt"
Barnstorm Games,United Kingdom of Great Britain and Northern Ireland,https://www.barnstormgames.com,sem-arte,https://www.barnstormgames.com#careers,
Baseline Games,United Kingdom of Great Britain and Northern Ireland,https://baseline.gg/,sem-arte,https://www.worldmakers.com/careers,
BattleFly,United States of America,http://www.battlefly.game,erro,,
Beamdog,Canada,https://www.beamdog.com/,sem-arte,https://www.beamdog.com/careers/,
BeamNG GmbH,Germany,https://beamng.gmbh,sem-arte,https://beamng.gmbh/career/,
Being & Becoming,United States of America,https://beingandbecominggame.com/,sem-careers,https://beingandbecominggame.com/,
Bemba,United States of America,https://www.bemba.tv,erro,,
BetaJester,United Kingdom of Great Britain and Northern Ireland,https://www.betajester.co.uk/,sem-arte,https://www.betajester.co.uk/careers,
Beyond Creative,United Kingdom of Great Britain and Northern Ireland,https://www.beyondcreative.gg/,sem-arte,https://www.beyondcreative.gg/careers,
Beyond-FX,United States of America,https://www.beyond-fx.com/,sem-arte,https://www.beyond-fx.com/careers,
BFB Labs,United Kingdom of Great Britain and Northern Ireland,https://bfb-labs.com,sem-arte,https://www.bfb-labs.com/careers,
Bible X,Norway,https://biblex.io/,sem-careers,https://gatezero.game/,
Big Red Button Entertainment,United States of America,http://brbent.com/,erro,,
Binance,Malta,https://www.binance.com/,js,https://www.binance.com/careers,
Binkies 3D,Netherlands,https://binkies3d.com/,ARTE,https://binkies3d.com/careers,3d artist
Biodome Games,Denmark,http://biodome.games,erro,,
Bithell Games,United Kingdom of Great Britain and Northern Ireland,https://www.bithellgames.com/,sem-careers,https://www.bithellgames.com/,
Bitwise Alchemy,United States of America,https://www.bitwisealchemy.com/,sem-arte,https://www.bitwisealchemy.com/careers,
Black Flag,France,https://studioblackflag.com/,erro,,
Black Lab Games,Australia,https://www.blacklabgames.com.au,sem-arte,https://blacklab.games/jobs,
Blackmill Games,Netherlands,https://www.blackmillgames.com/,ARTE-home,https://www.blackmillgames.com/,3d artist
BlackFoot Studios,United States of America,https://www.groundbranch.com/,sem-careers,https://www.groundbranch.com/,
Blackthorn Game Studios,Global,http://blackthorngames.com,erro,,
Bladework Games,United States of America,https://www.bladeworkgames.com/,sem-arte,https://bladeworkgames.com/#careers,
WE ARE BLANKHANS,Global,https://blankhans.io/,erro,,
Blue Wizard Digital,Canada,https://bluewizard.com,sem-arte,https://bluewizard.com/jobs,
BODS,United States of America,https://bods.me/,erro,,
Bomper Studio,United Kingdom of Great Britain and Northern Ireland,https://bomperstudio.com/careers,js,https://bomperstudio.com/careers,
Bonsai Collective,United Kingdom of Great Britain and Northern Ireland,https://www.bonsai-collective.com/,erro,,
Booming Games,Germany,https://booming-games.com/,sem-arte,https://booming-games.com/join-us,
Bozzy Studios,United States of America,http://www.bozzystudios.com,erro,,
Bramble,United States of America,https://www.bramble.live,erro,,
Branch,United States of America,https://branch.gg,erro,,
Brightrock Games,United Kingdom of Great Britain and Northern Ireland,https://brightrockgames.com,ARTE-home,https://brightrockgames.com,3d artist
Brimstone Brawlers,Australia,https://brimstonebrawlers.com/,erro,,
Bruner House,United States of America,https://www.brunerhouse.com/,sem-careers,https://www.brunerhouse.com/,
Burgos Games,United States of America,https://burgosgames.com,sem-careers,https://burgosgames.com,
Busker AR,United States of America,https://www.buskerar.com/,erro,,
Bytro Labs GmbH,Germany,https://bytro.com/career/open-positions/,js,https://linkedin.com/careers,
Caged Element,Canada,http://www.cagedelement.com,erro,,
Campfire Studios,United States of America,https://campfire-software.com/,js,https://intrusionpointgame.wordpress.com/careers,
Can Can Can a Man,Poland,https://www.cancancanaman.com/,ARTE,https://www.cancancanaman.com/jobs,modeller
Captilight,United States of America,https://www.captilight.com/,erro,,
CaptureAge,Belgium,https://captureage.com/,sem-arte,https://careers.captureage.com,
Carbon Counts,Canada,https://www.carboncounts.tech/,sem-careers,https://www.carboncounts.tech/,
Cardboard Sword,United Kingdom of Great Britain and Northern Ireland,https://cardboardsword.co.uk/,ARTE-home,https://cardboardsword.co.uk/,3d artist
Chainkemists,Global,https://chainkemists.xyz,sem-careers,https://www.chainkemists.xyz/,
Channel 3 Entertainment,Global,https://www.channel3.com/,ARTE-home,https://www.channel3.com/,sculpt
Chess.com,Sweden,https://www.chess.com/,sem-arte,https://www.chess.com/jobs,
Chromatic Games,United States of America,https://chromatic.games,sem-arte,https://chromatic.games/careers/,
About My Neighbor Alice,Global,https://chromaway.com/,sem-careers,https://chromaway.com/,
ChronoCraft LLC,United States of America,https://chronocraftgame.com/,js,https://chronocraftgame.com/careers,
CHRONOFI,Singapore,https://chronofi.io,sem-careers,https://keystonerealty.in.net/,
Circuit Stream,United States of America,https://circuitstream.com/,sem-arte,https://www.circuitstream.com/careers,
ClassDojo,United States of America,https://www.classdojo.com/engineering/,sem-arte,https://www.classdojo.com/jobs/,
ClickOut Media,Global,https://clickoutmedia.teamtailor.com/,sem-arte,https://assets-aws.teamtailor-cdn.com/assets/packs/css/careersite-5eb61452.css,
Clickwork Games,Estonia,https://clickworkgames.com/,erro,,
CMD:Studio,United Kingdom of Great Britain and Northern Ireland,https://cmd.studio/,sem-careers,https://www.villainous.games/,
Coal Supper,Netherlands,https://coalsupper.com/,sem-careers,https://coalsupper.com/,
Code Coven,United Kingdom of Great Britain and Northern Ireland,https://codecoven.co/,sem-careers,https://www.codecoven.co/,
Codeglue,Netherlands,https://codeglue.com/,erro,,
Coders'Peak,Poland,https://coderspeak.com/,sem-arte,https://coderspeak.com/careers/,
Coding Dojo,United States of America,http://www.codingdojo.com,erro,,
Cold Symmetry,United States of America,https://www.coldsymmetry.com/,sem-arte,https://www.coldsymmetry.com/jobs,
Colonist,United States of America,https://colonist.io/,sem-arte,https://colonist.io/careers,
Combyne,Germany,https://www.combyne.com/,sem-careers,https://www.combyne.com/,
Common Sense Machines,United States of America,https://www.csm.ai/,erro,,
ControlZee Inc.,United States of America,https://controlzee.com/,sem-careers,https://controlzee.com/,
Cortiical,Australia,https://www.cortiical.com/,erro,,
Cosmic Turtle,United States of America,http://www.cosmicturtle.com,erro,,
Cosmographic Software LLC,United States of America,https://spaceengine.org/,sem-careers,https://spaceengine.org/,
Cost Center,Global,http://costcenter.net,erro,,
Cozy Game Studio,Denmark,https://cozygamestudio.com/,erro,,
Cradaptive,Netherlands,https://cradaptive.com,sem-careers,https://www.cradaptive.com/,
Create Something Interesting,United States of America,https://www.createsomethinginteresting.com/,erro,,
Creative Personnel,United Kingdom of Great Britain and Northern Ireland,https://www.creativepersonnel.co.uk/,sem-arte,https://www.creativepersonnel.co.uk/jobs,
Creative Talent Solutions,Malta,http://www.creativetalentsolutions.com/,erro,,
Creature,Global,https://www.creature.page,sem-careers,https://www.creature.page,
Crispy Creative,United States of America,https://www.crispy-creative.com/,erro,,
Crit Crew GmbH,Germany,http://critcrew.com,erro,,
Critical Force,Finland,https://criticalforce.fi/,sem-arte,https://criticalforce.fi/careers/,
Crunchy Studio,United States of America,https://crunchy.studio/,js,https://crunchy.studio/careers,
CrustLab,Poland,https://crustlab.com/,sem-arte,https://crustlab.com/career/,
Crytek,Germany,https://www.crytek.com/,sem-arte,https://www.crytek.com/career,
A Force For Good,Global,https://csgoempire.com/faq,js,https://csgoempire.com/careers,
Cubit Studios,United Kingdom of Great Britain and Northern Ireland,https://www.cubitstudios.com/,sem-careers,https://www.cubitstudios.com/,
CUDO,United States of America,http://www.cudo.world,erro,,
Cute Newt,United Kingdom of Great Britain and Northern Ireland,https://www.cutenewt.com/,sem-careers,https://www.cutenewt.com/,
CVEDIA,United Kingdom of Great Britain and Northern Ireland,https://www.cvedia.com/,sem-arte,https://www.cvedia.com/careers/,
Cyan Inc,United States of America,https://cyan.com/,erro,,
Cyber Manatee GmbH,Germany,https://cybermanatee.com/,erro,,
Dare to Dream Games,Global,http://daretodreamgames.com,erro,,
Darmaal,United States of America,http://darmaal.com,erro,,
Datascope,United Kingdom of Great Britain and Northern Ireland,https://datascope.co.uk/,js,https://datascope.co.uk/careers,
Datascope Recruitment,United Kingdom of Great Britain and Northern Ireland,https://datascope.co.uk/,js,https://datascope.co.uk/careers,
Day[9]'s Game Studio,United States of America,https://day9.tv/,sem-arte,https://day9.tv/careers,
Daybreak Games,United States of America,https://www.daybreakgames.com/,sem-arte,https://www.daybreakgames.com/careers,
Deadleaf Games,Australia,https://www.deadleafgames.com,js,https://www.deadleafgames.com/jobs/,
DECA,Germany,https://decagames.com/,sem-arte,https://decagames.com/#career,
DeGenerals S.A.,Poland,https://degenerals.com/en/,erro,,
Develop-Players Srl,Italy,https://www.develop-players.com/en/home/,sem-careers,https://develop-players.com/en/,
Digimancy Entertainment,United States of America,https://www.digimancygames.com,sem-arte,https://digimancygames.com/jobs,
Digital Collective Games,Global,https://www.digitalcollectivegames.com/,sem-arte,https://digitalcollectivegames.com/careers/,
Digital Lode,Australia,https://thelode.com.au/,sem-careers,https://thelode.com.au/,
Digital Village,France,https://digitalvillage.io/,js,https://digitalvillage.io/careers,
Digitalmindsoft GmbH,Germany,http://www.digitalmindsoft.eu,erro,,
Dinosaur Polo Club,New Zealand,https://dinopoloclub.com/,sem-arte,https://dinopoloclub.com/careers/,
Dionic Software,Germany,https://dionicsoftware.com/,ARTE,https://dionicsoftware.com/jobs.html,"3d artist, 3d generalist"
Disbelief,United States of America,https://www.disbelief.com/,js,https://disbelief.com/404/,
Discord,United States of America,https://discord.com/,sem-arte,https://discord.com/careers,
Discovery Education,United States of America,https://www.discoveryeducation.com/,sem-arte,https://careerconnect.discoveryeducation.com/pages/6d3aa62b-2e73-455f-8817-b8a7f1601c26,
Disobey,United Kingdom of Great Britain and Northern Ireland,https://www.disobey.gg/,sem-arte,https://www.disobey.gg/careers,
Disruptive Games,Global,https://www.disruptivegames.com/,sem-careers,https://www.disruptivegames.com/,
DNABLOCK,United States of America,http://www.dnablock.com,erro,,
Doborog,United States of America,http://www.doborog.com/about,erro,,
Double Dusk,Global,https://doubledusk.com/,sem-careers,https://doubledusk.com/,
Double Jack,France,http://www.doublejack.io,erro,,
DoubleJump,Canada,http://doublejump.com,erro,,
DragonBear Studios,Australia,https://innchanted.com/,sem-careers,https://innchanted.com/,
Dragons Lake,Cyprus,http://dragonslake.com/,erro,,
DreamForge,United States of America,https://www.playdreamforge.com/,sem-careers,https://www.playdreamforge.com/,
Dream Harvest,United Kingdom of Great Britain and Northern Ireland,https://dreamharvest.co.uk/,erro,,
Hirewell,United States of America,https://hirewell.com/,sem-arte,https://hirewell.com/recruiting/advisory,
Dreamfeel,Ireland,https://dreamfeel.ie/,sem-careers,https://dreamfeel.ie/,
DreamSail Games,United States of America,http://www.dreamsailgames.com,erro,,
DreamWorld,United States of America,https://www.playdreamworld.com/,js,https://www.playdreamworld.com/careers,
Drip Marketplace LLC.,United States of America,https://dripindustries.com,erro,,
Drone Champions League,Austria,https://dcl.aero,sem-careers,https://dronechampionsleague.com/,
Dubit,United Kingdom of Great Britain and Northern Ireland,https://www.dubitlimited.com/,sem-arte,https://dubit.io/a-team,
Duelit,United States of America,http://www.duelit.com,erro,,
Dyscordion Entertainment,United States of America,https://dyscordionentertainment.com,js,https://dyscordionentertainment.com/careers,
E-Line Media,United States of America,https://elinemedia.com/,sem-arte,https://www.elinemedia.com/careers,
East Side Games,Canada,https://www.eastsidegames.com/,sem-arte,https://www.eastsidegames.com/jobs/,
Eastshade Studios,United States of America,http://eastshade.com/,erro,,
Easy Day Studios,United States of America,http://www.easydaystudios.com,erro,,
echoAR,United States of America,https://www.echoar.xyz/,sem-arte,https://www.echo3d.com/about/careers,
Edge of the World Studios,Global,http://www.eotwstudios.com,erro,,
Eggnut,Global,https://eggnut.net/,erro,,
ElevenPoint2,United States of America,https://elevenpoint2.com/,erro,,
"Eleventh Hour Games is an all-remote game development studio currently working on the upcoming ARPG, Last Epoch",United States of America,https://eleventhhour.games/,js,https://eleventhhour.games/careers,
Elo Entertainment,United States of America,https://elo.io/,sem-arte,https://www.elo.io/careers,
Endless OS Foundation,United States of America,https://www.endlessos.org/,sem-careers,https://access.endlessstudios.com/,
Enhearten Media,Global,https://www.sanctuaryshatteredsun.com/,sem-careers,https://www.sanctuaryshatteredsun.com/,
Entangled Worlds,Denmark,https://entangledworlds.com/,erro,,
Entity,Ireland,https://entitygames.com/,js,https://entity.gg/jobs/,
Entrada Interactive,United States of America,https://entradainteractive.com/,js,https://entradainteractive.com/careers,
Epic Story Interactive,Canada,https://www.epicstoryinteractive.com/,ARTE,https://nightmarket.games/careers/,3d artist
Eram Games,United States of America,http://Eramgames.com,erro,,
Erase All Kittens,United Kingdom of Great Britain and Northern Ireland,https://eraseallkittens.com/,sem-careers,https://eraseallkittens.com/,
Estudiofuture,Spain,http://estudiofuture.com,erro,,
Ever Curious Entertainment,Canada,https://www.evercurious.games/,sem-careers,https://www.evercurious.games/,
Everbloom Games,United Kingdom of Great Britain and Northern Ireland,https://everbloomgames.com/,sem-arte,https://everbloomgames.com/careers/,
Everguild,Spain,https://everguild.com/,erro,,
EXP,Australia,https://exp.org.au/,erro,,
F4D Media,United Kingdom of Great Britain and Northern Ireland,https://f4d.co.uk/,sem-careers,https://f4d.co.uk/,
Fabrik Games,United Kingdom of Great Britain and Northern Ireland,https://www.fabrikgames.com/,ARTE-home,https://www.fabrikgames.com/,"character artist, characterartist"
Fair Games ApS,Global,http://necessegame.com,erro,,
Fallen Tree Games,United Kingdom of Great Britain and Northern Ireland,http://www.fallentreegames.com,erro,,
Feel Free Games B.V.,Netherlands,https://feelfreegames.com/,sem-arte,https://feelfreegames.com/jobs,
Fein Games,Germany,https://www.fein.games/,sem-careers,https://www.fein.games/,
Fellow Traveller,Australia,https://www.fellowtraveller.games/,sem-arte,https://www.fellowtraveller.games/blog/making-the-opening-matter,
Feminist Frequency,United States of America,http://feministfrequency.com,erro,,
Filament Games,United States of America,https://www.filamentgames.com/,sem-arte,https://www.filamentgames.com/careers,
Finfin Play,Switzerland,https://fashionleaguegame.com,sem-careers,https://fashionleaguegame.com,
Firesprite,United Kingdom of Great Britain and Northern Ireland,https://www.firesprite.com/,sem-arte,https://firesprite.com/careers,
FitXR,United Kingdom of Great Britain and Northern Ireland,http://www.fitxr.com/careers,erro,,
Flatter Than Earth Inc.,United States of America,http://flatterthanearth.com,erro,,
Flying Sheep Studios,Germany,https://flying-sheep.com/,erro,,
Foldio - Creative Learning Technologies,Germany,https://www.foldio.tech/,js,https://www.foldio.tech/pages/jobs.html,
Foresight Games,Portugal,https://foresightgames.com,sem-careers,https://foresightgames.com,
Found Object VR,United States of America,https://foundobjectmedia.com/,sem-arte,https://wordpress.com/careers/,
Fox Cub Games,United States of America,http://www.foxcubgames.com/,erro,,
Foxie Games,Australia,https://www.foxieventures.com/,sem-arte,https://www.foxieventures.com/jobs/,
Fractional Uprising Studios,United States of America,https://openseason.games/,js,https://openseason.games/careers,
About FRAME BREAK,Sweden,https://framebreak.se/,ARTE,https://jobs.framebreak.se/,3d artist
Free Range Games,United States of America,https://www.freerangegames.com/,sem-careers,https://www.freerangegames.com/,
Frictional Games,Sweden,https://frictionalgames.com/,sem-arte,https://frictionalgames.com/careers-faq/,
Fruity Systems,United Kingdom of Great Britain and Northern Ireland,https://fruitysystems.com,sem-careers,https://fruitysystems.com,
FRVR,Portugal,https://corp.frvr.com/,sem-careers,https://corp.frvr.com/,
FRVR Studio Spelunca,Denmark,https://frvr.com/,sem-arte,https://careers.frvr.com/,
Funcom Oslo AS,Norway,https://www.funcom.com/life-at-funcom/,sem-arte,https://www.funcom.com/careers-in-funcom/,
Fundamentally Games,United Kingdom of Great Britain and Northern Ireland,http://www.fundamentally.games,erro,,
Furcula Inc.,Canada,https://furcula.ca/,sem-careers,https://furcula.ca/,
Future Past Creatives,Global,https://www.fpcreatives.com/,sem-careers,https://www.fpcreatives.com/,
Future Visual,United Kingdom of Great Britain and Northern Ireland,https://www.futurevisual.com/,js,https://www.futurevisual.com/careers,
FuzzyBot,United States of America,http://www.fuzzybot.com,erro,,
G.Round,United States of America,http://www.gameround.co,erro,,
G-SPACE STUDIO LTD,Cyprus,http://gs-studio.eu,erro,,
Gabsee,France,https://www.gabsee.com/,erro,,
Gadget-Bot Inc. / Kaidro LLC,United States of America,https://gadget-bot.com/,js,https://gadget-bot.com/careers,
Gadget-Bot Inc,United States of America,https://gadget-bot.com/,js,https://gadget-bot.com/careers,
Galaktus,Poland,https://www.galaktus.pl,sem-arte,https://galaktus.pl/recruitment/,
Game Academy,United Kingdom of Great Britain and Northern Ireland,http://gameacademy.co,erro,,
Game Anglia,United Kingdom of Great Britain and Northern Ireland,https://www.gameanglia.co.uk/,sem-careers,https://www.gameanglia.co.uk/,
Game Closure,United States of America,https://www.gameclosure.com/,sem-careers,https://www.gameclosure.com/,
Game Department,United States of America,https://gamedepartment.com/,sem-careers,https://gamedepartment.com/,
Game Insight,Lithuania,https://www.game-insight.com/,sem-careers,https://www.game-insight.com/en,
Gamebreaking Studios,United States of America,https://www.gamebreaking.com/,sem-arte,https://careers.gamebreaking.com/?utm_source=gamebreakingcom&amp;utm_medium=link&amp;utm_content=nav,
GameDevHQ,United States of America,https://gamedevhq.com/,sem-arte,https://gamedevhq.com/jobs-for-unity-developers/,
GameGlass,Canada,https://gameglass.gg,sem-careers,https://gameglass.gg,
GameHouse Original Stories,Germany,https://www.gamehouseoriginalstories.com/,js,https://gamehouseplus.com/careers,
GameName,United States of America,https://www.gamename.live/,sem-arte,https://www.gamename.live/careers/,
Gameplay Galaxy,Global,https://www.gameplaygalaxy.com/,sem-arte,https://www.gameplaygalaxy.com/#careermobile,
Gamercraft,United States of America,https://www.gamercraft.com,sem-careers,https://www.gamercraft.com/en,
GamerSafer,United States of America,https://gamersafer.com/,sem-arte,https://www.gamersafer.com/careers,
GamesRadar+,United States of America,https://www.gamesradar.com/,sem-careers,https://www.gamesradar.com/,
Gameye,Netherlands,https://www.gameye.com,sem-arte,https://gameye.com/careers/,
Gaming Instincts,United States of America,https://www.gaminginstincts.com/,sem-careers,https://www.gaminginstincts.com/,
Gamma Minus,Germany,https://www.gammaminus.com/,sem-careers,https://www.gammaminus.com/,
Ganymede Games,Global,http://ganymede.games,erro,,
We Are Gardens,United States of America,https://gardens.dev/,sem-arte,https://gardens.dev/careers,
Gazehound Games,United States of America,https://gazehoundgames.com,sem-careers,https://gazehoundgames.com,
Gearbox Softwate,United States of America,https://www.gearboxsoftware.com/,erro,,
Genfanad,United States of America,http://www.genfanad.com,erro,,
Our Story,United States of America,https://genpop.io,erro,,
Geo AR,New Zealand,https://www.geoar.com/,sem-careers,https://www.geoar.com/,
Giant Army,United States of America,http://universesandbox.com/,erro,,
Giant Army / Universe Sandbox,United States of America,http://universesandbox.com/,erro,,
Giant Squid,United States of America,https://giantsquidstudios.com/,sem-arte,https://giantsquidstudios.com/Jobs,
Global Game Jam,United States of America,https://globalgamejam.org/,erro,,
Glossbird,United States of America,https://www.glossbird.com,sem-careers,https://glossbird.com/,
Godot Foundation,Netherlands,https://godot.foundation/,js,https://godot.foundation/jobs,
Goldborough Studio,United Kingdom of Great Britain and Northern Ireland,http://www.goldboroughstudio.com,erro,,
GoldFire Studios,United States of America,https://goldfirestudios.com,js,https://goldfirestudios.com/careers,
GOLF+,United States of America,https://www.golfplusvr.com/,js,https://www.golfplusvr.com/careers,
GoLoco Media,United States of America,https://www.finalpilot.com/,sem-careers,https://www.finalpilot.com/,
Good Gamer Group,Global,http://www.goodgamergroup.com,erro,,
Good Gate Media,United Kingdom of Great Britain and Northern Ireland,https://www.goodgatemedia.com,sem-careers,https://www.goodgatemedia.com,
Good Shepherd Entertainment,Netherlands,https://www.goodshepherd.games/,sem-arte,https://www.goodshepherd.games/careers,
GoodAI,Czech Republic,https://www.goodai.com,sem-arte,https://www.goodai.com/careers/,
Graceful Decay,United States of America,https://www.insidedecay.com/,erro,,
Great Ape Games,United Kingdom of Great Britain and Northern Ireland,https://greatapegames.com,sem-arte,https://greatapegames.com/careers/,
Greenheart Games,Australia,https://www.greenheartgames.com/about,sem-arte,https://www.greenheartgames.com/jobs/,
Halfbrick Studios,Australia,https://www.halfbrick.com/,sem-arte,https://www.halfbrick.com/careers,
Hardsuit Labs,United States of America,https://www.hardsuitlabs.com/about/,erro,,
Hat Hair Games,United States of America,http://hathairgames.com/,erro,,
Heaven Media Ltd,United Kingdom of Great Britain and Northern Ireland,https://www.heavenmedia.com/,sem-arte,https://heavenmedia.com/careers/,
"Hero Forge (Sky Castle Studios, LLC)",United States of America,https://www.skycastlestudios.com/,sem-careers,https://www.skycastlestudios.com/,
Herobeat Studios,Spain,https://herobeatstudios.com/,ARTE,https://herobeatstudios.com/jobs/,visual development
HEROmation,United States of America,http://heromation.com/,erro,,
Hidden Achievement,United States of America,https://hiddenachievement.com/,js,https://hiddenachievement.com/jobs.html,
Hidden Door,United States of America,https://www.hiddendoor.co,sem-arte,https://www.hiddendoor.co/jobs,
High Rise,United States of America,https://www.joinhighrise.com/,erro,,
Highwood Educational Consulting and Development,United States of America,http://www.highwoodeducation.com/,erro,,
HoloMeeting,United Kingdom of Great Britain and Northern Ireland,https://www.holomeeting.io/,erro,,
HOMER,United States of America,https://learnwithhomer.com/,sem-arte,https://www.beginlearning.com/careers/,
Hometopia Inc.,United States of America,http://hometopia.com,erro,,
Honig Studios,Germany,https://honigstudios.com/,erro,,
Horrible Games S.r.l.,Italy,https://horribleguild.com/,sem-careers,https://horribleguild.com/eu/,
Horrible Guild,Italy,https://www.horribleguild.com/,sem-careers,https://horribleguild.com/eu/,
House of How Games,United States of America,https://www.houseofhow.com,ARTE,https://www.houseofhow.com/careers/,3d artist
Humble Bundle,United States of America,https://www.humblebundle.com/,js,https://jobs.jobvite.com/humble-bundle/jobs/,
Huqiao,Poland,https://www.huqiao.pl/,erro,,
Huuuge Games,Finland,https://huuugegames.com/,sem-arte,https://huuuge.recruitee.com/,
Hypersonic Laboratories,United States of America,https://hypersoniclaboratories.com/,sem-arte,https://www.hypersoniclaboratories.com/careers,
Hypixel,United States of America,https://hypixel.net/,ARTE,https://hypixel.net/jobs/,3d artist
iBLOXX Studios,Global,https://www.strayshot.game/,js,https://www.strayshot.game/careers,
Igloosoft Games,United States of America,https://www.igloosoft.org/,sem-careers,https://igloosoft.org/,
IGN,United States of America,https://ign.com/,sem-careers,https://www.ign.com/,
Illumix empowers brands to combine the digital & physical,United States of America,https://www.illumix.com/,sem-careers,https://www.illumix.com/,
ImagineDreams,Canada,https://imaginedreams.ca/,erro,,
Imba Interactive Pte. Ltd.,Singapore,https://www.imbainteractive.com/,sem-careers,https://imbainteractive.com/,
Imbellus,United States of America,https://www.imbellus.com/,erro,,
Immutable,Australia,https://www.immutable.com/,sem-arte,https://www.immutable.com/careers,
Improbable,Canada,https://www.improbable.io/,js,https://www.improbable.io/careers/,
IMV STUDIO,France,http://www.imvstudio.fr,erro,,
Infernozilla,United States of America,http://www.infernozilla.com,erro,,
Infinity Plus Two,Australia,https://gemsofwar.com/,sem-careers,https://gemsofwar.com/,
inkle Studios,United Kingdom of Great Britain and Northern Ireland,https://www.inklestudios.com/,sem-arte,https://www.inklestudios.com/joinus/,
InMotion Systems / HitTrax,United States of America,http://www.hittrax.com,erro,,
Inspiring Search,United Kingdom of Great Britain and Northern Ireland,https://inspiringsearch.com,sem-careers,https://inspiringsearch.com,
Intergalactic Agency,Canada,https://intergalactic.com/,js,https://intergalactic.com/jobs,
Inverge Studios,Spain,https://invergestudios.com/,ARTE,https://invergestudios.com/jobs/,"3d artist, 3d character"
ION LANDS,Global,https://www.ionlands.com,sem-careers,https://www.ionlands.com,
Iron Sight Studios,United States of America,https://ironsightstudios.com,erro,,
Ironbelly Studios,Canada,https://www.ironbellystudios.com/,sem-careers,https://www.ironbellystudios.com/,
"We forge teams, tools, and technology to deliver world-class quality which empowers studios everywhere.",Canada,https://www.ironbellystudios.com/,sem-careers,https://www.ironbellystudios.com/,
iScoot,United States of America,https://iscoot.game,sem-careers,https://iscoot.game,
iSoftBet,United Kingdom of Great Britain and Northern Ireland,https://www.isoftbet.com/,erro,,
It's Anecdotal,New Zealand,http://itsanecdotal.com/,erro,,
IVR-NATION,France,https://www.ivrnation.com/,js,https://www.ivrnation.com/jobs,
Jam.gg,France,https://jam.gg/fr,erro,,
Jellyfish Parade,United States of America,https://chouette.itch.io/,sem-careers,https://jellyfishparade.itch.io/,
Jetpack Interactive,Canada,http://jetpackinteractive.ca/,erro,,
Jintronix,Canada,https://jintronix.com/,js,https://jintronix.com/careers,
Juicy Beast,Canada,http://juicybeast.com/,erro,,
Jumb-O-Fun Games,Canada,http://www.jumbofungames.com/,erro,,
JumpStart Games,United States of America,https://www.jumpstart.com/,erro,,
Jungle Robots,United States of America,https://junglerobots.com,js,https://foton.games/jobs,
Junkfish Ltd,United Kingdom of Great Britain and Northern Ireland,https://www.teamjunkfish.com/,sem-arte,https://www.teamjunkfish.com/careers,
K Bros Games,United States of America,https://www.home.kbrosinc.com/,erro,,
Kaidro LLC,United States of America,https://kaidro.com/,sem-careers,https://kaidro.com/,
Kano,Canada,http://kanoapps.com,erro,,
Karta,United Kingdom of Great Britain and Northern Ireland,https://www.karta.game/,sem-arte,https://www.karta.game/careers,
KeelWorks,United Kingdom of Great Britain and Northern Ireland,https://www.keelworks.co.uk/,ARTE,https://www.keelworks.co.uk/jobs,3d generalist
Keen Software House,Czech Republic,https://www.keenswh.com/about-us/,sem-arte,https://www.keenswh.com/careers/,
Kenny Sun,United States of America,http://kennysun.com,erro,,
Kiagu Studios,Global,https://www.kiagu.com/,js,https://www.kiagu.com/careers,
Kickstarter,United States of America,https://www.kickstarter.com/,erro,,
KIDS' SHIELD SERVICES INC.,Canada,http://WWW.KIDSSHIELD.CA,erro,,
King Show Games,United States of America,https://www.ksg.com/,sem-careers,https://www.ksg.com/,
Kinkoid,Bulgaria,http://www.phoenix-media.biz/,erro,,
Knob Cat Games,United States of America,http://knobcat.com,erro,,
Knuddels GmbH & Co. KG,Germany,http://jobs.knuddels.de,erro,,
Kodable,United States of America,https://www.kodable.com,sem-arte,https://www.kodable.com/careers,
Kolibri Games,Germany,https://www.kolibrigames.com/,sem-arte,https://www.kolibrigames.com/career/,
Koza Games,United States of America,http://kozagames.com,erro,,
Kreis Immersive,Canada,http://www.kre.is,erro,,
Kube Games,Czech Republic,http://imperiumsgame.com,erro,,
Kuroro Beasts,Global,https://www.kuroro.com/,erro,,
Kuroro,Global,https://kuroro.com,sem-careers,https://kuroro.com,
Kwalee,United Kingdom of Great Britain and Northern Ireland,http://www.kwalee.com,erro,,
Kybolt,Ireland,https://kybolt.com,sem-arte,https://kybolt.com/careers,
Kythera AI,United Kingdom of Great Britain and Northern Ireland,https://kythera.ai/,sem-careers,https://www.kythera.ai/,
LAI Games,Singapore,https://laigames.com/,ARTE-home,https://www.laigames.com/,3d artist
Land & Sea,United Kingdom of Great Britain and Northern Ireland,https://www.landandsea.games/,sem-arte,https://www.landandsea.games/jobs,
Latent Space,United States of America,http://www.latentspace.co/,erro,,
Latitude,United States of America,https://latitude.io/,js,https://latitude.io/careers,
Lava Games Development Limited,United Kingdom of Great Britain and Northern Ireland,https://playafar.com/,js,https://playafar.com/careers,
League of Geeks,Australia,https://leagueofgeeks.com/,sem-arte,https://leagueofgeeks.com/careers,
Legends of Learning,United States of America,http://legendsoflearning.com,erro,,
LemonChili Games,United States of America,https://www.lemonchiligames.com/,js,https://lemonchiligames.com/,
"Level Ex, Inc.",United States of America,https://www.levelex.com/,sem-careers,https://www.levelex.com/,
Level Up,Belgium,https://www.levelupagency.eu/,sem-careers,https://www.levelupagency.eu/,
"Level52 Studios, LLC",United States of America,https://www.level52studios.com/,erro,,
LevelUp Markets,United States of America,https://levelup.markets,erro,,
Lightbulb Crew,France,https://lightbulbcrew.fr/,sem-arte,https://lightbulbcrew.fr/jobs/,
Lightning Rod Games,Canada,https://lightningrodgames.com,sem-arte,https://lightningrodgames.com/careers/,
Liminal Experiences,Global,https://liminalgg.notion.site/Liminal-Experiences-716da62f6c3f4972942e4340edce9a49,js,https://liminalgg.notion.site/careers,
Lingokids,Spain,https://lingokids.com/,sem-arte,https://jobs.lingokids.com/,
Lion Castle Entertainment,Netherlands,http://www.lion-castle.com,erro,,
Lionbridge,Germany,https://www.lionbridge.com/,sem-arte,https://www.lionbridge.com/join-our-team/,
Who We Are,United States of America,https://liv.tv/,sem-careers,https://liv.tv/,
Lo-Fi Games Ltd,United Kingdom of Great Britain and Northern Ireland,https://lofigames.com/,sem-arte,https://lofigames.com/jobs/,
Lockpick Games,Australia,https://lockpick.games/,js,https://lockpick.games/careers,
Lootfeed,United States of America,http://lootfeed.com,erro,,
Lost Again,Netherlands,http://www.lostagain.nl,erro,,
Lost Attic LLC,United States of America,https://www.lostatticgames.com/,sem-careers,https://www.lostatticgames.com/,
Lost Boys Interactive,United States of America,https://lostboysinteractive.com/careers,erro,,
Lost Native,United Kingdom of Great Britain and Northern Ireland,http://lostnative.co/,erro,,
LoveShark,United Kingdom of Great Britain and Northern Ireland,https://loveshark.io/,js,https://loveshark.io/careers,
Lucid Games,United Kingdom of Great Britain and Northern Ireland,https://www.lucidgames.co.uk/,sem-arte,https://www.lucidgames.co.uk/careers/,
Lumi Interactive,Australia,https://www.playkinderworld.com/,sem-arte,https://www.playkinderworld.com/careers,
Lunacy Studios,Global,https://lunacystudios.com/,sem-arte,https://lunacystudios.com/careers/,
Lunarch Studios,Canada,http://lunarchstudios.com,erro,,
Mac n Cheese Games,Switzerland,http://www.macncheesegames.com,erro,,
Machinations,Luxembourg,https://machinations.io,sem-arte,https://machinations.io/careers,
Made on Earth Games,Cyprus,https://www.linkedin.com/company/made-on-earth-games/,ARTE,https://www.linkedin.com/jobs/artist-jobs?trk=organization_guest-browse_jobs,"3d artist, 3d character, 3d generalist, character artist"
Madruga Works,United Kingdom of Great Britain and Northern Ireland,https://madrugaworks.com/,sem-careers,https://madrugaworks.com/,
MaFi Games,Global,https://www.captain-of-industry.com/,sem-arte,https://coigame.com/Jobs/Open-Positions,
Magic Fuel Games,United States of America,https://www.magicfuelgames.com/,erro,,
Magic Leap,United States of America,https://www.magicleap.com/en-us,sem-careers,https://www.magicleap.com/,
Magnific Games GmbH,Germany,https://www.magnificgames.com/,sem-careers,https://www.magnificgames.com/,
Mana Core Games,Romania,http://www.manacoregames.com,erro,,
Manticore Games,United States of America,https://www.manticoregames.com/,sem-arte,https://www.manticoregames.com/careers/,
MarcoPolo Learning,United Kingdom of Great Britain and Northern Ireland,https://www.marcopololearning.com/,js,https://marcopololearning.bamboohr.com/careers,
Mars4,Lithuania,https://www.mars4.me/,sem-arte,https://www.mars4.me/careers,
Martian Brothel,United States of America,https://www.martianbrothelgames.com/,erro,,
Maschinen-Mensch,Germany,http://maschinen-mensch.com/,erro,,
Massive Miniteam,Germany,https://massiveminiteam.com/,sem-arte,https://www.thqnordicmobile.com/en/jobs/,
Material10,United Kingdom of Great Britain and Northern Ireland,https://www.linkedin.com/company/material10,ARTE-home,https://uk.linkedin.com/company/m10xyz,"3d artist, modeler"
Maximum Entertainment,United States of America,https://maximument.com,sem-arte,https://maximument.com/careers/,
MBS STUDIOS,Singapore,https://mbsstudios.com/,erro,,
"MedCognition, Inc",United States of America,https://medcognition.com/,sem-careers,https://medcognition.com/,
Media Two,Global,https://www.mediatwo.net/,sem-careers,https://www.mediatwo.net/,
Mediatonic,United Kingdom of Great Britain and Northern Ireland,https://www.mediatonicgames.com/,sem-arte,https://www.mediatonicgames.com/careers,
Mega Particle,Spain,https://www.megaparticle.com,sem-careers,https://www.megaparticle.com,
Megacrush,Canada,https://www.megacru.sh/,sem-arte,https://www.megacru.sh/careers/,
Melon Cube Studios,United Kingdom of Great Britain and Northern Ireland,http://meloncubestudios.com,erro,,
Meme Wars,Global,https://www.linkedin.com/company/meme-wars,sem-arte,https://www.linkedin.com/jobs/search?trk=organization_guest_guest_nav_menu_jobs,
Mercer Project,United States of America,https://mercerproject.com/,sem-careers,https://mercerproject.com/,
Merlino Games,Global,https://www.merlinogames.com/,sem-arte,https://store.steampowered.com/,
Meta Elf Studio,Canada,https://www.linkedin.com/company/metaelf-studio1,sem-arte,https://www.linkedin.com/jobs/search?trk=organization_guest_guest_nav_menu_jobs,
MetaBit Games Ltd,Germany,https://metabit.gg/,erro,,
Metamoki Inc,United States of America,https://www.metamoki.com,sem-careers,https://metamoki.com/,
Metanaut,Canada,https://metanautvr.com,sem-arte,https://metanautlabs.com/careers/,
Metaverse,United States of America,https://angelicthegame.com/,sem-arte,https://angelicthegame.com/careers,
MEXC,Singapore,https://www.mexc.com/,erro,,
Miami Avalon Ltd,United Kingdom of Great Britain and Northern Ireland,https://www.miamiavalon.com,ARTE,https://www.miamiavalon.com/jobs,3d artist
Mibo,Netherlands,https://getmibo.com/,sem-careers,https://getmibo.com/,
Midnite,Italy,https://www.midnite.games/,sem-careers,https://www.midnite.games/,
Midow Studios,Malta,https://midowstudios.com/,sem-arte,https://midowstudios.com/,
Mighty Bear Games,Singapore,https://mightybeargames.com/careers,erro,,
Milky Tea,United Kingdom of Great Britain and Northern Ireland,https://www.milkytea.com,sem-arte,https://www.milkytea.com/home#jobs,
MindPort,Germany,https://www.mindport.co/,sem-arte,https://www.mindport.co/career,
MLC,United Kingdom of Great Britain and Northern Ireland,http://mlc.studio,erro,,
Mobius Digital,United States of America,https://www.mobiusdigitalgames.com/,sem-arte,https://www.mobiusdigitalgames.com/jobs.html,
Modern Storyteller,Australia,https://modern-storyteller.com,js,https://modern-storyteller.com/careers/,
Modern Wolf,United Kingdom of Great Britain and Northern Ireland,https://modernwolf.net/,sem-careers,https://modernwolf.net/,
MonkeyFactory,Switzerland,https://www.wildplanetsurvival.com,sem-careers,https://www.wildplanetsurvival.com,
Monochrome Workshop,United States of America,https://www.monochromerpg.com/,sem-careers,https://orkza.com/,
Monokel,Germany,http://monokel.de,erro,,
Monomi Park,United States of America,http://www.monomipark.com,erro,,
Mooi Studios GmbH,Germany,https://mooistudios.com,erro,,
Moon Mode,Sweden,https://www.moonmode.com/,sem-careers,https://www.moonmode.com/,
Moon Moon Moon,United States of America,http://www.moonmoonmoon.camp,erro,,
Mooncat Games,Sweden,http://mooncat.games,erro,,
Moonray PBC,United States of America,https://moonray.game,erro,,
Moonrock,United States of America,https://www.moonrock.biz/,sem-careers,https://www.moonrock.biz/,
Motion Logic Studios,United States of America,http://Motionlogicstudios.com,erro,,
"Mouldbreaker Interactive, LLC",United States of America,https://www.mouldbreaker.com/about,erro,,
Mountaintop Studios,Global,https://www.mountaintop.gg/,erro,,
MXT,United Kingdom of Great Britain and Northern Ireland,https://mxt.co.uk/,sem-careers,https://www.mxt.co.uk/,
My Neighbor Alice / Chromaway AB,Global,https://www.myneighboralice.com/,erro,,
Mysteria Studio UG,Germany,https://mysteriastudio.com/,sem-arte,https://mysteriastudio.com/#OpenPositions,
MythFactory,United States of America,https://www.mythfactory.xyz/,js,https://mythfactory.xyz/careers,
Mythwright,United Kingdom of Great Britain and Northern Ireland,https://mythwright.com/,sem-careers,https://mythwright.com/,
N3TWORK,United States of America,https://n3twork.com/,erro,,
Nacun Studios,Austria,https://nacun-studios.com,erro,,
NantGames,United States of America,https://nantgames.com/,sem-arte,https://nantgames.com/#careers,
Navigator Games Ltd,Canada,https://navigatorgames.ca/,sem-careers,https://ironmaidenlegacy.com/,
Ndemic Creations,United Kingdom of Great Britain and Northern Ireland,https://www.ndemiccreations.com/en/19-careers,sem-arte,https://www.ndemiccreations.com/en/19-careers,
Neo Cybernetica,United States of America,https://www.neocybernetica.com/,sem-arte,https://www.neocybernetica.com/careers,
NEO Futuropolis,Singapore,https://neo-futuropolis.io/,erro,,
Nequinox Studios,United Kingdom of Great Britain and Northern Ireland,https://nequinox-studios.com/,sem-careers,https://nequinox-studios.com/,
Netspeak Games,United Kingdom of Great Britain and Northern Ireland,https://netspeakgames.com/,sem-careers,https://netspeakgames.com/,
Neurolabs,United Kingdom of Great Britain and Northern Ireland,https://www.neurolabs.ai/,sem-careers,https://www.neurolabs.ai/,
New Game+,United States of America,https://www.newgameplus.live/,sem-careers,https://www.odyssey.stream/,
Shirakumo Games,Switzerland,https://shirakumo.org,ARTE,https://shirakumo.org/jobs,modeller
Nifty Productions,Switzerland,http://www.nifty-productions.com/,erro,,
Night Garden Studio,Canada,http://www.nightgardenstudio.com,erro,,
Night School Studio,United States of America,https://nightschoolstudio.com/,sem-arte,https://nightschoolstudio.com/work-with-us/,
Nightmire AS,Norway,http://theboggame.com/,erro,,
Niko Partners,United States of America,https://nikopartners.com/,js,https://nikopartners.com/careers,
No Moss Studios,Australia,https://studios.nomoss.co/,erro,,
Noodle Cat Games,United States of America,https://noodlecatgames.com/,sem-careers,https://noodlecatgames.com/,
Not Doppler,Australia,https://studio.notdoppler.com/,sem-arte,https://studio.notdoppler.com/#jobs,
NotGames Ltd,United Kingdom of Great Britain and Northern Ireland,http://www.notgames.co.uk,erro,,
NOWHERE,United States of America,https://www.urnowhere.com/,sem-careers,https://www.nowhere.io/,
OcuDigital Technologies Inc,Canada,https://neurovisualtrainer.com,sem-arte,https://neurovisualtrainer.com/careers/software-engineer-phaser-typescript/,
Onessus,United States of America,https://www.onessus.com,js,https://www.onessus.com/careers,
Onyx Studio,Singapore,https://onyx.studio/,js,https://www.onyx.studio/careers,
Oooh,United States of America,https://oooh.tv/,sem-careers,https://1sportpit.ru/,
Original Games,Portugal,https://originalgames.io,sem-arte,https://originalgames.io/careers,
OrionGames,United States of America,http://www.oriongames.net,erro,,
Otherside Entertainment,United States of America,https://otherside-e.com/wp/,sem-arte,https://careers.otherside-e.com/,
Outlaw's Vengeance,United Kingdom of Great Britain and Northern Ireland,http://outlawsvengeance.com,erro,,
Outplay Entertainment,United Kingdom of Great Britain and Northern Ireland,https://www.outplay.com/,sem-arte,https://www.outplay.com/join-our-team/,
Outright Games,United Kingdom of Great Britain and Northern Ireland,https://outrightgames.com/,erro,,
Outscal Technologies Private Limite,Global,https://www.outscal.com/,erro,,
Outscal Technologies Private Limited,Global,https://www.outscal.com/,erro,,
Oxalis Games Ltd,United Kingdom of Great Britain and Northern Ireland,https://oxalis.games/,sem-careers,https://www.oxalis.games/,
Packsify LLC,United States of America,https://www.packsify.com,sem-arte,https://www.packsify.com/careers,
Panenka Football Manager,Global,http://www.panenka.ai,erro,,
Panoramik Games,Cyprus,https://panoramikgames.com/,sem-careers,https://panoramikgames.com/,
Paper Cult,Canada,https://www.papercultgames.com/,sem-careers,https://www.papercultgames.com/,
We Value:,Denmark,http://www.papercuttergames.com,erro,,
Paradowski,United States of America,https://paradowski.com/,js,https://paradowski.com/jobs,
Pawsmonaut Games,United Kingdom of Great Britain and Northern Ireland,https://www.pawsmonaut.games,sem-careers,https://www.pawsmonaut.games,
Peace Island LLC,United States of America,http://www.peaceislandgame.com,erro,,
Penrose Studios,United States of America,https://www.penrosestudios.com/,sem-careers,https://www.penrosestudios.com/,
Pentasia,Malta,https://www.pentasia.com/,sem-arte,https://www.pentasia.com/cm/candidates/jobs,
PerBlue,United States of America,http://www.perblue.com,erro,,
Perfect Crime Games,United Kingdom of Great Britain and Northern Ireland,https://www.perfectcrimegames.com/,sem-arte,https://www.perfectcrimegames.com/careers,
Perpetual Games,United Kingdom of Great Britain and Northern Ireland,https://linktr.ee/ElegosGame,erro,,
PHL Collective,United States of America,http://phlcollective.com/,erro,,
"Phoenix Arena, LDA",Global,https://www.phoenixarena.io/,erro,,
Pieces Interactive,Sweden,https://www.piecesinteractive.se/,erro,,
Piepacker,France,https://piepacker.com/,erro,,
Pine Creek Games,Denmark,http://www.pinecreekgames.com,erro,,
Pineapple Studios,United Kingdom of Great Britain and Northern Ireland,https://www.pineapple-studios.co.uk/,erro,,
Pitchkid,Norway,https://pitchkid.com/,sem-careers,https://pitchkid.com/,
PitStop,United Kingdom of Great Britain and Northern Ireland,https://pitstopproductions.co.uk/,sem-arte,https://www.pitstopproductions.co.uk/careers,
Pixel Edge Games,Poland,http://www.pixeledgegames.com/,erro,,
Pixel Legend,Poland,https://www.pixellegend.com,js,https://www.pixellegend.com/careers,
PIXO VR,United States of America,https://pixovr.com/,sem-arte,https://pixovr.com/careers-2/,
Plan A Collective,Czech Republic,http://planacollective.com,erro,,
PlayByte,United States of America,https://www.playbyte.io/,sem-careers,https://www.playbyte.io/,
Player One Trailers,United States of America,https://www.playeronetrailers.com/,sem-arte,https://www.playeronetrailers.com/careers,
Player Two PR,United Kingdom of Great Britain and Northern Ireland,http://www.playertwopr.com/,erro,,
Players Attic,United Kingdom of Great Britain and Northern Ireland,https://playersattic.com,erro,,
PlayEveryWare,United States of America,https://www.playeveryware.com/,sem-arte,https://www.playeveryware.com/careers,
Playmake,United States of America,http://www.playmake.games/,erro,,
Playstack Ltf.,Global,https://playstack.com/,sem-arte,https://www.playstack.com/careers/localisation-specialist/,
PlayStation Global,United States of America,https://www.playstation.com/en-us/corporate/playstation-careers/,ARTE,https://careers.playstation.com/,3d artist
Playsum,United States of America,https://www.playsum.live/,sem-arte,https://www.playsum.live/careers,
PlaytestCloud GmbH,Germany,http://www.playtestcloud.com,erro,,
Pleasart Studios,Poland,https://www.pleasartstudios.com/,sem-careers,https://www.pleasartstudios.com/,
Plus Infinity Studios,United States of America,https://midjungard.com/,erro,,
Pocket Worlds,United States of America,https://www.pocketworlds.com/,sem-arte,https://www.pocketworlds.com/careers,
Pocketwatch Games,United States of America,http://www.pocketwatchgames.com,erro,,
Poleaxe Games,United States of America,https://www.empireofember.com/,erro,,
Polyart Studio,United Kingdom of Great Britain and Northern Ireland,https://www.polyart.io/,sem-careers,https://www.polyart.io/,
Pomsky Games,Canada,https://pomsky.games,sem-careers,https://pomsky.games,
Poncle,United Kingdom of Great Britain and Northern Ireland,https://poncle.games/,sem-careers,https://poncle.games/,
Poorly Timed Games,United States of America,https://poorlytimedgames.com/,erro,,
Portal Fantasy,Global,https://portalfantasy.io,erro,,
Possibility Space,United States of America,https://www.possibility.co/,erro,,
Powerspike,United States of America,https://powerspike.tv/,sem-careers,https://livecurrent.com/,
PRELOADED,United Kingdom of Great Britain and Northern Ireland,http://www.preloaded.com,erro,,
Primed Technologies,United States of America,https://primed.one,sem-careers,https://primed.one,
Probably Monsters,United States of America,https://www.probablymonsters.com/,js,https://www.probablymonsters.com/careers,
Project SEED,Global,https://projectseed.io,sem-careers,https://agenceme.cc/,
Project172,United States of America,https://Project172.com,js,https://Project172.com/careers,
Proxify,Sweden,https://career.proxify.io/,erro,,
Proxima,United States of America,https://londonvp.com/our-portfolio/proxima/,js,https://londonvp.com/careers,
PTW,United Kingdom of Great Britain and Northern Ireland,https://www.ptw.com/,js,https://side.inc/jobs,
About Us,Australia,https://loftia.gg/,sem-arte,https://loftia.gg/jobs/,
Qloud Games,Global,https://loftia.gg,sem-arte,https://loftia.gg/jobs/,
Question,United States of America,https://www.questiongames.com/,sem-arte,https://www.questiongames.com/careers,
QuestYard,United States of America,https://questyard.org/,sem-arte,https://questyard.org/,
"Radian-Helix Media, LLC",United States of America,https://radianhelix.com,sem-arte,https://radianhelix.com/careers,
Ragnarok,Switzerland,https://www.bloodloop.org/home,erro,,
Ramen VR,United States of America,https://ramenvr.com,sem-arte,https://www.ramenvr.com/careers,
Rara,United States of America,https://rara.co,sem-careers,https://rara.co,
Rascal Games,United States of America,https://www.rascalgames.com/,js,https://www.rascalgames.com/jobs,
Raw Fury,Sweden,https://rawfury.com/,sem-arte,https://jobs.rawfury.com/,
REALM,Global,https://realmgame.co,erro,,
RealXP Lab,United States of America,https://www.realxplab.com,sem-arte,https://www.realxplab.com/careers,
Reanimated Digital,Australia,https://www.reanimateddigital.com/,erro,,
Red Barrels Games,Canada,https://redbarrelsgames.com/,sem-arte,https://redbarrelsgames.com/careers/,
RedG Studios,United States of America,https://www.redgstudios.com/,erro,,
"Redstone Interactive, LTD",Canada,https://playbtw.com/press/,erro,,
Remarkable,United States of America,http://remarkable.is/,erro,,
remote control productions,Germany,http://r-control.de/index_en.php,erro,,
Render Dreams,Austria,https://www.render-dreams.ai,erro,,
Resistance Studio,Netherlands,https://www.resistancestudio.com,sem-careers,https://www.resistancestudio.com,
WE ♥ GAMEPLAY,Sweden,https://retroid.com/,erro,,
Retrosoft Studios,United States of America,http://retrosoftstudios.com,erro,,
Reverb Communications,United States of America,http://reverbinc.com/,erro,,
Revolutionary Concepts,Australia,http://revolutionaryconcepts.games,erro,,
Rivers and Wine Studios,Germany,http://upside-drown.de/,erro,,
Rivet Games,United Kingdom of Great Britain and Northern Ireland,https://www.rivet-games.com/,sem-arte,https://www.rivet-games.com/careers,
Rivrs,France,https://rivrs.io/,erro,,
Robot Sea Monster,United States of America,https://robotseamonster.com/,sem-careers,https://rsm-studio.com/,
Rogue Games,United States of America,http://rogueco.com,erro,,
ROKiT,United States of America,https://rokitgames.com/,sem-careers,https://rokitgames.com/,
Rooster Teeth,United States of America,https://roosterteeth.com/,erro,,
Rose City Games,United States of America,https://www.rosecitygames.com/,sem-arte,https://www.rosecitygames.com/jobs,
Rose-Tinted Games,United States of America,https://www.genfanad.com,sem-arte,https://store.steampowered.com/,
Rovoox,Cyprus,https://www.rovoox.com/,sem-arte,https://www.rovoox.com/careers.html,
Runway Game / FFG LLC,United States of America,http://www.runwaygame.com,erro,,
RUNWILD Entertainment Ltd,United Kingdom of Great Britain and Northern Ireland,http://www.runwildent.com,erro,,
Rushdown Studios,United States of America,https://www.rushdownstudio.com/,sem-arte,https://www.rushdownstudio.com/careers,
Saber Interactive Sweden,Global,https://saber3d.com/,erro,,
Sadetta,Finland,http://sadetta.com/,erro,,
Saguni Studio,Global,http://saguni.studio,erro,,
Saltwater Games,United Kingdom of Great Britain and Northern Ireland,https://saltwatergames.com/,erro,,
Salvo Software,United States of America,http://www.salvosoftware.com,erro,,
Sanctuary,France,https://www.sanctuary-rts.com/,erro,,
Sandbox VR,United States of America,https://sandboxvr.com/,sem-arte,https://sandboxvr.com/careers,
Sanzaru,United States of America,https://sanzaru.com/,sem-arte,https://sanzaru.com/careers/,
Sarepta studio,Norway,https://sareptastudio.com/,ARTE,https://sareptastudio.com/work-with-us/,3d artist
SCAD,United States of America,https://www.scad.edu/,erro,,
Sealost Interactive,United States of America,https://sealostinteractive.com/,erro,,
Second Dinner,United States of America,https://seconddinner.com/,js,https://jobs.ashbyhq.com/SecondDinner,
Pillars of our Studio,United States of America,https://secondhalf.games/,sem-arte,https://secondhalf.games/jobs/,
Seed Games International Pte. ltd,Global,https://projectseed.io/,sem-careers,https://agenceme.cc/,
Seepia Playables,Global,http://seepia.com,erro,,
Seismic Squirrel,United States of America,https://www.seismicsquirrel.com/,sem-arte,https://www.seismicsquirrel.com/jobs,
Seismic Squirrel,United States of America,https://www.seismicsquirrel.com/,sem-arte,https://www.seismicsquirrel.com/jobs,
Shedbuilder Games,Canada,http://www.shedbuildergames.com/,erro,,
Shiny Box Interactive,United States of America,https://shinyboxinteractive.com/,erro,,
Shiny Dynamics GmbH,Germany,https://www.linkedin.com/company/shiny-dynamics/,sem-arte,https://www.linkedin.com/jobs/search?trk=organization_guest_guest_nav_menu_jobs,
Shockworks Games,Poland,https://shockworkgames.com/,sem-careers,https://percaya4dgame.site/,
Sigil Softworks,United States of America,https://sigilsoftworks.com,sem-careers,https://www.sigilsoftworks.com/,
Silver Rain Games,United Kingdom of Great Britain and Northern Ireland,https://www.silverraingames.com/,sem-careers,https://www.surgentstudios.com/,
Simteractive,Ireland,https://www.simteractive.com,erro,,
Sine Wave Entertainment,United Kingdom of Great Britain and Northern Ireland,https://sine.space/,sem-careers,https://sine.space/,
Sirvo Studios,United States of America,http://guildlings.com/,erro,,
Size Five,United Kingdom of Great Britain and Northern Ireland,https://www.sizefivegames.com,sem-careers,https://www.sizefivegames.com,
Sketchbook Games,United Kingdom of Great Britain and Northern Ireland,http://sketchbook.games/,erro,,
Skyhook Games,United Kingdom of Great Britain and Northern Ireland,https://www.skyhookgames.com/,ARTE,https://skyhookgames.com/people-careers/,3d character
Skymap Games,United States of America,https://skymap.com/,js,https://www.useparallel.com/skymapgames/careers,
Sledgehammer Games,United States of America,https://sledgehammergames.com/,sem-arte,https://careers.sledgehammergames.com/,
Slug Disco Studios Limited,United Kingdom of Great Britain and Northern Ireland,https://slugdisco.com,ARTE,https://slugdisco.com/category/jobs/,character artist
smashit.games,Australia,https://smashit.games,sem-careers,https://smashit.games,
SMG Studio,Australia,https://smgstudio.com/,ARTE,https://www.linkedin.com/company/smg-studio,"3d artist, 3d generalist, modeler, texture artist"
Smile-Break,United States of America,https://smile-break.com,js,https://www.useparallel.com/smilebreak/careers,
Snackbar Studio,Italy,https://snackbarstudio.com,sem-careers,https://snackbarstudio.com,
Snowman,Canada,https://www.builtbysnowman.com/,sem-arte,https://www.builtbysnowman.com/jobs/,
SOFTGAMES,Germany,https://www.softgames.de/,sem-arte,https://www.softgames.com/gaming-jobs-in-berlin/,
SoundStage.fm,Spain,https://www.soundstage.fm,sem-careers,https://www.soundstage.fm,
Soupmaster Games,Sweden,http://soupmastergames.com/,erro,,
Sparrowhawk Games,United Kingdom of Great Britain and Northern Ireland,https://www.sparrowhawkgames.co.uk/,sem-careers,https://www.sparrowhawkgames.co.uk/,
Special Move,United Kingdom of Great Britain and Northern Ireland,https://www.specialmove.com/campaigns/1/tag-games.aspx?page=1,erro,,
Speedway Games,Global,https://speedway-games.com,ARTE,https://speedway-games.com/careers/233240,3d artist
Speedway Games,Global,https://speedway-games.com,ARTE,https://speedway-games.com/careers/233240,3d artist
Spider Lily Studios,United Kingdom of Great Britain and Northern Ireland,http://spiderlilystudios.com/,erro,,
Spiele-Palast GmbH,Germany,https://www.spiele-palast.de/,sem-careers,https://www.spiele-palast.de/,
Spiele-Palast GmbH,Germany,http://www.spiele-palast.de,erro,,
Spilt Milk Studios,United Kingdom of Great Britain and Northern Ireland,http://www.spiltmilkstudios.com/,erro,,
Splash Damage,United Kingdom of Great Britain and Northern Ireland,https://www.splashdamage.com/,sem-arte,https://careers.splashdamage.com/,
Spoilz,Poland,http://spoilz.studio,erro,,
Sponsee,Singapore,https://stardustleague.io/,erro,,
Spooky Doorway,Ireland,http://www.spookydoorway.com/,erro,,
Spry Fox,United States of America,https://spryfox.com/,sem-careers,https://spryfox.com/,
Squanch Games,United States of America,https://squanchgames.com/,sem-arte,https://squanchgames.com/jobs/,
St. Lawrence College,Canada,https://www.stlawrencecollege.ca/,sem-arte,https://www.stlawrencecollege.ca/learn/career-college-prep,
Star Fort Games,Canada,https://www.starfortgames.com/,sem-careers,https://starfortgames.com/,
Stardust Collective,United Kingdom of Great Britain and Northern Ireland,https://www.stardustcollective.dev/,sem-careers,https://www.stardustcollective.dev/,
Stardust,Switzerland,http://www.stardust.ch/,erro,,
Statespace Labs,United States of America,http://statespace.gg,erro,,
"StatsHelix, Inc.",United States of America,https://www.statshelix.com,erro,,
Steel Crate Games,Canada,http://steelcrategames.com,erro,,
Steel Wool Studios,United States of America,https://www.steelwoolstudios.com/careers,js,https://www.steelwoolstudios.com/careers,
StikiPixels,United Kingdom of Great Britain and Northern Ireland,https://www.stikipixels.com/,erro,,
Stjärnstoft Studios,Sweden,https://www.stjarnstoftstudios.com/,erro,,
Stormhaven Studios,United States of America,http://stormhavenstudios.com/,erro,,
Storms,Singapore,https://storms.com/,sem-careers,https://storms.com/,
Stormy Shore Studios,Canada,http://www.stormyshore.com,erro,,
Strange Loop Games,Global,http://strangeloopgames.com,erro,,
Striking Distance Studios,United States of America,https://sds.com/,sem-arte,https://sds.com/en/careers,
Studio 369,United States of America,https://www.369.fun/,sem-arte,https://www.369.fun/careers,
Our Team,Netherlands,https://www.deloryan.com/,sem-careers,https://www.deloryan.com/,
Studio Drydock,Australia,https://studiodrydock.com/,sem-arte,https://studiodrydock.com/jobs/,
Studio Fizbin,Germany,http://www.studio-fizbin.com,erro,,
Studio Pismo,United States of America,https://www.studiopismo.com/,erro,,
Studio Pixanoh,United States of America,https://www.linkedin.com/company/studio-pixanoh/,ARTE,https://www.linkedin.com/jobs/artist-jobs?trk=organization_guest-browse_jobs,"3d artist, character artist"
Studiotypes,United Kingdom of Great Britain and Northern Ireland,https://www.studiotypes.com/,sem-arte,https://flexa.careers/companies/studiotypes,
SuccessGlo,Singapore,https://www.successglo.com/,sem-careers,https://www.successglo.com/,
Sudden Snail,Sweden,http://suddensnail.com,erro,,
SullySoft,United States of America,http://www.sullysoft.co,erro,,
SUN AND SERPENT creations,Global,https://bladesonggame.com/,sem-careers,https://bladesonggame.com/,
Super Spline Studios,United Kingdom of Great Britain and Northern Ireland,https://supersplinestudios.com/,ARTE-home,https://supersplinestudios.com/,3d character
Superbloom,Global,https://www.superbloomgames.com/,sem-arte,https://www.superbloomgames.com/careers,
Supernatural,United States of America,https://www.getsupernatural.com/,sem-careers,https://www.getsupernatural.com/,
Supremacy Games,Finland,https://supremacygames.fi/index.html,erro,,
SWAG MASHA,Netherlands,http://swagmasha.org,erro,,
Synthesis,United States of America,https://www.synthesis.com/careers,sem-arte,https://www.synthesis.com/careers,
Synthesis School Inc.,United States of America,https://www.synthesis.com/,sem-arte,https://www.synthesis.com/careers,
Tactic Studios,Canada,https://www.tacticstudios.com/,sem-arte,https://www.tacticstudios.com/careers.php,
Tag Games,United Kingdom of Great Britain and Northern Ireland,https://www.tag-games.com/,sem-arte,https://careers.scopely.com/us/en,
tagSpace,Australia,https://tagspace.com,sem-careers,https://tagspace.com,
Tales Writer,United States of America,https://taleswriter.com/,js,https://taleswriter.com/careers,
Talofa Games,United States of America,https://talofagames.com/,js,https://talofagames.com/careers,
Tangelo Games,Spain,http://tangelogames.com,erro,,
Tanglewood Games Limited,United Kingdom of Great Britain and Northern Ireland,https://www.TanglewoodGames.com,sem-careers,https://www.TanglewoodGames.com,
Tanglewood Games,United Kingdom of Great Britain and Northern Ireland,https://www.Tanglewoodgames.com,sem-careers,https://www.Tanglewoodgames.com,
Taralumen Games,United States of America,https://taralumen.com/,js,https://taralumen.com/careers,
Tatsu Works,Singapore,https://www.tatsumeeko.com/,erro,,
TavernLight Games,Global,https://tavernlightgames.com/,sem-arte,https://cdn.tavernlightgames.com/css/components/modules/home-careers.css?v=1681825782,
Tayasui,France,https://tayasui.com/,sem-careers,https://www.tayasui.com/,
TDO Games,Spain,https://www.tennisfighters.com/,sem-careers,https://www.tennisfighters.com/,
Teaching.com,United States of America,https://teaching.com/,sem-arte,https://teaching.com/careers,
Team Adopt Me,United States of America,https://playadopt.me/,ARTE,https://www.uplift.games/careers,3d artist
team&tonic,Global,https://www.teamandtonic.com/,js,https://teamandtonic.notion.site/Careers-41c9f92965524f04b6dbcfc91e909809,
Fighting Chance,United States of America,https://fightingchance.games/,erro,,
Tequila Works,Spain,https://www.tequilaworks.com/,sem-careers,https://www.tequilaworks.com/,
Terrible Posture,United States of America,https://www.terribleposture.com/,sem-arte,https://www.terribleposture.com/careers/,
Terrible Toybox,United States of America,https://terribletoybox.com/,js,https://terribletoybox.com/jobs/,
The 4 Winds Entertainment,Netherlands,https://the4winds.com/,erro,,
The Beans Team,Canada,https://www.thebeansteam.com/,sem-careers,https://www.thebeansteam.com/,
The Beauty Cult,United States of America,http://teambeautycult.com/,erro,,
The Game Bakers,France,https://www.thegamebakers.com/,sem-arte,https://www.thegamebakers.com/jobs/,
The Gang,Sweden,https://thegang.io/,sem-arte,https://www.thegang.io/careers,
The Isn't Company,United States of America,https://www.isnt.co,sem-careers,https://isnt.co/,
The Molasses Flood,United States of America,https://www.themolassesflood.com/,erro,,
The Monster Musician,United States of America,https://www.themonstermusician.com/,sem-careers,https://www.themonstermusician.com/,
The Odd Gentlemen,United States of America,http://theoddgentlemen.com,erro,,
The Powell Group,United States of America,https://powellgroupconsulting.com/,sem-arte,https://powellgroupconsulting.com/company/careers/,
The Quantum Astrophysicists Guild,United States of America,https://www.qag.io/,js,https://www.qag.io/careers/,
The Ready Games,Canada,https://www.thereadygames.com/,erro,,
The Rhythm Company,United States of America,https://rhythm.company,js,https://rhythm.company/careers,
Seriously good game trailers.,United Kingdom of Great Britain and Northern Ireland,https://thetrailerfarm.com/,sem-arte,https://www.trailerfarm.studio/careers,
The University of York,United Kingdom of Great Britain and Northern Ireland,http://www.york.ac.uk/,erro,,
TheGamer,Canada,https://www.thegamer.com/,sem-arte,https://www.thegamer.com/work-with-us/,
Thera Bytes,Germany,https://therabytes.de/,ARTE,https://www.therabytes.de/careers,"3d character, 3d generalist, character artist"
Thirteen Games,United States of America,https://novaisland.com/marketing-director,erro,,
Thought Pennies,United States of America,http://www.thoughtpennies.com,erro,,
Threshold Games,United States of America,http://thresholdgames.com,erro,,
Thunderbox Entertainment,Canada,http://thunderboxentertainment.com/,erro,,
Tidal Flats,Global,http://fidelion.io,erro,,
Tigerroll Studios,United Kingdom of Great Britain and Northern Ireland,https://www.tigerrollstudios.co.uk/,sem-careers,https://tigerrollstudios.co.uk/,
The Feast,United States of America,https://feast-game.com,sem-arte,https://feast-game.com/jobs,
Timbre Games,Canada,https://www.timbregames.com/#home,sem-careers,https://www.timbregames.com/#home,
Timewarp Inc,Spain,http://www.timewarp.io,erro,,
Tiny Bull Studios,Italy,https://www.tinybullstudios.com,sem-arte,https://tinybullstudios.com/careers/,
Tiny Ghost Studios,Canada,http://tinyghoststudios.com,erro,,
Tiny Hydra,Netherlands,https://tinyhydra.com/,js,https://tinyhydra.com/careers,
Tiny Titan Studios,Canada,https://tinytitanstudios.com/,erro,,
TLM,United States of America,https://tlmpartners.com/,sem-arte,https://www.endava.com/careers,
Toast VR,Australia,https://toast.games/,sem-arte,https://toastinteractive.com/careers/,
Tobspr Games,Germany,https://tobspr.io/,ARTE-home,https://tobspr.io/,3d artist
ToneStone,United States of America,http://www.tonestone.com,erro,,
Treehouse Games,United States of America,https://games.corusent.com/treehouse/,erro,,
Trese Brothers,United States of America,https://store.steampowered.com/developer/TreseBrothers,sem-arte,https://store.steampowered.com/,
Treyarch,United States of America,https://www.treyarch.com/,sem-arte,https://www.treyarch.com/careers,
TRI3FECTA LTD.,Global,https://www.programmingjobboard.com/jobs/software-reverse-engineer-a9f8d957,erro,,
Tribes Digital agency,United Kingdom of Great Britain and Northern Ireland,https://tribes.work,sem-careers,https://tribes.tech/wp-signup.php?new=tribes.work,
Tursiops Truncatus,United States of America,https://www.tursiopsstudios.com/,sem-careers,https://www.tursiopsstudios.com/,
Twin Drums,Germany,https://twindrums.com/,erro,,
tytyfthghghj.com,Australia,https://wpjobmanager.com,sem-arte,https://jobs.blog/,
Ultimerse,Australia,https://ultimerse.com/,sem-arte,https://ultimerse.com/careers/,
Unbound,Romania,https://unboundthegame.com/,sem-arte,https://unboundthegame.com/,
Uncapped Games Studio of Tencent America,United States of America,https://www.uncappedgames.com/,js,https://www.uncappedgames.com/careers,
Uncommon Games,United States of America,http://uncommon.gg,erro,,
Unfold Games,United States of America,https://www.unfoldgames.org/,ARTE,https://www.unfoldgames.org/jobs/,"3d character, sculpt, texture artist"
Unfold Games,United States of America,https://www.unfoldgames.org/,ARTE,https://www.unfoldgames.org/jobs/,"3d character, sculpt, texture artist"
UNIT9,United Kingdom of Great Britain and Northern Ireland,https://www.unit9.com/,sem-careers,https://www.unit9.com/,
Unity,United States of America,https://unity.com/,sem-arte,https://unity.com/careers,
Universally Speaking,Global,https://usspeaking.com/,sem-arte,https://usspeaking.com/career,
Unknown Worlds,United States of America,https://unknownworlds.com/,sem-arte,https://unknownworlds.com/en/careers,
Uplift Games LLC,Global,https://www.uplift.games/,ARTE,https://www.uplift.games/careers,3d artist
Uppercut Games,Australia,https://www.uppercut-games.com/,sem-careers,https://www.uppercut-games.com/,
uvula LLC,United States of America,https://uvula.jp,sem-careers,https://uvula.jp,
UX is Fine!,United States of America,https://www.uxisfine.com,sem-arte,https://www.uxisfine.com/talentisfine,
Valnet,United States of America,http://www.valnetinc.com/,erro,,
Vectorform,United States of America,https://www.vectorform.com/,erro,,
VectorStorm,Australia,https://www.vectorstorm.com.au/,sem-careers,https://www.vectorstorm.com.au/,
Verboso,United States of America,https://verboso.com,sem-arte,https://verboso.com/careers,
VestGames,Germany,https://www.linkedin.com/company/66189178,sem-arte,https://www.linkedin.com/company/linkedin/jobs,
VEU Inc.,United States of America,https://www.veu.space/home,erro,,
VICTOR GAME STUDIO,Global,https://victorgamestudio.com,erro,,
Video Gamer,United Kingdom of Great Britain and Northern Ireland,https://www.videogamer.com/,sem-careers,https://www.videogamer.com/,
VirBELA,United States of America,https://www.virbela.com/,sem-arte,https://www.virbela.com/company/careers,
Virtex,United Kingdom of Great Britain and Northern Ireland,https://www.virtexstadium.com/,erro,,
"Virtual Heroes Division of Applied Research Associates, Inc.",United States of America,https://virtualheroes.com/,sem-arte,https://virtualheroes.com/careers/,
Run hands-on STEM. Anytime. Anywhere. Without ANY physical supplies.,Singapore,https://qweebi.com/,sem-arte,https://careers.qweebi.com/jobs,
Visionary Realms,United States of America,http://visionaryrealms.com,erro,,
Every Adventure Begins With A Mission…,United States of America,https://visualsbyimpulse.com/,erro,,
Vivid Games,Poland,https://vividgames.com/,sem-arte,https://jobs.vividgames.com/,
Vivid Games S.A.,Poland,https://vividgames.com/,sem-arte,https://jobs.vividgames.com/,
Vivid Games is one of the leading polish mobile game developers and publishers.,Poland,https://vividgames.com/,sem-arte,https://jobs.vividgames.com/,
Vizlab Studios,Denmark,http://jobs@vizlabstudios.com,erro,,
Voldex Games,Global,https://voldex.com/,sem-arte,https://voldex.com/careers/,
Volta XR,United Kingdom of Great Britain and Northern Ireland,http://volta-xr.com/,erro,,
VOX Media,United States of America,https://www.voxmedia.com/,sem-arte,https://www.voxmedia.com/jobs/,
VoxRay Games,United States of America,https://voxraygames.com/,sem-careers,https://voxraygames.com/,
VRChat,United States of America,https://hello.vrchat.com/,sem-arte,https://hello.vrchat.com/careers,
VRtual X GmbH,Germany,https://vrtual-x.com,sem-arte,https://www.vrtual-x.com/virtual-reality/hr-recruiting,
Wardog,United Kingdom of Great Britain and Northern Ireland,https://wardog.co/,sem-arte,https://www.wardog.co/jobs,
Wargamer,United Kingdom of Great Britain and Northern Ireland,https://www.wargamer.com/,sem-arte,https://www.wargamer.com/careers,
Warner Bros. Games San Diego,United States of America,https://careers.wbgames.com/studios/san-diego/,sem-arte,https://cdn.phenompeople.com/CareerConnectResources/common/js/globalplatform/1781270809227_globalstyles.css,
Warp Digital,United Kingdom of Great Britain and Northern Ireland,https://warpdigital.com/,js,https://warpdigital.com/careers,
Warpfrog,France,https://www.warpfrog.com,js,https://www.warpfrog.com/all-jobs,
Waving Bear Studio,United Kingdom of Great Britain and Northern Ireland,https://www.wavingbearstudio.com/,sem-careers,https://www.wavingbearstudio.com/,
Waypoint,United States of America,https://www.vice.com/en/section/games,erro,,
We're Five Games,United States of America,https://www.werefivegames.com/,sem-arte,https://www.werefivegames.com/,
Webb Technology,United Kingdom of Great Britain and Northern Ireland,http://webb.game,erro,,
Whirlygig Studios,Canada,https://www.whirlygigstudios.com/,sem-careers,https://www.whirlygigstudios.com/,
Wild Games,Sweden,https://wild-games.se/,erro,,
Wild Planet,Switzerland,http://wildplanetsurvival.com/,erro,,
Winterborn,United States of America,http://externusgame.com/,erro,,
Wishfully,Sweden,https://wishfullystudios.com/,erro,,
Wolcen Studio,France,https://wolcengame.com/,sem-careers,https://wolcengame.com/,
Wolfjaw Studios,United States of America,https://wolfjawstudios.com/,js,https://wolfjawstudios.com/careers/,
Wolpertinger Games,Germany,http://www.wolpertingergames.com/,erro,,
Wonderstorm,United States of America,https://wonderstorm.net/,sem-arte,https://wonderstorm.net/careers,
Worlds,Global,http://www.worlds.org,erro,,
Worldshifter Games,United States of America,https://www.worldshiftergames.com/,erro,,
Worldspark Studios,United States of America,http://worldsparkstudios.com,erro,,
WOTI World of Tomorrow Institute GmbH,Austria,https://www.mayority-game.com/,erro,,
Wushu Studios,United Kingdom of Great Britain and Northern Ireland,https://wushustudios.com/,sem-arte,https://wushustudios.com/careers/,
WW1 Game Series,Netherlands,http://www.ww1gameseries.com,erro,,
Xploro,United Kingdom of Great Britain and Northern Ireland,https://xploro.health/,sem-careers,https://xploro.health/,
xSCAPE GAMES,United States of America,https://www.xscapegames.com/,sem-careers,https://www.xscapegames.com/,
XSEED Games,United States of America,https://www.xseedgames.com/,erro,,
Yacht Club Games,United States of America,https://www.yachtclubgames.com/,sem-arte,https://www.yachtclubgames.com/careers/,
YallaPlay,United States of America,https://www.yallaplay.com/,sem-arte,https://www.yallaplay.com/careers,
Yodo1,Global,https://www.yodo1.com/about-us/,sem-arte,https://www.yodo1.com/careers,
Zapdot,United States of America,https://zapdot.com/,sem-arte,https://zapdot.com/#careers,
Zebra Partners,United States of America,http://www.zebrapartners.net,erro,,
Zelgor Games,United States of America,https://zelgor.com/,sem-careers,https://zelgor.com/,
Zenly,France,https://zen.ly/,sem-careers,https://zen.ly/,
ZeptoLab,Spain,https://www.zeptolab.com/,sem-careers,https://www.zeptolab.com/,
Ziva Dynamics,Canada,https://zivadynamics.com/,sem-arte,https://unity.com/careers,
ABOUT ZOIC,Canada,https://www.zoicstudios.com/,sem-careers,https://www.zoicstudios.com/,
Zynga,United States of America,https://zynga.com/,sem-arte,https://www.zynga.com/jobs/careers/,
