# Fila gamedevmap dos tres paises que o Vini pediu, colhida em 06/09
# Formato: nome,tipo,cidade,estado,pais,site,status
# So os do tipo Developer e Developer and Publisher, que sao os que podem ter time de arte.
# 129 nomes que a campanha NUNCA contatou. Filtrar por encaixe antes de aprovar.
5am Games,Developer,Zürich,Zürich,Switzerland,https://5am-games.com/,NOVO
Aberrant Labs,Developer,Zürich,Zürich,Switzerland,https://pathogenicgame.com/,NOVO
Aerovery Lab,Developer,Geneva,Geneva,Switzerland,https://flight-of-nova.com/,NOVO
Blobfish Games,Developer,Zürich,Zürich,Switzerland,https://www.blobfishgames.com/,NOVO
Colorbloks,Developer,Saint Gallen,Saint Gallen,Switzerland,https://colorbloks.com,NOVO
David Stark,Developer,Zürich,Zürich,Switzerland,https://zarkonnen.com/,NOVO
Deep Worlds,Developer,Geneva,Geneva,Switzerland,https://deepworlds.studio/,NOVO
Demimonde,Developer,Zürich,Zürich,Switzerland,https://octahedrongame.com/,NOVO
Digital Kingdom,Developer,Vevey,Vaud,Switzerland,https://digitalkingdom.ch/,NOVO
Eleon Game Studios,Developer,Lausanne,Vaud,Switzerland,http://www.eleon-studios.com/,NOVO
Etter Studios,Developer,Zürich,Zürich,Switzerland,https://www.etterstudio.com,NOVO
Furinkazan,Developer,Lausanne,Vaud,Switzerland,https://www.furinkazan.ch/,NOVO
Gbanga,Developer,Zürich,Zürich,Switzerland,https://www.gbanga.com,NOVO
Hidden Fields,Developer,Lucerne,Lucerne,Switzerland,https://hidden-fields.itch.io,NOVO
Inlusio,Developer,Zürich,Zürich,Switzerland,https://www.inlusio.ch,NOVO
Kalamona Studios,Developer,St. Gallen,Saint Gallen,Switzerland,https://kalamonastudios.com/,NOVO
Kerzoven,Developer,Biberstein,Aargau,Switzerland,https://kerzoven.com/,NOVO
Koboldgames,Developer,Brugg,Aargau,Switzerland,https://www.koboldgames.ch,NOVO
LUAL Games,Developer,Zürich,Zürich,Switzerland,https://lual.games/,NOVO
Lululu Entertainment,Developer,Zürich,Zürich,Switzerland,https://lululu.games/,NOVO
Mac N Cheese Games,Developer,Zürich,Zürich,Switzerland,https://mncgames.itch.io/,NOVO
Naraven Games,Developer,Lausanne,Vaud,Switzerland,https://naravengames.com/,NOVO
Ohnsinn,Developer,Zürich,Zürich,Switzerland,https://ohnsinn.com/,NOVO
Okomotive,Developer,Zürich,Zürich,Switzerland,https://www.okomotive.ch,NOVO
Playables,Developer,Zürich,Zürich,Switzerland,https://www.playables.net,NOVO
SIRO Games,Developer,Geneva,Geneva,Switzerland,https://sirogamessarl.com/,NOVO
Stray Fawn Studios,Developer,Zürich,Zürich,Switzerland,https://www.strayfawnstudio.com,NOVO
Team Niche,Developer,Zürich,Zürich,Switzerland,https://www.niche-game.com,NOVO
Timestep Studio,Developer,Flims Waldhaus,Graubunden,Switzerland,https://timestep.studio/,NOVO
Tourmaline Studio,Developer,Geneva,Geneva,Switzerland,https://www.tourmaline-studio.com,NOVO
Urban Games,Developer,Schaffhausen,Schaffhausen,Switzerland,https://www.urbangames.com,NOVO
Violet Saint,Developer,Nyon,Vaud,Switzerland,https://violetsaint.com/,NOVO
10tons,Developer,Tampere,Pirkanmaa,Finland,https://10tons.com/,NOVO
Almost Human,Developer,Espoo,Uusimaa,Finland,https://grimrock.net/,NOVO
Antti Mannisto,Developer,Espoo,Uusimaa,Finland,https://www.turbosliders.com/,NOVO
AnvilBird Interactive,Developer,Jyväskylä,Central Finland,Finland,https://jestercraft.com/,NOVO
Black Smoke Studios,Developer,Kajaani,Kainuu,Finland,https://www.bsstudios.co/,NOVO
Bugbear Entertainment (THQ Nordic),Developer,Helsinki,Uusimaa,Finland,http://bugbeargames.com/,NOVO
Channel 37,Developer,Helsinki,Uusimaa,Finland,https://www.channel37.co/,NOVO
Colossal Order,Developer,Tampere,Pirkanmaa,Finland,https://www.colossalorder.fi,NOVO
Coquito Games,Developer,Helsinki,Helsinki,Finland,https://coquitogames.com/,NOVO
Cornfox & Brothers,Developer,Helsinki,Uusimaa,Finland,https://www.cornfox.com/,NOVO
Cosmic Division,Developer,Helsinki,Uusimaa,Finland,https://www.cosmicdivision.com/,NOVO
Draconus Entertainment,Developer,Vantaa,Uusimaa,Finland,https://www.draconus.com,NOVO
End-All Entertainment,Developer,Helsinki,Uusimaa,Finland,https://paradigmisland.blog/,NOVO
Fakefish,Developer,Turku,Turku,Finland,https://www.fakefishgames.com/,NOVO
FRACTiLE Games,Developer,Tampere,Pirkanmaa,Finland,https://www.fractilegames.com/,NOVO
Grip Studios Interactive,Developer,Helsinki,Uusimaa,Finland,http://www.gripstudios.com,NOVO
Hemisquare,Developer,Espoo,Uusimaa,Finland,https://hemisquare.net/,NOVO
Hempuli,Developer,Helsinki,Uusimaa,Finland,https://www.hempuli.com,NOVO
Horsefly Games,Developer,Kaustinen,Ostrobothnia,Finland,https://horsefly.games/,NOVO
Iceflake Studios (Paradox Interactive),Developer,Tampere,Pirkanmaa,Finland,https://www.iceflake.com,NOVO
Joinplay Games,Developer,Helsinki,Uusimaa,Finland,https://www.joinplaygames.com,NOVO
Joinplay Games,Developer,Tampere,Pirkanmaa,Finland,https://joinplaygames.com/,NOVO
Juhana Myllys,Developer,Lohja,Uusimaa,Finland,https://jmyllys.com/,NOVO
Kalla Gameworks,Developer,Kuopio,Northern Savonia,Finland,https://www.kallagameworks.com/,NOVO
Kaskuja Studio,Developer,South Karelia,South Karelia,Finland,http://www.kaskujastudio.com/,NOVO
Kuuasema,Developer,Helsinki,Uusimaa,Finland,https://www.kuuasema.com,NOVO
Lingon Studios,Developer,Vaasa,Ostrobothnia,Finland,https://www.lingonstudios.com,NOVO
Loiste Interactive,Developer,Helsinki,Uusimaa,Finland,https://loisteinteractive.com/en/index.html,NOVO
Ludocraft,Developer,Oulu,Ostrobothnia,Finland,https://www.ludocraft.com,NOVO
Lyra Creative,Developer,Helsinki,Uusimaa,Finland,https://lyra-creative.com/,NOVO
Mechanical Head Studios,Developer,Tuusula,Uusimaa,Finland,,NOVO
MiTale,Developer,Turku,Turku,Finland,https://mitale.itch.io/,NOVO
Mitorah Games,Developer and Publisher,Hameenlinna,Pirkanmaa,Finland,http://www.mitorahgames.com/,NOVO
Nitro Games,Developer,Helsinki,Uusimaa,Finland,https://www.nitrogames.com,NOVO
Nolla Games,Developer,Helsinki,Uusimaa,Finland,https://www.nollagames.com,NOVO
Odd Latent Games,Developer,Espoo,Uusimaa,Finland,https://www.oddlatent.com/,NOVO
One Trick Entertainment,Developer,Tampere,Pirkanmaa,Finland,https://onetrick.games/,NOVO
Osumia Games,Developer,Tampere,Pirkanmaa,Finland,http://www.runningwithrifles.com/,NOVO
Panzerdog,Developer,Helsinki,Uusimaa,Finland,https://www.panzerdog.com,NOVO
Part Time Monkey,Developer,Helsinki,Uusimaa,Finland,https://www.parttimemonkey.com,NOVO
Platonic Partnership,Developer,Vaasa,Ostrobothnia,Finland,https://platonicpartnership.com/,NOVO
Plebeian Studio,Developer,Oulu,Ostrobothnia,Finland,https://plebeianstudio.com/,NOVO
Psyon Games,Developer,Jyväskylä,Central Finland,Finland,https://psyongames.com/,NOVO
Redbeak Games,Developer,Espoo,Uusimaa,Finland,https://redbeakgames.com/,NOVO
Sandsoft Games,Developer and Publisher,Helsinki,Uusimaa,Finland,https://sandsoft.com/,NOVO
Secret Exit,Developer,Helsinki,Uusimaa,Finland,http://secretexit.com/,NOVO
Abbey Games,Developer,Utrecht,Utrecht,Netherlands,https://abbeygames.com/,NOVO
Active Theory,Developer,Amsterdam,Noord-Holland,Netherlands,https://activetheory.net/,NOVO
Adriaan de Jongh,Developer,Amsterdam,Noord-Holland,Netherlands,https://adriaan.games/,NOVO
Appelmoes,Developer,Rotterdam,Zuid-Holland,Netherlands,https://appelmoes.games/,NOVO
Artificial Core,Developer and Publisher,Amsterdam,Noord-Holland,Netherlands,https://artificialcore.com/,NOVO
Azerion,Developer and Publisher,Amsterdam,Noord-Holland,Netherlands,https://azerion.com/,NOVO
Behaviour Rotterdam,Developer,Rotterdam,Zuid-Holland,Netherlands,https://www.bhvr.com/rotterdam/,NOVO
Big Bang Studio,Developer,Groningen,Groningen,Netherlands,https://bigbangstudio.nl/,NOVO
Black Cube Games,Developer,Amsterdam,Noord-Holland,Netherlands,https://blackcubegames.com/,NOVO
BlackMill Games,Developer,Alkmaar,Noord-Holland,Netherlands,https://blackmillgames.com/,NOVO
Blast Mode Games,Developer,Den Haag,Zuid-Holland,Netherlands,https://blastmode.games/,NOVO
Blender Studio,Developer,Amsterdam,Noord-Holland,Netherlands,https://studio.blender.org/,NOVO
BLUE BOX Game Studios,Developer,Leiden,South Holland,Netherlands,https://blueboxgamestudios.com/,NOVO
Broken Bag Games,Developer,Leeuwarden,Friesland,Netherlands,https://www.brokenbaggames.com/,NOVO
Celine and the Silly Stars,Developer,Utrecht,Utrecht,Netherlands,https://celineveltman.com/welcome,NOVO
Chronix Pulse,Developer,Amsterdam,Noord-Holland,Netherlands,https://chronixpulse.com/,NOVO
Codename Red,Developer,Etten-Leur,Noord-Brabant,Netherlands,https://www.codenamered.nl/,NOVO
Convoy Games,Developer,Leeuwarden,Friesland,Netherlands,https://www.convoy-games.com,NOVO
CoolGames,Developer,Amsterdam,Noord-Holland,Netherlands,https://www.coolgames.com,NOVO
Crimson Owl Studios,Developer,Utrecht,Utrecht,Netherlands,http://www.caromble.com.s3-website.eu-central-1.amazonaws.com/,NOVO
Critical Bit,Developer,Leeuwarden,Friesland,Netherlands,https://www.critical-bit.com,NOVO
Degoma Games,Developer,Amsterdam,Noord-Holland,Netherlands,https://www.degoma.net/,NOVO
Denda Games,Developer,Hengelo,Overijssel,Netherlands,https://denda-corporate.com/,NOVO
Dragonspirit Games,Developer,Nieuwaal,Gelderland,Netherlands,https://dragonspiritgames.nl/,NOVO
Duckland Games,Developer,Breda,Noord-Brabant,Netherlands,https://www.ducklandgames.com/,NOVO
Dutch Game Studio,Developer,Woerden,Utrecht,Netherlands,https://www.dutchgamestudio.com,NOVO
Eerie Guest Studios (tinyBuild),Developer,Hilversum,Noord-Holland,Netherlands,https://www.tinybuild.com/,NOVO
Enchanted Works,Developer,Amstelveen,Noord-Holland,Netherlands,https://www.enchantedworks.nl/,NOVO
Engine Software,Developer,Doetinchem,Gelderland,Netherlands,https://engine-software.com/,NOVO
Ewoud van der Werf,Developer,Leeuwarden,Friesland,Netherlands,https://ewoud.dev/,NOVO
Extra Nice,Developer,Leeuwarden,Friesland,Netherlands,https://extra-nice.net/,NOVO
Feel Free Games,Developer,Sassenheim,South Holland,Netherlands,https://feelfreegames.com/,NOVO
Frog Vibes,Developer,Utrecht,Utrecht,Netherlands,https://herecomesniko.com/,NOVO
FrogVibes,Developer,Wageningen,Gelderland,Netherlands,https://www.herecomesniko.com,NOVO
Galaxy Grove,Developer,Utrecht,Utrecht,Netherlands,https://www.galaxy-grove.com/,NOVO
Gamebasics (Miniclip),Developer,Zoetermeer,Zuid-Holland,Netherlands,https://www.gamebasics.nl/,NOVO
GAMEDIA,Developer,Alkmaar,Noord-Holland,Netherlands,https://www.gamedia.nl,NOVO
GameHouse - Eindhoven,Developer,Eindhoven,Noord-Brabant,Netherlands,https://www.gamehouse.com,NOVO
GamePoint,Developer,Den Haag,Zuid-Holland,Netherlands,https://www.gamepoint.com,NOVO
GameSqule,Developer,Badhoevedorp,Noord-Holland,Netherlands,https://gamesqule.com/,NOVO
Gamious,Developer,Amsterdam,Noord-Holland,Netherlands,https://www.gamious.com,NOVO
Ghoul School Games,Developer,Amsterdam,Noord-Holland,Netherlands,https://www.ghoulschool.games/,NOVO
Grimmwyrd Studios,Developer,Amsterdam,Noord-Holland,Netherlands,https://www.grimmwyrdstudios.com/,NOVO
Guerilla Games (Sony),Developer,Amsterdam,Noord-Holland,Netherlands,https://www.guerrilla-games.com,NOVO
haute technique,Developer,Utrecht,Utrecht,Netherlands,https://www.hautetechnique.com,NOVO
HomeBearStudio,Developer,Breda,Noord-Brabant,Netherlands,https://www.homebearstudio.com,NOVO
Hulan Studio,Developer,Eindhoven,Noord-Brabant,Netherlands,https://hulan.nl/,NOVO
Ijsfontein,Developer,Amsterdam,Noord-Holland,Netherlands,https://www.ijsfontein.nl,NOVO
Jagaco,Developer,Zoetermeer,Zuid-Holland,Netherlands,https://www.jagaco.com,NOVO
Kenney,Developer,Kerkrade,Limburg,Netherlands,https://www.kenney.nl,NOVO
KeokeN Interactive,Developer,Hoofddorp,Noord-Holland,Netherlands,https://www.keoken.nl,NOVO
