data,estudio,email,thread_id,draft_id,status
2026-09-07,Airborn Studios (reenvio),contact@airborn-studios.com,1a03c6131076c4e5,r-3408352642801063892,enviado na thread pelo Vini em 07/09
2026-09-07,Kickstart Entertainment (reenvio),info@kickstartent.com,1a03c61984a01344,r-6089175288129526165,enviado na thread pelo Vini em 07/09
2026-09-07,VSQUAD (reenvio),head@vsquad.art,1a03c6155856cd8d,r5859397455397011064,enviado na thread pelo Vini em 07/09
2026-09-07,Squeeze Animation Studios,info@squeezestudio.com,1a03dd58f738e2a8,r7473835075825529702,enviado na thread pelo Vini em 07/09
2026-09-07,Nexus Studios,jobs@nexusstudios.com,1a03e8bcab7b4370,r4674990710023492933,enviado na thread pelo Vini em 07/09
2026-09-07,Telescope Animation,apply@telescopeanimation.com,1a03c548d8fbe9a2,r4926086831991845400,enviado na thread pelo Vini em 07/09
2026-09-07,Ars Thanea,warsaw@arsthanea.com,1a046b760bf0ed92,r-4796281431892465301,enviado na thread pelo Vini em 07/09
2026-09-07,Cheeky Little Media,contact@cheekylittle.com.au,1a0450406f5a6cf7,r-1696374377645241491,enviado na thread pelo Vini em 07/09
2026-09-07,Dexter Studios,dexterstudios@dexterstudios.com,1a045dcc8f6f4eea,r103155027218755139,enviado na thread pelo Vini em 07/09
2026-09-07,Fabrique d'Images,c.parisse@fabrique-d-images.com,1a04504575ec959c,r2820778068220540880,enviado na thread pelo Vini em 07/09
2026-09-07,Gimpville,oslo@gimpville.no,1a046b7af112df9e,r-2065150977572104972,enviado na thread pelo Vini em 07/09
2026-09-07,IBRIDO Studio,info@ibridostudio.com,1a045dd17a47c61e,r787794974389791275,enviado na thread pelo Vini em 07/09
2026-09-07,Keos Masons,info@keosmasons.com,1a04792504b84adc,r6243615992468440896,enviado na thread pelo Vini em 07/09
2026-09-07,La Station Animation,franck@lastationanimation.com,1a045dc567675660,r380113225113327764,enviado na thread pelo Vini em 07/09
2026-09-07,Mac Guff,recrutement@macguff.fr,1a045dc773169586,r41952157867504812,enviado na thread pelo Vini em 07/09
2026-09-07,Maga Animation Studio,contact@maga-animation.com,1a04949338027233,r-5185944749214917421,enviado na thread pelo Vini em 07/09
2026-09-07,Moon Studios,jobs@moongamestudios.com,1a046b721e2f250e,r-5006153142926023064,enviado na thread pelo Vini em 07/09
2026-09-07,PFX,info@pfx.tv,1a04503b9fd476b2,r-812447033680340277,enviado na thread pelo Vini em 07/09
2026-09-07,QLOC,contact@q-loc.com,1a046b743b0c33fb,r-6286926961101436000,enviado na thread pelo Vini em 07/09
2026-09-07,Watch Next Media,contact@watchnextmedia.com,1a0486ddbedb76b8,r-6690020346389279730,enviado na thread pelo Vini em 07/09
2026-09-07,Illogic,info@illogic.xyz,1a04e6fbf592dd2c,r8376641636707734801,enviado na thread pelo Vini em 07/09
2026-09-07,Studio Rakete,jobs2026@studiorakete.de,1a050967a33485c7,r9144508840536416267,enviado na thread pelo Vini em 07/09
2026-09-07,Asterman,office@asterman.org,1a0599ab2e424eb8,r8346972387110810588,enviado na thread pelo Vini em 07/09
2026-09-07,Candlestick Games,laura@candlestickgames.ca,1a059a53e6fa5555,r4007022805938609763,enviado na thread pelo Vini em 07/09
2026-09-07,Crows Crows Crows,hello@crowscrowscrows.com,1a059113aad1510f,r-9169674895789224385,enviado na thread pelo Vini em 07/09
2026-09-07,BAPBAP Studios,yo@bapbap.gg,1a05ad99a43e4f7a,r-1724815441459732340,enviado na thread pelo Vini em 07/09
2026-09-07,Hologram Monster,info@hologram-monster.com,1a05b4e70477ab35,r-5831101767865501538,enviado na thread pelo Vini em 07/09
2026-09-07,Iron Oak Games,jobs@ironoakgames.com,1a05ad3c2c085ad7,r7063076195336174858,enviado na thread pelo Vini em 07/09
2026-09-07,Keyframe Digital Productions,info@keyframe.ca,1a05de8fc500170d,r6713667795974563281,enviado na thread pelo Vini em 07/09
2026-09-07,Klei Entertainment,jobs@kleientertainment.com,1a05dff1ed7cd920,r1294705468720571859,enviado na thread pelo Vini em 07/09
2026-09-07,Next Level Games,careers@nextlevelgames.com,1a05df72b2fcb68e,r-6019818280438620062,enviado na thread pelo Vini em 07/09
2026-09-07,Red Manta / Twin Atlas,contact@twinatlas.com,1a05ac5cede8f097,r9030983864158850997,enviado na thread pelo Vini em 07/09
2026-09-07,This Game Studio,info@thisgamestudio.com,1a05b4b39e165a3d,r3260868995050560593,enviado na thread pelo Vini em 07/09
2026-09-07,Wildseed Studios,jobs@wildseedstudios.com,1a05e00629f8c755,r-4103012248195360129,enviado na thread pelo Vini em 07/09
2026-09-07,KOG,KOG@kog.co.kr,1a06251184eeb004,r-3166022848231743870,enviado na thread pelo Vini em 07/09
2026-09-07,Ironroot Games,careers@ironrootgames.com,1a062513308dc070,r-7934958738904813473,enviado na thread pelo Vini em 07/09
2026-09-07,Blue Isle Studios,jobs@blueislestudios.com,1a062510d238ab8e,r-1395529005032248636,enviado na thread pelo Vini em 07/09
2026-09-07,Artzee,talents@artzee.sg,1a06250c1f45f68d,r9109906672441757182,enviado na thread pelo Vini em 07/09
2026-09-07,Singularity 6,hello@singularity6.com,1a06250b6433b234,r5817012241368366009,enviado na thread pelo Vini em 07/09
2026-09-07,Aggro Crab,contact@aggrocrab.com,1a0625092f6091cc,r7017016674460213795,enviado na thread pelo Vini em 07/09
2026-09-07,Sunblink Entertainment,info@sunblink.com,1a0625071aeaddb6,r2781143636428464497,enviado na thread pelo Vini em 07/09
2026-09-07,Sparky Animation,jobs@sparkyanim.com,1a062505ef240b93,r1035590792525938451,enviado na thread pelo Vini em 07/09
2026-09-07,Sans Strings Studio,talent@sansstrings.studio,1a06250454be9c6a,r-9027395105154140014,enviado na thread pelo Vini em 07/09
2026-09-07,Young Horses,jobs@younghorsesgames.com,1a0625010907adce,r-1851103393193569484,enviado na thread pelo Vini em 07/09
2026-09-07,HOUND13,hr@hound13.com,1a06250101abb4f6,r-3170883182641303678,enviado na thread pelo Vini em 07/09
2026-09-07,Playful Studios,hiring@playfulstudios.com,1a0624fed83c4ca6,r7735259629573120591,enviado na thread pelo Vini em 07/09
2026-09-07,Devsisters,career@devsisters.com,1a0624fe8daa8208,r-2351670654524066701,enviado na thread pelo Vini em 07/09
2026-09-07,Hidden Path Entertainment,jobs@hiddenpath.com,1a0624fc7c40437e,r6033399557868965954,enviado na thread pelo Vini em 07/09
2026-09-07,Pearl Abyss,recruit@pearlabyss.com,1a0624fc0798839e,r7777943532174272803,enviado na thread pelo Vini em 07/09
2026-09-07,Moonbug Entertainment,hr@moonbug.com,1a0624fa0ede387c,r-5981793951672055412,enviado na thread pelo Vini em 07/09
2026-09-07,SHIFT UP,recruit@shiftup.co.kr,1a0624f98238c6f7,r6854540722319341186,enviado na thread pelo Vini em 07/09
2026-09-07,BUCK,jobs@buck.co,1a0624f57bfd69c0,r-191216882560604578,enviado na thread pelo Vini em 07/09
2026-09-07,Runaway Play,kylie@runawayplay.com,1a0624f1e03f066e,r-374279901412814974,enviado na thread pelo Vini em 07/09
2026-09-07,Blind Squirrel Games,careers@blindsquirrelgames.com,1a0624f09248780f,r6424224460369263711,enviado na thread pelo Vini em 07/09
2026-09-07,Cirkus,work@cirkus.nz,1a0624ef7b172b75,r-6315056506814470605,enviado na thread pelo Vini em 07/09
2026-09-07,Liquid Development,jobs@liquiddevelopment.com,1a0624ee3d1e4623,r4236042594992600716,enviado na thread pelo Vini em 07/09
2026-09-07,Flux Media,talent@fluxmedia.co.nz,1a0624ec142471b8,r-3182217530033804731,enviado na thread pelo Vini em 07/09
2026-09-07,Gunfire Games,jobs@gunfiregames.com,1a0624eb9a6be289,r-3051755783851009343,enviado na thread pelo Vini em 07/09
2026-09-07,Grinding Gear Games,jobs@grindinggear.com,1a0624e9b75c2ce2,r5852758898271263200,enviado na thread pelo Vini em 07/09
2026-09-07,Deck Nine Games,jobs@deckninegames.com,1a0624e866139b86,r3949035258420837673,enviado na thread pelo Vini em 07/09
2026-09-07,Weta FX,recruitment@wetafx.co.nz,1a0624e6f7f20c6c,r8421648351847058553,enviado na thread pelo Vini em 07/09
2026-09-07,Traega Entertainment,jobs@traega.com,1a0624e63b4236a2,r-8723147741316066352,enviado na thread pelo Vini em 07/09
2026-09-07,Weta Workshop,recruitment@wetaworkshop.co.nz,1a0624e4954e754b,r-5501150057412317812,enviado na thread pelo Vini em 07/09
2026-09-07,Heart Machine,jobs@heart-machine.com,1a0624e3d57dac4f,r-3020393731184761660,enviado na thread pelo Vini em 07/09
2026-09-07,Rising Sun Pictures,recruitment@rsp.com.au,1a0624e1d4454ceb,r-1343778166484114331,enviado na thread pelo Vini em 07/09
2026-09-07,Hipster Whale,jobs@hipsterwhale.com,1a0624df46115cb4,r-7235810282557250256,enviado na thread pelo Vini em 07/09
2026-09-07,Yukfoo Animation,work@yukfoo.net,1a0624dcd50bdcb0,r5440984227798538427,enviado na thread pelo Vini em 07/09
2026-09-07,Kapow Pictures,producer@kapowpictures.com,1a0624d9eb343707,r-4118174440011143750,enviado na thread pelo Vini em 07/09
2026-09-07,Mighty Coconut,jobs@mightycoconut.com,1a0624d7ba519064,r-8080391128869409487,enviado na thread pelo Vini em 07/09
2026-09-07,Elysium Studios,info@elysiumstudios.tv,1a0624d7939ab244,r-5821234980253677817,enviado na thread pelo Vini em 07/09
2026-09-07,Robot Playground Media,hello@robotplaygroundmedia.com,1a06250e79c63460,r-2660918616993145364,enviado na thread pelo Vini em 07/09
2026-09-07,Robot Entertainment,recruiting@robotentertainment.com,1a0624d2fe616bef,r-1081678839260925398,enviado na thread pelo Vini em 07/09
2026-09-07,Bohemia Interactive,jobs@bohemia.net,1a0624315a4b06ea,r-6354424173710861468,enviado na thread pelo Vini em 07/09
2026-09-07,Vertigo Games,jobs@vertigo-games.com,1a06242c8ba0bdf3,r7843721261763821050,enviado na thread pelo Vini em 07/09
2026-09-07,Bubblebird Studio,contact@bubblebirdstudio.com,1a062429e0312c87,r-321349786517252933,enviado na thread pelo Vini em 07/09
2026-09-07,Fabrique Fantastique,info@fabriquefantastique.be,1a062421fe34ba02,r-1256092665417900056,enviado na thread pelo Vini em 07/09
2026-09-07,Abrakam Entertainment,careers@abrakam.com,1a06241f9ea51bc9,r4860138726119802343,enviado na thread pelo Vini em 07/09
2026-09-07,Triangle Factory,work@triangle-factory.be,1a06241d328ba401,r-2272155766357965949,enviado na thread pelo Vini em 07/09
2026-09-07,Glowfish Interactive,jobs@glowfishinteractive.com,1a06241ad997a838,r-8667085239063485061,enviado na thread pelo Vini em 07/09
2026-09-07,Appeal Studios,job@appeal-studios.com,1a062418685991d6,r3398676912961548667,enviado na thread pelo Vini em 07/09
2026-09-07,Millimages,recrutement@millimages.com,1a062415f39258df,r-5951690142818875143,enviado na thread pelo Vini em 07/09
2026-09-07,Twin Win Games,info@twinwingames.com,1a06241540baea01,r-3628800914925824734,enviado na thread pelo Vini em 07/09
2026-09-07,Eisko,contact@eisko.com,1a0624138eece94d,r6477225612186064779,enviado na thread pelo Vini em 07/09
2026-09-07,Terminal FX,info@terminalfx.com,1a0624131630ca88,r-6721761502376125644,enviado na thread pelo Vini em 07/09
2026-09-07,Trimaran VFX,contact@trimaran.com,1a062410fdd50a30,r-2540488198935460053,enviado na thread pelo Vini em 07/09
2026-09-07,Eschatology Entertainment,info@ee.games,1a062410acfb19f7,r-4631984002445196547,enviado na thread pelo Vini em 07/09
2026-09-07,Hocus Pocus Studio,job@hocuspocus-studio.fr,1a06240cff118f19,r-2653650772417712075,enviado na thread pelo Vini em 07/09
2026-09-07,Team Clout,job@clout.games,1a06240afdf02499,r2049423745799764192,enviado na thread pelo Vini em 07/09
2026-09-07,BUF,jobs_paris@buf.com,1a06240aa3f626fd,r-2620226903337747091,enviado na thread pelo Vini em 07/09
2026-09-07,Unfrozen,job@unfrozen.studio,1a06240884e2b0dc,r7328596549081581826,enviado na thread pelo Vini em 07/09
2026-09-07,Old Skull Games,contact@oldskullgames.com,1a06240808f6e7ad,r7681760677736304569,enviado na thread pelo Vini em 07/09
2026-09-07,VEA Games,info@veagames.com,1a062405f88d8da0,r7666523985669472188,enviado na thread pelo Vini em 07/09
2026-09-07,Tindalos Interactive,contact@tindalos-interactive.com,1a062405b36623da,r4917478169752810259,enviado na thread pelo Vini em 07/09
2026-09-07,Microids,recruitment@microids.com,1a0624034574c126,r3581511761110244,enviado na thread pelo Vini em 07/09
2026-09-07,Tactical Adventures,jobs@tactical-adventures.com,1a062400d9575d45,r-1003992540135464226,enviado na thread pelo Vini em 07/09
2026-09-07,Eden Games,job@edengames.com,1a0623fe69abc4a1,r-5444495994203381584,enviado na thread pelo Vini em 07/09
2026-09-07,The Animation Band,info@theanimationband.it,1a0623fe02188e94,r-5852766375579671466,enviado na thread pelo Vini em 07/09
2026-09-07,Artefacts Studio,job@artefacts-studio.fr,1a0623fbd0b22ecb,r4247976502595813895,enviado na thread pelo Vini em 07/09
2026-09-07,Studio Evil,jobs@studioevil.com,1a0623f94d510fb0,r-8393483721947222687,enviado na thread pelo Vini em 07/09
2026-09-07,Moonraker VFX,hello@moonrakervfx.com,1a0623f701cb7a0b,r-9125565656111380757,enviado na thread pelo Vini em 07/09
2026-09-07,Raylight Games,jobs@raylightgames.com,1a0623f05c20de50,r7472949565093754513,enviado na thread pelo Vini em 07/09
