ats,token,status,n_vagas,conferido
ashby,hyperhug,OK,16,SIM
ashby,prodigy-education,OK,0,SIM
ashby,redlygames,OK,3,SIM
ashby,voldex,OK,3,SIM
bamboohr,archiactinteractive,CONTA-ENCERRADA(302 p/ bamboohr.com),,SIM
bamboohr,budge,OK,4,SIM
bamboohr,compulsiongames,OK,0,SIM
bamboohr,darkslope,OK,0,SIM
bamboohr,felixandpaul,OK,0,SIM
bamboohr,flyingbark,OK,11,SIM
bamboohr,gamemodeone,OK,3,SIM
bamboohr,gasketgames,OK,0,SIM
bamboohr,hashbane,CONTA-ENCERRADA(302),,SIM
bamboohr,houseofcool,CONTA-ENCERRADA(302),,SIM
bamboohr,hyperhippo,CONTA-ENCERRADA(302),,SIM
bamboohr,lbcstudiosca,OK,0,SIM
bamboohr,onemanstudio,OK,0,SIM
bamboohr,redbarrels,OK,1,SIM
bamboohr,snowball,CONTA-ENCERRADA(302),,SIM
bamboohr,triotech,OK,3,SIM
bamboohr,wgames,CONTA-ENCERRADA(302),,SIM
greenhouse,absurdventures,OK,17,SIM
greenhouse,blurstudio,OK,0,SIM
greenhouse,eleventhhourgames,OK,6,SIM
greenhouse,epicgames,OK,154,SIM
greenhouse,firesprite,OK,1,SIM
greenhouse,gearbox,OK,1,SIM
greenhouse,gravitywell,OK,0,SIM
greenhouse,havenenglish,OK,2,SIM
greenhouse,hbstudios,OK,0,SIM
greenhouse,housemarque,OK,3,SIM
greenhouse,insomniac,OK,6,SIM
greenhouse,monomipark,OK,0,SIM
greenhouse,naughtydog,OK,13,SIM
greenhouse,phoenixlabsyvren,HTTP-404,,SIM
greenhouse,riotgames,OK,151,SIM
greenhouse,sphereentertainment,OK,30,SIM
greenhouse,studiokraftonboard,OK,1,SIM
greenhouse,supernaturalstudios,HTTP-404,,SIM
greenhouse,tactilegames,OK,4,SIM
greenhouse,teamlfg,OK,10,SIM
greenhouse,wbpa,OK,1,SIM
lever,illumination,OK,0,SIM
lever,kickstart-ent,HTTP-404,,SIM
lever,kolibrigames,OK,4,SIM
lever,minogames,HTTP-404,,SIM
lever,reli-sh,HTTP-404,,SIM
lever,searchlocations,HTTP-404,,SIM
lever,vrchat,OK,13,SIM
lever,wildlight,OK,0,SIM
personio,aesir,OK,14,SIM
personio,bongfish,OK,1,SIM
personio,boxelware,OK,3,SIM
personio,chimera-entertainment,HTTP-404,,SIM
personio,deck13,OK,5,SIM
personio,king-art-gmbh,OK,2,SIM
personio,lightbox-animation-studios,HTTP-404,,SIM
personio,parasol-island,HTTP-404,,SIM
personio,stratosphere-games,OK,2,SIM
personio,trixter,HTTP-404,,SIM
personio,welevel,HTTP-404,,SIM
personio,weltenbauer-software-entwicklung-gmbh,OK,11,SIM
pinpoint,brazenanimation,OK,0,SIM
pinpoint,fenriscreations,OK,5,SIM
pinpoint,flixinteractive,OK,0,SIM
pinpoint,framestore,OK,3,SIM
pinpoint,gameplaygalaxy,OK,0,SIM
pinpoint,hyperhippo,OK,0,SIM
pinpoint,ingenuitystudios,OK,0,SIM
pinpoint,magnopus,OK,3,SIM
pinpoint,maverick-games,OK,1,SIM
pinpoint,naodeveexistirxyz123,HTTP-404,,SIM
pinpoint,outpost-vfx,OK,0,SIM
pinpoint,pipeworks,OK,5,SIM
pinpoint,playground-games,OK,0,SIM
pinpoint,rocksteady,OK,5,SIM
pinpoint,singularity6,OK,0,SIM
pinpoint,tripledotstudios,OK,0,SIM
pinpoint,trust,NAO-JSON,,NAO
pinpoint,ttkgames,OK,14,SIM
pinpoint,wushustudios,OK,0,SIM
recruitee,11bitstudios,OK,5,SIM
recruitee,adam,OK,73,SIM
recruitee,alex,OK,5,SIM
recruitee,angels,OK,0,SIM
recruitee,anyone,OK,2,SIM
recruitee,assembly,OK,4,SIM
recruitee,blank,OK,10,SIM
recruitee,blooberteam,OK,4,SIM
recruitee,bloom,OK,3,SIM
recruitee,brain,OK,5,SIM
recruitee,bright,OK,9,SIM
recruitee,brink,OK,0,SIM
recruitee,careers-analytics,HTTP-403,,NAO
recruitee,chaos,OK,14,SIM
recruitee,chimpworks,OK,0,SIM
recruitee,cipsoft,OK,2,SIM
recruitee,circuit,OK,0,SIM
recruitee,clarity,OK,2,SIM
recruitee,classy,OK,6,SIM
recruitee,clever,OK,3,SIM
recruitee,cloudfire,OK,13,SIM
recruitee,cold,OK,1,SIM
recruitee,company3,OK,1,SIM
recruitee,daredevils,OK,1,SIM
recruitee,eleven,OK,1,SIM
recruitee,ember,OK,26,SIM
recruitee,emergo,OK,6,SIM
recruitee,escape,OK,25,SIM
recruitee,focusentertainment,OK,8,SIM
recruitee,fourth,OK,1,SIM
recruitee,grip,OK,3,SIM
recruitee,hiro,OK,0,SIM
recruitee,icon,OK,2,SIM
recruitee,illuvium,OK,0,SIM
recruitee,jump,OK,3,SIM
recruitee,knuddels,OK,5,SIM
recruitee,knuddelsgmbhcokg,OK,5,SIM
recruitee,lucidgames,OK,1,SIM
recruitee,matt,OK,8,SIM
recruitee,meta,OK,1,SIM
recruitee,million,OK,2,SIM
recruitee,nimble,OK,4,SIM
recruitee,opus,OK,25,SIM
recruitee,outbox,OK,1,SIM
recruitee,parallel,OK,6,SIM
recruitee,pineapple,OK,20,SIM
recruitee,playtestcloud,OK,1,SIM
recruitee,playtestcloudgmbh,OK,1,SIM
recruitee,primary,OK,1,SIM
recruitee,realitygames,OK,31,SIM
recruitee,redsky,OK,19,SIM
recruitee,reframe,OK,0,SIM
recruitee,rift,OK,6,SIM
recruitee,rock,OK,1,SIM
recruitee,rocketwerkz,OK,4,SIM
recruitee,rooster,OK,1,SIM
recruitee,sandbox,OK,0,SIM
recruitee,sisu,OK,132,SIM
recruitee,softgames,OK,5,SIM
recruitee,storm,OK,0,SIM
recruitee,talent,OK,1,SIM
recruitee,tbwa,OK,5,SIM
recruitee,tensquaregames,OK,11,SIM
recruitee,tributary,OK,1,SIM
recruitee,true,OK,7,SIM
recruitee,vertical,OK,2,SIM
recruitee,zero,OK,19,SIM
smartrecruiters,dontnod,OK,3,SIM
smartrecruiters,ludia1,OK,0,SIM
smartrecruiters,nbcuniversal,OK,0,SIM
teamtailor,10chambers,OK,0,SIM
teamtailor,above,OK,4,SIM
teamtailor,airshipinteractive,OK,0,SIM
teamtailor,anima,OK,7,SIM
teamtailor,antagonist,OK,0,SIM
teamtailor,aonic,OK,0,SIM
teamtailor,avantis,OK,0,SIM
teamtailor,awaceb,OK,1,SIM
teamtailor,axis,OK,0,SIM
teamtailor,beyondframesentertainment,OK,0,SIM
teamtailor,bica,OK,0,SIM
teamtailor,black,OK,0,SIM
teamtailor,butter,OK,0,SIM
teamtailor,capsulestudio,OK,0,SIM
teamtailor,captureage,OK,0,SIM
teamtailor,chief,OK,0,SIM
teamtailor,chopchop,OK,0,SIM
teamtailor,curio,OK,0,SIM
teamtailor,dare,OK,0,SIM
teamtailor,delve,OK,8,SIM
teamtailor,doktor,OK,0,SIM
teamtailor,eclipse,OK,0,SIM
teamtailor,ember,OK,0,SIM
teamtailor,envar,HTTP-404,,SIM
teamtailor,erepublik,OK,0,SIM
teamtailor,facepunch,301 p/ careers.facepunch.com; HTTP 200 e ZERO vaga listada,,SIM
teamtailor,firefly,OK,0,SIM
teamtailor,foolstheory,HTTP-404,,SIM
teamtailor,fortis,OK,0,SIM
teamtailor,fully,OK,2,SIM
teamtailor,funcom,OK,0,SIM
teamtailor,fundagames,HTTP-404,,SIM
teamtailor,fuse,OK,0,SIM
teamtailor,gamecan,HTTP-404,,SIM
teamtailor,genius,OK,0,SIM
teamtailor,ghostshipgames,HTTP-404,,SIM
teamtailor,goals,OK,0,SIM
teamtailor,goodbyekansasstudios,HTTP-404,,SIM
teamtailor,goodgamestudios,OK,6,SIM
teamtailor,grace,OK,0,SIM
teamtailor,graft,OK,5,SIM
teamtailor,groundcontrol,OK,0,SIM
teamtailor,habitat,OK,0,SIM
teamtailor,here,OK,0,SIM
teamtailor,hero,OK,0,SIM
teamtailor,homa,OK,0,SIM
teamtailor,house,HTTP-403,,NAO
teamtailor,impact,301 p/ dominio proprio; dominio NAO RESPONDE = NAO CONFERIDO,,NAO
teamtailor,infinity,OK,0,SIM
teamtailor,invisiblewalls,HTTP-404,,SIM
teamtailor,keengames,HTTP-404,,SIM
teamtailor,keplerinteractive,OK,3,SIM
teamtailor,kindabrave,OK,0,SIM
teamtailor,kinetic,OK,2,SIM
teamtailor,lastarrowgames,OK,0,SIM
teamtailor,level,OK,0,SIM
teamtailor,life,OK,0,SIM
teamtailor,lightheartentertainment,OK,0,SIM
teamtailor,lingokids,OK,0,SIM
teamtailor,liquidswords,301 p/ dominio proprio; dominio NAO RESPONDE = NAO CONFERIDO,,NAO
teamtailor,lunar,OK,0,SIM
teamtailor,madbox,OK,0,SIM
teamtailor,made,OK,0,SIM
teamtailor,mill,HTTP-404,,SIM
teamtailor,mind,OK,3,SIM
teamtailor,mindark,OK,0,SIM
teamtailor,minogames,HTTP-404,,SIM
teamtailor,mobile,HTTP-403,,NAO
teamtailor,monster,OK,4,SIM
teamtailor,neat,OK,0,SIM
teamtailor,neongiant,OK,0,SIM
teamtailor,newmoonproduction,OK,2,SIM
teamtailor,next,OK,0,SIM
teamtailor,ofmstudios,OK,0,SIM
teamtailor,once,OK,0,SIM
teamtailor,opusmajor,OK,0,SIM
teamtailor,osome,OK,0,SIM
teamtailor,paradox,HTTP-404,,SIM
teamtailor,paradoxinteractive,HTTP-404,,SIM
teamtailor,paradoxplaza,HTTP-404,,SIM
teamtailor,parkerschauffeurs,OK,1,SIM
teamtailor,pixiongames,OK,3,SIM
teamtailor,power,OK,20,SIM
teamtailor,princessbento,OK,0,SIM
teamtailor,radicalforge,HTTP-404,,SIM
teamtailor,rawfury,OK,0,SIM
teamtailor,revolution,OK,0,SIM
teamtailor,rhino,HTTP-403,,NAO
teamtailor,salt,OK,2,SIM
teamtailor,sandboxinteractive,OK,9,SIM
teamtailor,seven,OK,0,SIM
teamtailor,sharkmob,OK,0,SIM
teamtailor,slug,HTTP-404,,SIM
teamtailor,snowprint,HTTP-404,,SIM
teamtailor,snowprintstudios,OK,0,SIM
teamtailor,squeeze,OK,10,SIM
teamtailor,stardust,OK,7,SIM
teamtailor,starship,OK,4,SIM
teamtailor,stillfrontgroup,OK,18,SIM
teamtailor,stim,OK,1,SIM
teamtailor,stunlockstudios,HTTP-404,,SIM
teamtailor,sunday,OK,0,SIM
teamtailor,sweet,OK,0,SIM
teamtailor,sweetspot,OK,0,SIM
teamtailor,swiftgames,OK,1,SIM
teamtailor,sybogames,HTTP-404,,SIM
teamtailor,tapnation,OK,0,SIM
teamtailor,territorystudio,OK,0,SIM
teamtailor,thegang,OK,0,SIM
teamtailor,triband,OK,0,SIM
teamtailor,tribes,OK,12,SIM
teamtailor,tt,HTTP-404,,SIM
teamtailor,unfold,OK,0,SIM
teamtailor,united,HTTP-403,,NAO
teamtailor,unleash,HTTP-404,,SIM
teamtailor,vividgamessa,OK,0,SIM
teamtailor,waypoint,OK,0,SIM
teamtailor,yonder,OK,6,SIM
teamtailor,zero,OK,0,SIM
workable,bardel-entertainment,OK,12,SIM
workable,beamng,OK,5,SIM
workable,big-viking-games-3,OK,9,SIM
workable,cause-and-fx-ltd,OK,3,SIM
workable,double-eleven,OK,6,SIM
workable,escape-velocity-entertainment-inc,OK,9,SIM
workable,jagex-limited,OK,20,SIM
workable,keywords-intl1,OK,280,SIM
workable,kingsisle-entertainment-inc,OK,2,SIM
workable,lighthousegames,OK,27,SIM
workable,mino-games,OK,0,SIM
workable,nexusstudios,OK,2,SIM
workable,one-of-us,OK,23,SIM
workable,pikpok,OK,0,SIM
workable,pxo,OK,0,SIM
workable,rebellion,OK,36,SIM
workable,streamlinestudios,OK,0,SIM
workable,supermassivegames,HTTP-429 Cloudflare = NAO CONFERIDO,,NAO
workable,team-17-digital,OK,1,SIM
workable,velanstudios,OK,9,SIM
