# TOKENS DE ATS POR FAMILIA - LISTA VERSIONADA, 18/09/2026 08h36 UTC (Jhon A, 17o turno)
#
# POR QUE ESTE ARQUIVO EXISTE: ate hoje cada varredura remontava a fila de tokens por REGEX
# SOBRE URL nos arquivos do repositorio, e isso apagava silenciosamente todo token que mora
# numa COLUNA `token` e nunca foi escrito como URL. Medido em 18/09: 147 tokens invisiveis a
# regex de URL (Ashby +30 sobre 24, BambooHR +41 sobre 87, Lever +20 sobre 27, Teamtailor +17,
# Greenhouse +14, Workable +14, Recruitee +10, SmartRecruiters +1). A varredura de 00h41 e a
# minha das 08h30 rodaram as duas sobre a lista curta. Varredos os 147 na janela de 18/09:
# 2.843 vagas a mais, 123 publicadas a mais, ZERO acerto da disciplina - o buraco era de
# COBERTURA e nao de resultado, mas ninguem podia saber isso antes de medir.
#
# COMO USAR: leia ESTE arquivo para montar a fila. Nao remonte por regex.
#
# COLUNA origem
#   url    -> o token aparece como URL em algum arquivo (era o que a regex achava)
#   coluna -> o token SO existe como coluna `token`; era invisivel para toda varredura anterior
#
# COLUNA adivinhado - e a parte que mais importa no Teamtailor
#   sim      -> token que entrou por ADIVINHACAO DE SLUG na rodada de 10/09
#               (quadros-tt-rec-1545-1009.csv) e cuja identidade NUNCA foi conferida contra o
#               nome da casa. 00h41 de hoje mediu que 77% do volume e 91% da recencia da
#               familia Teamtailor vinham daqui, e que o campo `title` do JSON Feed DESMENTE o
#               slug um por um: `house` e a Iam, `rhino` e a Diamond, `seven` e a Baar,
#               `habitat` e a HEALTH CITY, `black` e a Eventus, `butter` e a All Gravy.
#               NAO CONTE a vaga desses tokens sem comparar `title` com o nome da casa.
#   suspeito -> veio da rodada de adivinhacao de 10/09 e DEPOIS foi promovido para o
#               docs/index.html ou para o processados.csv. A promocao nao e prova de
#               identidade: pode ter sido a propria rodada de adivinhacao que o promoveu.
#   nao      -> o token tem origem independente da rodada de adivinhacao.
#
# ARMADILHA MEDIDA HOJE, E ELA ESTA DENTRO DE UM ARQUIVO DESTE REPOSITORIO: a coluna
#   `conferido` do quadros-fora-censo-1209.csv registra LEITURA CONFERIDA, nao IDENTIDADE
#   CONFERIDA. Ela diz `SIM` para `black`, `habitat`, `seven` e `butter` - os quatro que 00h41
#   provou serem casa nenhuma da area. Aquele arquivo apenas RETESTOU a mesma lista adivinhada,
#   entao ele NAO e evidencia independente e nao promove token a real. Por isso, aqui,
#   quadros-fora-censo-1209.csv nao conta como origem independente.
#
# ATENCAO SMARTRECRUITERS: o endpoint NAO e sensivel a caixa da letra e a lista antiga tinha dez
#   pares duplicados que so diferiam na caixa, e eram justamente os quadros GRANDES (Ubisoft2,
#   KeywordsStudios, NBCUniversal3, CDPROJEKTRED, MattelInc, PeopleCanFly, RodeoFX, OutpostVFX,
#   TechlandSA, GIANTSSoftwareGmbH), o que inflava a familia em ~91%. Aqui os tokens estao em
#   MINUSCULO e unicos; conte vaga por ID UNICO, nunca por quadro lido.
#
# ATENCAO WORKABLE: o 429/1015 vem com cabecalho Retry-After de 15.062 a 17.199 segundos
#   (4h11 a 4h47), medido em 18/09. A familia rende no maximo UMA leitura por token a cada
#   ~5 horas: varredura de uma vez ao dia, nunca de todo turno.
#
familia,token,origem,adivinhado,arquivos_de_origem
ashby,alden,coluna,nao,"censo-artstation-ats-1709.csv"
ashby,aleph,coluna,nao,"censo-artstation-ats-1709.csv"
ashby,arena,url,nao,"quadros-dominio-1609.csv"
ashby,arenanet,coluna,nao,"censo-artstation-ats-1709.csv"
ashby,badrobotgames,url,nao,"quadros-novos-wikidata-1509.csv"
ashby,biggergames,coluna,nao,"censo-artstation-ats-1709.csv"
ashby,block-labs,coluna,nao,"censo-artstation-ats-1709.csv"
ashby,bumble,url,nao,"quadros-dominio-1609.csv"
ashby,cardboard,url,nao,"quadros-dominio-1609.csv"
ashby,chromatic,url,nao,"quadros-dominio-1609.csv"
ashby,codeway,coluna,nao,"censo-artstation-ats-1709.csv"
ashby,colonist,coluna,nao,"quadros-novos-1009.csv"
ashby,company,url,nao,"quadros-dominio-1609.csv"
ashby,customuse,coluna,nao,"censo-artstation-ats-1709.csv"
ashby,everai,coluna,nao,"censo-artstation-ats-1709.csv"
ashby,fable,coluna,nao,"censo-artstation-ats-1709.csv"
ashby,found,coluna,nao,"censo-artstation-ats-1709.csv"
ashby,frontier,url,nao,"quadros-dominio-1609.csv"
ashby,gardens,url,nao,"censo-boards-0709.csv;censo-boards-0809.csv;index.html"
ashby,genera,coluna,nao,"censo-artstation-ats-1709.csv"
ashby,genesis,coluna,nao,"censo-artstation-ats-1709.csv"
ashby,genies,coluna,nao,"censo-artstation-ats-1709.csv"
ashby,glow,coluna,nao,"censo-artstation-ats-1709.csv"
ashby,gravity,url,nao,"quadros-dominio-1609.csv"
ashby,hackerone,coluna,nao,"censo-artstation-ats-1709.csv"
ashby,hivemind,coluna,nao,"censo-artstation-ats-1709.csv"
ashby,hook,url,nao,"quadros-dominio-1609.csv"
ashby,hyperhug,url,nao,"index.html;quadros-fora-censo-1209.csv"
ashby,interplay,url,nao,"quadros-dominio-1609.csv"
ashby,latitude,coluna,nao,"quadros-novos-1009.csv"
ashby,limbic,url,nao,"quadros-dominio-1609.csv"
ashby,nirvana,coluna,nao,"censo-artstation-ats-1709.csv"
ashby,parallax,url,nao,"quadros-novos-wikidata-1509.csv"
ashby,parity,coluna,nao,"censo-artstation-ats-1709.csv"
ashby,patreon,url,nao,"quadros-dominio-1609.csv"
ashby,pingo,url,nao,"quadros-dominio-1609.csv"
ashby,polygon-labs,coluna,nao,"censo-artstation-ats-1709.csv"
ashby,prodigy-education,coluna,nao,"quadros-fora-censo-1209.csv"
ashby,quorum,coluna,nao,"censo-artstation-ats-1709.csv"
ashby,rain,url,nao,"processados.csv"
ashby,redlygames,coluna,nao,"quadros-fora-censo-1209.csv"
ashby,savvy,coluna,nao,"censo-artstation-ats-1709.csv"
ashby,seconddinner,url,nao,"censo-boards-0709.csv;censo-boards-0809.csv;fila-remotegamejobs-estudios.csv;quadros-novos-wikidata-1509.csv"
ashby,stellarentertainment,url,nao,"censo-boards-0709.csv;censo-boards-0809.csv;index.html"
ashby,supercell,url,nao,"censo-boards-0709.csv;censo-boards-0809.csv;index.html"
ashby,textla,coluna,nao,"censo-artstation-ats-1709.csv"
ashby,thatgamecompany,url,nao,"censo-boards-0709.csv;censo-boards-0809.csv;index.html;personagem-quadros-1009.csv"
ashby,transfr,coluna,nao,"censo-artstation-ats-1709.csv"
ashby,tribe-ai,coluna,nao,"censo-artstation-ats-1709.csv"
ashby,triumph-arcade,coluna,nao,"censo-artstation-ats-1709.csv"
ashby,vizcom,coluna,nao,"censo-artstation-ats-1709.csv"
ashby,voldex,url,nao,"index.html;processados.csv;quadros-fora-censo-1209.csv;quadros-novos-1009.csv"
ashby,volka,url,nao,"censo-boards-0709.csv;censo-boards-0809.csv;index.html;processados.csv"
ashby,voodoo,url,nao,"quadros-novos-wikidata-1509.csv"
bamboohr,acamarfilms,url,nao,"processados.csv"
bamboohr,afternow,coluna,nao,"censo-artstation-ats-1709.csv"
bamboohr,amazing,url,nao,"quadros-dominio-1609.csv"
bamboohr,amuseanimation,url,nao,"censo-boards-0709.csv;censo-boards-0809.csv;index.html"
bamboohr,app,url,nao,"index.html;processados.csv"
bamboohr,aquifer,coluna,nao,"censo-artstation-ats-1709.csv"
bamboohr,arcana,url,nao,"quadros-dominio-1609.csv"
bamboohr,archiactinteractive,url,nao,"index.html;quadros-fora-censo-1209.csv"
bamboohr,ascend,coluna,nao,"censo-artstation-ats-1709.csv"
bamboohr,aura,coluna,nao,"censo-artstation-ats-1709.csv"
bamboohr,bare,coluna,nao,"censo-artstation-ats-1709.csv"
bamboohr,barnstormvfx,url,nao,"censo-boards-0709.csv;censo-boards-0809.csv;garimpo-cgstudiomap.csv;index.html;personagem-quadros-1009.csv"
bamboohr,beamdog,url,nao,"quadros-novos-wikidata-1509.csv"
bamboohr,betadwarfaps,url,nao,"censo-boards-0709.csv;censo-boards-0809.csv;index.html"
bamboohr,biggergames,coluna,nao,"censo-artstation-ats-1709.csv"
bamboohr,bitwisealchemy,coluna,nao,"quadros-novos-1009.csv"
bamboohr,blacklistcreative,coluna,nao,"censo-artstation-ats-1709.csv"
bamboohr,blazinggriffin,url,nao,"quadros-novos-wikidata-1509.csv"
bamboohr,bluemoon,url,nao,"quadros-dominio-1609.csv"
bamboohr,bonfirestudios,url,nao,"quadros-novos-wikidata-1509.csv"
bamboohr,brainrocket,coluna,nao,"censo-artstation-ats-1709.csv"
bamboohr,bside,coluna,nao,"censo-artstation-ats-1709.csv"
bamboohr,budge,url,nao,"index.html;quadros-fora-censo-1209.csv"
bamboohr,catface,coluna,nao,"censo-artstation-ats-1709.csv"
bamboohr,cinesitemontreal,url,nao,"censo-boards-0709.csv;censo-boards-0809.csv;index.html"
bamboohr,cinesitevancouver,url,nao,"censo-boards-0709.csv;censo-boards-0809.csv;index.html"
bamboohr,clockwork,coluna,nao,"censo-artstation-ats-1709.csv"
bamboohr,clockworklabs,coluna,nao,"censo-artstation-ats-1709.csv"
bamboohr,codehq,url,nao,"quadros-dominio-1609.csv"
bamboohr,company,url,nao,"quadros-dominio-1609.csv"
bamboohr,compulsiongames,url,nao,"index.html;quadros-fora-censo-1209.csv"
bamboohr,cosmic,coluna,nao,"censo-artstation-ats-1709.csv"
bamboohr,cosmos,coluna,nao,"censo-artstation-ats-1709.csv"
bamboohr,darkslope,coluna,nao,"quadros-fora-censo-1209.csv;quadros-novos-1009.csv"
bamboohr,decentraland,coluna,nao,"censo-artstation-ats-1709.csv"
bamboohr,defiant,coluna,nao,"censo-artstation-ats-1709.csv"
bamboohr,derivco,coluna,nao,"censo-artstation-ats-1709.csv"
bamboohr,dima,url,nao,"quadros-novos-wikidata-1509.csv"
bamboohr,direwolfdigital,url,nao,"quadros-novos-wikidata-1509.csv"
bamboohr,displaysweet,coluna,nao,"censo-artstation-ats-1709.csv"
bamboohr,dmfx,url,nao,"censo-boards-0709.csv;censo-boards-0809.csv;garimpo-cgstudiomap.csv;index.html"
bamboohr,dreamhaven,url,nao,"quadros-novos-wikidata-1509.csv"
bamboohr,eastsidegames,url,nao,"censo-artstation-ats-1709.csv;quadros-novos-wikidata-1509.csv"
bamboohr,edgewood,coluna,nao,"censo-artstation-ats-1709.csv"
bamboohr,eleventhhourgames,coluna,nao,"censo-artstation-ats-1709.csv"
bamboohr,europeanrecruitment,coluna,nao,"censo-artstation-ats-1709.csv"
bamboohr,exient,url,nao,"quadros-dominio-1609.csv"
bamboohr,fbfx,coluna,nao,"censo-artstation-ats-1709.csv"
bamboohr,felixandpaul,coluna,nao,"quadros-fora-censo-1209.csv"
bamboohr,filamentgames,coluna,nao,"quadros-novos-1009.csv"
bamboohr,flyingbark,url,nao,"index.html;quadros-fora-censo-1209.csv;quadros-novos-1009.csv"
bamboohr,fullcircle,url,nao,"quadros-novos-wikidata-1509.csv"
bamboohr,funday,url,nao,"censo-boards-0709.csv;censo-boards-0809.csv;index.html;processados.csv"
bamboohr,gamemodeone,url,nao,"fila-gamedevmap-canada.csv;index.html;processados.csv;quadros-fora-censo-1209.csv"
bamboohr,gasketgames,url,nao,"index.html;quadros-fora-censo-1209.csv"
bamboohr,gearsforbreakfast,url,nao,"quadros-novos-wikidata-1509.csv"
bamboohr,genesis,coluna,nao,"censo-artstation-ats-1709.csv"
bamboohr,gold,url,nao,"quadros-novos-wikidata-1509.csv"
bamboohr,gurustudio,coluna,nao,"quadros-novos-1009.csv"
bamboohr,hashbane,url,nao,"fila-oceania.csv;quadros-fora-censo-1209.csv"
bamboohr,highstreet,coluna,nao,"censo-artstation-ats-1709.csv"
bamboohr,highvoltagesoftware,url,nao,"quadros-novos-wikidata-1509.csv"
bamboohr,houseofcool,url,nao,"index.html;processados.csv;quadros-fora-censo-1209.csv"
bamboohr,hyperhippo,coluna,nao,"quadros-fora-censo-1209.csv"
bamboohr,iconcreative,url,nao,"censo-boards-0709.csv;censo-boards-0809.csv;garimpo-cgstudiomap.csv;index.html;processados.csv"
bamboohr,igg,url,nao,"censo-boards-0709.csv;censo-boards-0809.csv;garimpo-pdf-fontes.csv;index.html;personagem-quadros-1009.csv;processados.csv"
bamboohr,imageengine,url,nao,"censo-boards-0709.csv;censo-boards-0809.csv;garimpo-cgstudiomap.csv;garimpo-pdf-fontes.csv;index.html;personagem-quadros-1009.csv;processados.csv"
bamboohr,infinityplustwo,url,nao,"censo-boards-0709.csv;censo-boards-0809.csv;fila-oceania.csv"
bamboohr,inibuilds,coluna,nao,"censo-artstation-ats-1709.csv"
bamboohr,interplay,url,nao,"quadros-dominio-1609.csv"
bamboohr,iommediaventures,coluna,nao,"quadros-novos-1009.csv"
bamboohr,kanoapps,url,nao,"quadros-novos-wikidata-1509.csv"
bamboohr,klei,url,nao,"quadros-dominio-1609.csv"
bamboohr,klugeinteractive,url,nao,"quadros-novos-wikidata-1509.csv"
bamboohr,laigames,url,nao,"quadros-novos-1009.csv;quadros-novos-wikidata-1509.csv"
bamboohr,lbcstudiosca,coluna,nao,"quadros-fora-censo-1209.csv"
bamboohr,lemonio,coluna,nao,"censo-artstation-ats-1709.csv"
bamboohr,linkedin,url,nao,"quadros-dominio-1609.csv"
bamboohr,linktree,url,nao,"quadros-dominio-1609.csv"
bamboohr,locatario,url,nao,"index.html"
bamboohr,lumeto,coluna,nao,"censo-artstation-ats-1709.csv"
bamboohr,lunchbox,coluna,nao,"censo-artstation-ats-1709.csv"
bamboohr,marcopololearning,url,nao,"censo-boards-0709.csv;censo-boards-0809.csv;fila-remotegamejobs-estudios.csv"
bamboohr,mercuryfilmworks,coluna,nao,"quadros-novos-1009.csv"
bamboohr,motorsportgames,url,nao,"quadros-novos-wikidata-1509.csv"
bamboohr,novalink,url,nao,"quadros-novos-wikidata-1509.csv"
bamboohr,nspace,url,nao,"quadros-novos-wikidata-1509.csv"
bamboohr,nwave,url,nao,"censo-boards-0709.csv;censo-boards-0809.csv;index.html;quadros-dominio-1609.csv"
bamboohr,onemanstudio,url,nao,"garimpo-pdf-fontes.csv;quadros-fora-censo-1209.csv"
bamboohr,origin,url,nao,"quadros-dominio-1609.csv"
bamboohr,owi,url,nao,"censo-boards-0709.csv;censo-boards-0809.csv;garimpo-pdf-fontes.csv;index.html;personagem-quadros-1009.csv;processados.csv"
bamboohr,peaksel,url,nao,"quadros-novos-wikidata-1509.csv"
bamboohr,pixeltoysltd,coluna,nao,"quadros-novos-1009.csv"
bamboohr,presto,url,nao,"quadros-dominio-1609.csv"
bamboohr,puzzlelab,url,nao,"quadros-novos-wikidata-1509.csv"
bamboohr,randomstudio,url,nao,"censo-boards-0709.csv;censo-boards-0809.csv;index.html"
bamboohr,redbarrels,coluna,nao,"quadros-fora-censo-1209.csv"
bamboohr,redhookgames,url,nao,"quadros-dominio-1609.csv"
bamboohr,rotu,url,nao,"quadros-dominio-1609.csv"
bamboohr,sidefx,url,nao,"censo-boards-0709.csv;censo-boards-0809.csv;index.html"
bamboohr,skybound,url,nao,"quadros-dominio-1609.csv"
bamboohr,skydance,url,nao,"quadros-dominio-1609.csv"
bamboohr,smokingguninc,url,nao,"quadros-dominio-1609.csv"
bamboohr,smule,url,nao,"quadros-novos-wikidata-1509.csv"
bamboohr,snowball,url,nao,"canada-reabertos-07-09.csv;quadros-fora-censo-1209.csv"
bamboohr,soulassembly,url,nao,"censo-boards-0709.csv;censo-boards-0809.csv;index.html"
bamboohr,springloaded,url,nao,"quadros-novos-wikidata-1509.csv"
bamboohr,stirlinganimationstudios,url,nao,"censo-boards-0709.csv;censo-boards-0809.csv;garimpo-pdf-fontes.csv;index.html;personagem-quadros-1009.csv;processados.csv"
bamboohr,stormindgames,url,nao,"censo-boards-0709.csv;censo-boards-0809.csv;index.html"
bamboohr,streamlinestudios,url,nao,"censo-boards-0709.csv;censo-boards-0809.csv;index.html;personagem-quadros-1009.csv;processados.csv"
bamboohr,studiomdhr,url,nao,"quadros-novos-wikidata-1509.csv"
bamboohr,studiowildcard,url,nao,"quadros-novos-wikidata-1509.csv"
bamboohr,super7,coluna,nao,"censo-artstation-ats-1709.csv"
bamboohr,systemera,url,nao,"quadros-dominio-1609.csv"
bamboohr,theembassy,url,nao,"index.html;processados.csv"
bamboohr,titmouse,url,nao,"quadros-dominio-1609.csv"
bamboohr,tornbanner,url,nao,"quadros-dominio-1609.csv"
bamboohr,triotech,url,nao,"index.html;processados.csv;quadros-fora-censo-1209.csv"
bamboohr,triumph,url,nao,"processados.csv"
bamboohr,uken,url,nao,"quadros-dominio-1609.csv"
bamboohr,upliftgames,url,nao,"quadros-novos-wikidata-1509.csv"
bamboohr,valiant,url,nao,"quadros-dominio-1609.csv"
bamboohr,void,coluna,nao,"quadros-novos-1009.csv"
bamboohr,voodoo,url,nao,"quadros-novos-wikidata-1509.csv"
bamboohr,wgames,url,nao,"index.html;quadros-fora-censo-1209.csv;quadros-novos-1009.csv"
bamboohr,wildworks,url,nao,"quadros-novos-wikidata-1509.csv"
bamboohr,wolcenstudio,url,nao,"quadros-novos-wikidata-1509.csv"
bamboohr,woodland,url,nao,"quadros-dominio-1609.csv"
greenhouse,2k,url,nao,"censo-boards-0709.csv;censo-boards-0809.csv;garimpo-pdf-fontes.csv;index.html;personagem-quadros-1009.csv;processados.csv"
greenhouse,31stunion,url,nao,"processados.csv;quadros-novos-1009.csv"
greenhouse,absurdventures,url,nao,"index.html;quadros-fora-censo-1209.csv"
greenhouse,atariinc,url,nao,"quadros-novos-wikidata-1509.csv"
greenhouse,athinkingape,coluna,nao,"quadros-novos-1009.csv"
greenhouse,atomiccartoons,url,nao,"censo-boards-0709.csv;censo-boards-0809.csv;garimpo-pdf-fontes.csv;index.html;processados.csv"
greenhouse,azragames,coluna,nao,"quadros-novos-1009.csv"
greenhouse,azragamesoa,coluna,nao,"quadros-novos-1009.csv"
greenhouse,bethesda,url,nao,"quadros-dominio-1609.csv"
greenhouse,bluehole,url,nao,"censo-boards-0709.csv;censo-boards-0809.csv;index.html;personagem-quadros-1009.csv;processados.csv"
greenhouse,blurstudio,coluna,nao,"quadros-fora-censo-1209.csv"
greenhouse,brandnewschool,url,nao,"censo-boards-0709.csv;censo-boards-0809.csv;index.html;processados.csv"
greenhouse,bungie,url,nao,"censo-boards-0709.csv;censo-boards-0809.csv;index.html"
greenhouse,catdaddy,url,nao,"quadros-dominio-1609.csv"
greenhouse,cloudchamberen,url,nao,"censo-boards-0709.csv;censo-boards-0809.csv;garimpo-pdf-fontes.csv;index.html;personagem-quadros-1009.csv"
greenhouse,coatsink,coluna,nao,"quadros-novos-1009.csv"
greenhouse,company,url,nao,"quadros-dominio-1609.csv"
greenhouse,corp,url,nao,"quadros-dominio-1609.csv"
greenhouse,crystaldynamics,url,nao,"censo-boards-0709.csv;censo-boards-0809.csv;index.html;processados.csv"
greenhouse,daybreakgames,url,nao,"quadros-dominio-1609.csv"
greenhouse,digitaleclipse,url,nao,"censo-boards-0709.csv;censo-boards-0809.csv"
greenhouse,digitalextremes,url,nao,"censo-boards-0709.csv;censo-boards-0809.csv;index.html"
greenhouse,disney,url,nao,"quadros-dominio-1609.csv"
greenhouse,dots,url,nao,"quadros-dominio-1609.csv"
greenhouse,eleventhhourgames,url,nao,"index.html;quadros-fora-censo-1209.csv;quadros-novos-1009.csv"
greenhouse,encore,url,nao,"quadros-novos-wikidata-1509.csv"
greenhouse,epicgames,url,nao,"index.html;quadros-fora-censo-1209.csv"
greenhouse,fanaticscollectibles,url,nao,"censo-boards-0709.csv;censo-boards-0809.csv;index.html"
greenhouse,firaxis,url,nao,"quadros-dominio-1609.csv"
greenhouse,firesprite,url,nao,"garimpo-cgstudiomap.csv;quadros-fora-censo-1209.csv;quadros-novos-1009.csv"
greenhouse,gearbox,coluna,nao,"quadros-fora-censo-1209.csv"
greenhouse,goodjobgames,url,nao,"censo-boards-0709.csv;censo-boards-0809.csv;index.html;processados.csv"
greenhouse,gravity,url,nao,"quadros-dominio-1609.csv"
greenhouse,gravitywell,url,nao,"index.html;quadros-fora-censo-1209.csv"
greenhouse,hasbro,url,nao,"censo-boards-0709.csv;censo-boards-0809.csv;garimpo-pdf-fontes.csv;index.html;personagem-quadros-1009.csv"
greenhouse,haven,coluna,nao,"quadros-novos-1009.csv"
greenhouse,havenenglish,url,nao,"index.html;processados.csv;quadros-fora-censo-1209.csv;quadros-novos-1009.csv"
greenhouse,hbstudios,url,nao,"index.html;quadros-fora-censo-1209.csv"
greenhouse,highdive,url,nao,"censo-boards-0709.csv;censo-boards-0809.csv;index.html"
greenhouse,hook,url,nao,"quadros-dominio-1609.csv"
greenhouse,housemarque,url,nao,"garimpo-cgstudiomap.csv;processados.csv;quadros-dominio-1609.csv;quadros-fora-censo-1209.csv;quadros-novos-1009.csv"
greenhouse,insomniac,url,nao,"garimpo-pdf-fontes.csv;quadros-dominio-1609.csv;quadros-fora-censo-1209.csv"
greenhouse,inzoistudio,url,nao,"quadros-novos-wikidata-1509.csv"
greenhouse,jamfilled,url,nao,"censo-boards-0709.csv;censo-boards-0809.csv;index.html"
greenhouse,jellyvision,url,nao,"quadros-novos-wikidata-1509.csv"
greenhouse,krafton,url,nao,"censo-boards-0709.csv;censo-boards-0809.csv;index.html"
greenhouse,kswh,coluna,nao,"censo-boards-0709.csv;censo-boards-0809.csv"
greenhouse,laika,url,nao,"index.html;processados.csv"
greenhouse,lift,url,nao,"quadros-dominio-1609.csv"
greenhouse,linkedin,url,nao,"quadros-dominio-1609.csv"
greenhouse,loonshotgames,url,nao,"censo-boards-0709.csv;censo-boards-0809.csv;index.html;personagem-quadros-1009.csv;processados.csv"
greenhouse,mobentertainment,url,nao,"censo-boards-0709.csv;censo-boards-0809.csv;garimpo-pdf-fontes.csv;index.html;personagem-quadros-1009.csv;processados.csv"
greenhouse,mobilityware,url,nao,"quadros-novos-wikidata-1509.csv"
greenhouse,monomipark,url,nao,"quadros-fora-censo-1209.csv;quadros-novos-wikidata-1509.csv"
greenhouse,naughtydog,url,nao,"garimpo-pdf-fontes.csv;quadros-fora-censo-1209.csv;quadros-novos-1009.csv"
greenhouse,ncamerica,url,nao,"censo-boards-0709.csv;censo-boards-0809.csv;index.html;processados.csv"
greenhouse,neteasegames,url,nao,"quadros-novos-wikidata-1509.csv"
greenhouse,nightdivestudios,url,nao,"quadros-novos-wikidata-1509.csv"
greenhouse,nmcareers,url,nao,"censo-boards-0709.csv;censo-boards-0809.csv;index.html"
greenhouse,nmcareers.,url,nao,"index.html"
greenhouse,nordeus,url,nao,"quadros-novos-wikidata-1509.csv"
greenhouse,panicbutton,url,nao,"quadros-novos-wikidata-1509.csv"
greenhouse,pdi,coluna,nao,"quadros-novos-1009.csv"
greenhouse,phoenixlabsyvren,url,nao,"index.html;quadros-fora-censo-1209.csv"
greenhouse,playq,url,nao,"censo-boards-0709.csv;censo-boards-0809.csv;index.html"
greenhouse,playstationlondonstudio,url,nao,"quadros-dominio-1609.csv"
greenhouse,pmstudios,url,nao,"quadros-novos-wikidata-1509.csv"
greenhouse,pocketgems,url,nao,"quadros-novos-wikidata-1509.csv"
greenhouse,psyonix,url,nao,"quadros-novos-wikidata-1509.csv"
greenhouse,remedy,url,nao,"processados.csv"
greenhouse,riotgames,coluna,nao,"quadros-fora-censo-1209.csv"
greenhouse,ritual,url,nao,"quadros-dominio-1609.csv"
greenhouse,roblox,url,nao,"censo-boards-0709.csv;censo-boards-0809.csv;index.html"
greenhouse,route2,url,nao,"quadros-dominio-1609.csv"
greenhouse,scopely,url,nao,"censo-boards-0709.csv;censo-boards-0809.csv;index.html"
greenhouse,sggcareers,coluna,nao,"quadros-novos-1009.csv"
greenhouse,siei,coluna,nao,"quadros-novos-1009.csv"
greenhouse,socialpoint,url,nao,"quadros-novos-wikidata-1509.csv"
greenhouse,sonyinteractiveentertainmentglobal,url,nao,"censo-boards-0709.csv;censo-boards-0809.csv;index.html"
greenhouse,sonypicturesanimation,url,nao,"censo-boards-0709.csv;censo-boards-0809.csv;index.html;processados.csv"
greenhouse,sonypicturesimageworks,url,nao,"censo-boards-0709.csv;censo-boards-0809.csv;garimpo-cgstudiomap.csv;index.html;personagem-quadros-1009.csv;processados.csv"
greenhouse,sphereentertainment,coluna,nao,"quadros-fora-censo-1209.csv"
greenhouse,studiokraftonboard,url,nao,"garimpo-pdf-fontes.csv;quadros-fora-censo-1209.csv"
greenhouse,supernaturalstudios,url,nao,"index.html;quadros-fora-censo-1209.csv"
greenhouse,swayboxstudios,url,nao,"censo-boards-0709.csv;censo-boards-0809.csv;garimpo-pdf-fontes.csv;index.html"
greenhouse,tactilegames,url,nao,"index.html;quadros-fora-censo-1209.csv"
greenhouse,teamlfg,url,nao,"garimpo-pdf-fontes.csv;quadros-fora-censo-1209.csv"
greenhouse,tripledotstudios,coluna,nao,"censo-boards-0709.csv;censo-boards-0809.csv"
greenhouse,tripwireinteractive,url,nao,"censo-boards-0709.csv;censo-boards-0809.csv;index.html;processados.csv"
greenhouse,truecaller,url,nao,"quadros-dominio-1609.csv"
greenhouse,unknownworlds,url,nao,"censo-boards-0709.csv;censo-boards-0809.csv;index.html;quadros-dominio-1609.csv"
greenhouse,uplift,url,nao,"quadros-dominio-1609.csv"
greenhouse,wargamingen,url,nao,"censo-boards-0709.csv;censo-boards-0809.csv;garimpo-cgstudiomap.csv;garimpo-pdf-fontes.csv;index.html;personagem-quadros-1009.csv"
greenhouse,watermelon,url,nao,"quadros-novos-wikidata-1509.csv"
greenhouse,wbpa,url,nao,"index.html;quadros-fora-censo-1209.csv"
lever,activetheory,coluna,nao,"censo-artstation-ats-1709.csv"
lever,aleph,coluna,nao,"censo-artstation-ats-1709.csv"
lever,amanotes,url,nao,"quadros-novos-wikidata-1509.csv"
lever,asobostudio,url,nao,"garimpo-cgstudiomap.csv;garimpo-pdf-fontes.csv;index.html;quadros-novos-1009.csv"
lever,avalanchestudios,url,nao,"censo-boards-0709.csv;censo-boards-0809.csv;garimpo-cgstudiomap.csv;garimpo-pdf-fontes.csv;index.html;personagem-quadros-1009.csv;pessoas.csv;quadros-dominio-1609.csv"
lever,bentoboxent,url,nao,"censo-boards-0709.csv;censo-boards-0809.csv;index.html;processados.csv"
lever,bhvr,url,nao,"censo-boards-0709.csv;censo-boards-0809.csv;garimpo-pdf-fontes.csv;index.html;personagem-quadros-1009.csv;processados.csv;quadros-dominio-1609.csv"
lever,blackbirdinteractive,url,nao,"censo-boards-0709.csv;censo-boards-0809.csv;garimpo-cgstudiomap.csv;index.html;processados.csv"
lever,codeway,coluna,nao,"censo-artstation-ats-1709.csv"
lever,dailywire,coluna,nao,"censo-artstation-ats-1709.csv"
lever,dreamgames,url,nao,"censo-boards-0709.csv;censo-boards-0809.csv;garimpo-pdf-fontes.csv;index.html"
lever,fanatee,coluna,nao,"censo-artstation-ats-1709.csv"
lever,frontier,url,nao,"garimpo-cgstudiomap.csv;garimpo-pdf-fontes.csv;index.html;pessoas.csv"
lever,genesis,coluna,nao,"censo-artstation-ats-1709.csv"
lever,illumination,url,nao,"garimpo-pdf-fontes.csv;index.html;processados.csv;quadros-fora-censo-1209.csv"
lever,immutable,coluna,nao,"quadros-novos-1009.csv"
lever,jamcity,url,nao,"censo-boards-0709.csv;censo-boards-0809.csv;index.html"
lever,jito,coluna,nao,"censo-artstation-ats-1709.csv"
lever,kabam,url,nao,"censo-boards-0709.csv;censo-boards-0809.csv;garimpo-pdf-fontes.csv;index.html;processados.csv"
lever,kickstart-ent,url,nao,"index.html;quadros-fora-censo-1209.csv"
lever,kolibrigames,coluna,nao,"quadros-fora-censo-1209.csv"
lever,larian,url,nao,"censo-boards-0709.csv;censo-boards-0809.csv;index.html;personagem-quadros-1009.csv;processados.csv;quadros-dominio-1609.csv"
lever,linkedin,url,nao,"quadros-dominio-1609.csv"
lever,lovepop,coluna,nao,"censo-artstation-ats-1709.csv"
lever,lumeto,coluna,nao,"censo-artstation-ats-1709.csv"
lever,magnopus,coluna,nao,"quadros-novos-1009.csv"
lever,minogames,url,nao,"index.html;quadros-fora-censo-1209.csv"
lever,neowiz,url,nao,"censo-boards-0709.csv;censo-boards-0809.csv;garimpo-pdf-fontes.csv;index.html;processados.csv"
lever,plexus,coluna,nao,"censo-artstation-ats-1709.csv"
lever,procreate,coluna,nao,"censo-artstation-ats-1709.csv"
lever,quanticdream,url,nao,"index.html"
lever,ramenvr,coluna,nao,"quadros-novos-1009.csv"
lever,reli-sh,url,nao,"index.html;quadros-fora-censo-1209.csv"
lever,reply,url,nao,"quadros-dominio-1609.csv"
lever,sandboxvr,coluna,nao,"quadros-novos-1009.csv"
lever,search,url,nao,"processados.csv"
lever,searchlocations,coluna,nao,"quadros-fora-censo-1209.csv"
lever,skyboxlabs,url,nao,"censo-boards-0709.csv;censo-boards-0809.csv;garimpo-cgstudiomap.csv;index.html"
lever,skydance,url,nao,"censo-boards-0709.csv;censo-boards-0809.csv;garimpo-pdf-fontes.csv;index.html;personagem-quadros-1009.csv;processados.csv;quadros-dominio-1609.csv"
lever,theorycraftgames,url,nao,"quadros-novos-wikidata-1509.csv"
lever,thinkingbox,url,nao,"censo-boards-0709.csv;censo-boards-0809.csv"
lever,titmouse,url,nao,"index.html;processados.csv;quadros-novos-1009.csv"
lever,vrchat,coluna,nao,"quadros-fora-censo-1209.csv"
lever,wildlight,url,nao,"index.html;quadros-fora-censo-1209.csv"
lever,winamax,coluna,nao,"censo-artstation-ats-1709.csv"
lever,wisdomtree,url,nao,"quadros-novos-wikidata-1509.csv"
lever,zoox,coluna,nao,"censo-artstation-ats-1709.csv"
recruitee,11bitstudios,url,sim,"quadros-fora-censo-1209.csv;quadros-tt-rec-1545-1009.csv"
recruitee,adam,url,sim,"quadros-fora-censo-1209.csv;quadros-tt-rec-1545-1009.csv"
recruitee,airworks,coluna,nao,"censo-artstation-ats-1709.csv"
recruitee,alex,url,sim,"quadros-fora-censo-1209.csv;quadros-tt-rec-1545-1009.csv"
recruitee,angels,url,sim,"quadros-fora-censo-1209.csv;quadros-tt-rec-1545-1009.csv"
recruitee,animus,coluna,nao,"censo-artstation-ats-1709.csv"
recruitee,anyone,url,sim,"quadros-fora-censo-1209.csv;quadros-tt-rec-1545-1009.csv"
recruitee,assembly,url,sim,"quadros-fora-censo-1209.csv;quadros-tt-rec-1545-1009.csv"
recruitee,blank,url,sim,"quadros-fora-censo-1209.csv;quadros-tt-rec-1545-1009.csv"
recruitee,blooberteam,url,sim,"quadros-fora-censo-1209.csv;quadros-tt-rec-1545-1009.csv"
recruitee,bloom,url,sim,"quadros-fora-censo-1209.csv;quadros-tt-rec-1545-1009.csv"
recruitee,brain,url,sim,"quadros-fora-censo-1209.csv;quadros-tt-rec-1545-1009.csv"
recruitee,bright,url,sim,"quadros-fora-censo-1209.csv;quadros-tt-rec-1545-1009.csv"
recruitee,brink,url,sim,"quadros-fora-censo-1209.csv;quadros-tt-rec-1545-1009.csv"
recruitee,careers-analytics,coluna,nao,"quadros-fora-censo-1209.csv;quadros-novos-1009.csv"
recruitee,chaos,url,sim,"quadros-fora-censo-1209.csv;quadros-tt-rec-1545-1009.csv"
recruitee,chimpworks,url,sim,"quadros-fora-censo-1209.csv;quadros-tt-rec-1545-1009.csv"
recruitee,cipsoft,url,sim,"quadros-fora-censo-1209.csv;quadros-tt-rec-1545-1009.csv"
recruitee,circuit,url,sim,"quadros-fora-censo-1209.csv;quadros-tt-rec-1545-1009.csv"
recruitee,clarity,url,sim,"quadros-fora-censo-1209.csv;quadros-tt-rec-1545-1009.csv"
recruitee,classy,url,sim,"quadros-fora-censo-1209.csv;quadros-tt-rec-1545-1009.csv"
recruitee,clever,url,sim,"quadros-fora-censo-1209.csv;quadros-tt-rec-1545-1009.csv"
recruitee,cloudfire,url,sim,"quadros-fora-censo-1209.csv;quadros-tt-rec-1545-1009.csv"
recruitee,cold,url,sim,"quadros-fora-censo-1209.csv;quadros-tt-rec-1545-1009.csv"
recruitee,company3,url,sim,"quadros-fora-censo-1209.csv;quadros-tt-rec-1545-1009.csv"
recruitee,crazygames,coluna,nao,"quadros-novos-1009.csv"
recruitee,daredevils,url,sim,"quadros-fora-censo-1209.csv;quadros-tt-rec-1545-1009.csv"
recruitee,dovetailgames,url,nao,"censo-boards-0709.csv;censo-boards-0809.csv;garimpo-cgstudiomap.csv;index.html"
recruitee,eleven,url,sim,"quadros-fora-censo-1209.csv;quadros-tt-rec-1545-1009.csv"
recruitee,ember,url,sim,"quadros-fora-censo-1209.csv;quadros-tt-rec-1545-1009.csv"
recruitee,emergo,url,sim,"quadros-fora-censo-1209.csv;quadros-tt-rec-1545-1009.csv"
recruitee,escape,url,sim,"quadros-fora-censo-1209.csv;quadros-tt-rec-1545-1009.csv"
recruitee,focusentertainment,url,sim,"quadros-fora-censo-1209.csv;quadros-tt-rec-1545-1009.csv"
recruitee,focushomeinteractive,url,nao,"quadros-novos-1009.csv;quadros-novos-wikidata-1509.csv"
recruitee,fourth,url,sim,"quadros-fora-censo-1209.csv;quadros-tt-rec-1545-1009.csv"
recruitee,framestore,url,nao,"censo-boards-0709.csv;censo-boards-0809.csv;garimpo-cgstudiomap.csv;garimpo-pdf-fontes.csv;index.html;personagem-quadros-1009.csv;processados.csv"
recruitee,grafischlyceumutrecht,coluna,nao,"censo-artstation-ats-1709.csv"
recruitee,grip,url,sim,"quadros-fora-censo-1209.csv;quadros-tt-rec-1545-1009.csv"
recruitee,headfirst,url,nao,"quadros-dominio-1609.csv"
recruitee,hiro,url,sim,"quadros-fora-censo-1209.csv;quadros-tt-rec-1545-1009.csv"
recruitee,huuuge,url,nao,"censo-boards-0709.csv;censo-boards-0809.csv;fila-remotegamejobs-estudios.csv"
recruitee,icon,url,sim,"quadros-fora-censo-1209.csv;quadros-tt-rec-1545-1009.csv"
recruitee,illuvium,url,sim,"quadros-fora-censo-1209.csv;quadros-tt-rec-1545-1009.csv"
recruitee,jump,url,sim,"quadros-fora-censo-1209.csv;quadros-tt-rec-1545-1009.csv"
recruitee,knuddels,url,sim,"quadros-fora-censo-1209.csv;quadros-tt-rec-1545-1009.csv"
recruitee,knuddelsgmbhcokg,url,sim,"quadros-fora-censo-1209.csv;quadros-tt-rec-1545-1009.csv"
recruitee,landing,coluna,nao,"quadros-novos-1009.csv"
recruitee,lucidgames,url,suspeito,"quadros-fora-censo-1209.csv;quadros-novos-wikidata-1509.csv;quadros-tt-rec-1545-1009.csv"
recruitee,matt,url,sim,"quadros-fora-censo-1209.csv;quadros-tt-rec-1545-1009.csv"
recruitee,meta,url,sim,"quadros-fora-censo-1209.csv;quadros-tt-rec-1545-1009.csv"
recruitee,million,url,sim,"quadros-fora-censo-1209.csv;quadros-tt-rec-1545-1009.csv"
recruitee,nimble,url,sim,"quadros-fora-censo-1209.csv;quadros-tt-rec-1545-1009.csv"
recruitee,opus,url,sim,"quadros-fora-censo-1209.csv;quadros-tt-rec-1545-1009.csv"
recruitee,outbox,url,sim,"quadros-fora-censo-1209.csv;quadros-tt-rec-1545-1009.csv"
recruitee,parallel,url,sim,"quadros-fora-censo-1209.csv;quadros-tt-rec-1545-1009.csv"
recruitee,pebble,coluna,nao,"censo-artstation-ats-1709.csv"
recruitee,pineapple,url,sim,"quadros-fora-censo-1209.csv;quadros-tt-rec-1545-1009.csv"
recruitee,playrix,url,nao,"censo-boards-0709.csv;censo-boards-0809.csv;index.html"
recruitee,playtestcloud,url,sim,"quadros-fora-censo-1209.csv;quadros-tt-rec-1545-1009.csv"
recruitee,playtestcloudgmbh,url,sim,"quadros-fora-censo-1209.csv;quadros-tt-rec-1545-1009.csv"
recruitee,poppy,url,nao,"quadros-dominio-1609.csv"
recruitee,primary,url,sim,"quadros-fora-censo-1209.csv;quadros-tt-rec-1545-1009.csv"
recruitee,realitygames,url,sim,"quadros-fora-censo-1209.csv;quadros-tt-rec-1545-1009.csv"
recruitee,redsky,url,sim,"quadros-fora-censo-1209.csv;quadros-tt-rec-1545-1009.csv"
recruitee,reframe,url,sim,"quadros-fora-censo-1209.csv;quadros-tt-rec-1545-1009.csv"
recruitee,rift,url,sim,"quadros-fora-censo-1209.csv;quadros-tt-rec-1545-1009.csv"
recruitee,rock,url,sim,"quadros-fora-censo-1209.csv;quadros-tt-rec-1545-1009.csv"
recruitee,rocketwerkz,url,sim,"quadros-fora-censo-1209.csv;quadros-tt-rec-1545-1009.csv"
recruitee,rooster,url,sim,"quadros-fora-censo-1209.csv;quadros-tt-rec-1545-1009.csv"
recruitee,sandbox,url,sim,"quadros-fora-censo-1209.csv;quadros-tt-rec-1545-1009.csv"
recruitee,sisu,url,sim,"quadros-fora-censo-1209.csv;quadros-tt-rec-1545-1009.csv"
recruitee,softgames,url,sim,"quadros-fora-censo-1209.csv;quadros-tt-rec-1545-1009.csv"
recruitee,spiralyze,coluna,nao,"censo-artstation-ats-1709.csv"
recruitee,squeezestudio,url,nao,"censo-boards-0709.csv;censo-boards-0809.csv;index.html"
recruitee,storm,url,sim,"quadros-fora-censo-1209.csv;quadros-tt-rec-1545-1009.csv"
recruitee,tagging-server,coluna,nao,"quadros-novos-1009.csv"
recruitee,talent,url,sim,"quadros-fora-censo-1209.csv;quadros-tt-rec-1545-1009.csv"
recruitee,tbwa,url,sim,"quadros-fora-censo-1209.csv;quadros-tt-rec-1545-1009.csv"
recruitee,tensquaregames,url,sim,"quadros-fora-censo-1209.csv;quadros-tt-rec-1545-1009.csv"
recruitee,tributary,url,sim,"quadros-fora-censo-1209.csv;quadros-tt-rec-1545-1009.csv"
recruitee,true,url,sim,"quadros-fora-censo-1209.csv;quadros-tt-rec-1545-1009.csv"
recruitee,vertical,url,sim,"quadros-fora-censo-1209.csv;quadros-tt-rec-1545-1009.csv"
recruitee,zackdfilms,coluna,nao,"censo-artstation-ats-1709.csv"
recruitee,zero,url,sim,"quadros-fora-censo-1209.csv;quadros-tt-rec-1545-1009.csv"
smartrecruiters,a44games,url,nao,"quadros-dominio-1609.csv"
smartrecruiters,base,url,nao,"index.html"
smartrecruiters,bgaming,url,nao,"quadros-novos-wikidata-1509.csv"
smartrecruiters,blacklab,url,nao,"quadros-dominio-1609.csv"
smartrecruiters,bluelinestudios,url,nao,"quadros-novos-wikidata-1509.csv"
smartrecruiters,blumpstudio,url,nao,"censo-boards-0709.csv;censo-boards-0809.csv"
smartrecruiters,cdprojektred,url,nao,"censo-boards-0709.csv;censo-boards-0809.csv;garimpo-cgstudiomap.csv;index.html"
smartrecruiters,dontnod,url,nao,"index.html;processados.csv;quadros-fora-censo-1209.csv;quadros-novos-1009.csv;quadros-novos-wikidata-1509.csv"
smartrecruiters,firehosegames,url,nao,"quadros-novos-wikidata-1509.csv"
smartrecruiters,gameloft,url,nao,"censo-boards-0709.csv;censo-boards-0809.csv;index.html;processados.csv"
smartrecruiters,gamepires,url,nao,"quadros-novos-wikidata-1509.csv"
smartrecruiters,ghostvfx,url,nao,"censo-boards-0709.csv;censo-boards-0809.csv;index.html"
smartrecruiters,giantssoftwaregmbh,url,nao,"censo-boards-0709.csv;censo-boards-0809.csv;index.html"
smartrecruiters,intrepidstudios,url,nao,"quadros-novos-wikidata-1509.csv"
smartrecruiters,keywordsstudios,url,nao,"censo-boards-0709.csv;censo-boards-0809.csv;index.html;personagem-quadros-1009.csv;processados.csv"
smartrecruiters,ludia1,url,nao,"index.html;quadros-fora-censo-1209.csv"
smartrecruiters,mattelinc,url,nao,"censo-boards-0709.csv;censo-boards-0809.csv;index.html;personagem-quadros-1009.csv"
smartrecruiters,mikrosanimation,url,nao,"index.html"
smartrecruiters,mindseye,url,nao,"quadros-dominio-1609.csv"
smartrecruiters,my-applications,url,nao,"index.html;processados.csv"
smartrecruiters,nbcuniversal,coluna,nao,"quadros-fora-censo-1209.csv"
smartrecruiters,nbcuniversal3,url,nao,"censo-boards-0709.csv;censo-boards-0809.csv;index.html;personagem-quadros-1009.csv;processados.csv"
smartrecruiters,oneclick-ui,url,nao,"index.html;processados.csv"
smartrecruiters,outpostvfx,url,nao,"censo-boards-0709.csv;censo-boards-0809.csv;garimpo-cgstudiomap.csv;index.html;processados.csv"
smartrecruiters,peoplecanfly,url,nao,"censo-boards-0709.csv;censo-boards-0809.csv;garimpo-cgstudiomap.csv;index.html;personagem-quadros-1009.csv;processados.csv"
smartrecruiters,rodeofx,url,nao,"censo-boards-0709.csv;censo-boards-0809.csv;garimpo-pdf-fontes.csv;index.html;processados.csv"
smartrecruiters,ryseupstudios,url,nao,"censo-boards-0709.csv;censo-boards-0809.csv;index.html"
smartrecruiters,scavengersstudio,url,nao,"quadros-novos-wikidata-1509.csv"
smartrecruiters,sites,url,nao,"quadros-dominio-1609.csv"
smartrecruiters,sr-jobs,url,nao,"processados.csv"
smartrecruiters,techlandsa,url,nao,"censo-boards-0709.csv;censo-boards-0809.csv;garimpo-pdf-fontes.csv;index.html;personagem-quadros-1009.csv"
smartrecruiters,ubisoft2,url,nao,"censo-boards-0709.csv;censo-boards-0809.csv;garimpo-pdf-fontes.csv;index.html;personagem-quadros-1009.csv;processados.csv"
teamtailor,10chambers,url,suspeito,"index.html;quadros-fora-censo-1209.csv;quadros-tt-rec-1545-1009.csv"
teamtailor,2020,url,nao,"quadros-novos-wikidata-1509.csv"
teamtailor,above,url,sim,"quadros-fora-censo-1209.csv;quadros-tt-rec-1545-1009.csv"
teamtailor,airshipinteractive,url,nao,"index.html;quadros-fora-censo-1209.csv"
teamtailor,anima,url,suspeito,"index.html;quadros-fora-censo-1209.csv;quadros-tt-rec-1545-1009.csv"
teamtailor,ankama,url,nao,"censo-boards-0709.csv;censo-boards-0809.csv;quadros-dominio-1609.csv"
teamtailor,antagonist,url,sim,"quadros-fora-censo-1209.csv;quadros-tt-rec-1545-1009.csv"
teamtailor,aonic,url,sim,"quadros-fora-censo-1209.csv;quadros-tt-rec-1545-1009.csv"
teamtailor,avantis,url,sim,"quadros-fora-censo-1209.csv;quadros-tt-rec-1545-1009.csv"
teamtailor,awaceb,url,suspeito,"index.html;quadros-fora-censo-1209.csv;quadros-tt-rec-1545-1009.csv"
teamtailor,axis,url,suspeito,"censo-artstation-ats-1709.csv;index.html;processados.csv;quadros-fora-censo-1209.csv;quadros-tt-rec-1545-1009.csv"
teamtailor,axolotgamesab,url,nao,"censo-boards-0709.csv;censo-boards-0809.csv;index.html"
teamtailor,beffio,url,nao,"censo-boards-0709.csv;censo-boards-0809.csv"
teamtailor,bespokepixel,url,nao,"index.html;quadros-novos-1009.csv"
teamtailor,beyondframesentertainment,url,sim,"quadros-fora-censo-1209.csv;quadros-tt-rec-1545-1009.csv"
teamtailor,bica,url,sim,"quadros-fora-censo-1209.csv;quadros-tt-rec-1545-1009.csv"
teamtailor,black,url,sim,"quadros-fora-censo-1209.csv;quadros-tt-rec-1545-1009.csv"
teamtailor,blackkitestudios,url,nao,"censo-boards-0709.csv;censo-boards-0809.csv"
teamtailor,bulkheadinteractive,url,nao,"censo-boards-0709.csv;censo-boards-0809.csv"
teamtailor,butter,url,sim,"quadros-fora-censo-1209.csv;quadros-tt-rec-1545-1009.csv"
teamtailor,capsulestudio,url,suspeito,"index.html;quadros-fora-censo-1209.csv;quadros-tt-rec-1545-1009.csv"
teamtailor,captureage,url,sim,"quadros-fora-censo-1209.csv;quadros-tt-rec-1545-1009.csv"
teamtailor,chief,url,sim,"quadros-fora-censo-1209.csv;quadros-tt-rec-1545-1009.csv"
teamtailor,chopchop,url,sim,"quadros-fora-censo-1209.csv;quadros-tt-rec-1545-1009.csv"
teamtailor,cigames,url,nao,"censo-boards-0709.csv;censo-boards-0809.csv;garimpo-cgstudiomap.csv;index.html;processados.csv;quadros-dominio-1609.csv"
teamtailor,clickoutmedia,url,nao,"censo-boards-0709.csv;censo-boards-0809.csv;fila-remotegamejobs-estudios.csv"
teamtailor,coffeestainstudios,url,nao,"censo-boards-0709.csv;censo-boards-0809.csv;index.html"
teamtailor,creepyjar,coluna,nao,"quadros-novos-1009.csv"
teamtailor,curio,url,sim,"quadros-fora-censo-1209.csv;quadros-tt-rec-1545-1009.csv"
teamtailor,dare,url,sim,"quadros-fora-censo-1209.csv;quadros-tt-rec-1545-1009.csv"
teamtailor,delve,url,sim,"quadros-fora-censo-1209.csv;quadros-tt-rec-1545-1009.csv"
teamtailor,demo-houseofhow,url,nao,"processados.csv"
teamtailor,doktor,url,sim,"quadros-fora-censo-1209.csv;quadros-tt-rec-1545-1009.csv"
teamtailor,ebbsoftware,url,nao,"index.html;quadros-novos-wikidata-1509.csv"
teamtailor,eclipse,url,sim,"quadros-fora-censo-1209.csv;quadros-tt-rec-1545-1009.csv"
teamtailor,egmont,url,nao,"quadros-dominio-1609.csv"
teamtailor,embarkstudios,url,nao,"censo-boards-0709.csv;censo-boards-0809.csv;index.html"
teamtailor,ember,url,sim,"quadros-fora-censo-1209.csv;quadros-tt-rec-1545-1009.csv"
teamtailor,envar,coluna,nao,"quadros-fora-censo-1209.csv"
teamtailor,envarstudio,url,nao,"censo-boards-0709.csv;censo-boards-0809.csv"
teamtailor,equilibrium,url,nao,"quadros-novos-wikidata-1509.csv"
teamtailor,erepublik,url,suspeito,"index.html;quadros-fora-censo-1209.csv;quadros-tt-rec-1545-1009.csv"
teamtailor,facepunch,url,nao,"fila-gamedevmap-europa.csv;index.html;quadros-fora-censo-1209.csv"
teamtailor,fatshark,url,nao,"censo-boards-0709.csv;censo-boards-0809.csv;index.html;pessoas.csv"
teamtailor,firefly,url,sim,"quadros-fora-censo-1209.csv;quadros-tt-rec-1545-1009.csv"
teamtailor,foolstheory,url,nao,"index.html;quadros-fora-censo-1209.csv"
teamtailor,forthstar,coluna,nao,"quadros-novos-1009.csv"
teamtailor,fortis,url,sim,"quadros-fora-censo-1209.csv;quadros-tt-rec-1545-1009.csv"
teamtailor,fully,url,suspeito,"index.html;quadros-fora-censo-1209.csv;quadros-tt-rec-1545-1009.csv"
teamtailor,funcom,url,suspeito,"index.html;quadros-fora-censo-1209.csv;quadros-tt-rec-1545-1009.csv"
teamtailor,fundagames,url,nao,"processados.csv;quadros-fora-censo-1209.csv"
teamtailor,fundaygames,url,nao,"censo-boards-0709.csv;censo-boards-0809.csv;index.html"
teamtailor,fuse,url,sim,"quadros-fora-censo-1209.csv;quadros-tt-rec-1545-1009.csv"
teamtailor,gameboost,url,nao,"censo-boards-0709.csv;censo-boards-0809.csv;index.html"
teamtailor,gamecan,url,nao,"index.html;processados.csv;quadros-fora-censo-1209.csv"
teamtailor,genius,url,sim,"quadros-fora-censo-1209.csv;quadros-tt-rec-1545-1009.csv"
teamtailor,ghostshipgames,coluna,nao,"quadros-fora-censo-1209.csv"
teamtailor,gigglebug,url,nao,"censo-boards-0709.csv;censo-boards-0809.csv;processados.csv"
teamtailor,goals,url,suspeito,"index.html;quadros-fora-censo-1209.csv;quadros-tt-rec-1545-1009.csv"
teamtailor,goodbyekansas,url,nao,"censo-boards-0709.csv;censo-boards-0809.csv"
teamtailor,goodbyekansasstudios,coluna,nao,"quadros-fora-censo-1209.csv"
teamtailor,goodgamestudios,url,suspeito,"index.html;quadros-fora-censo-1209.csv;quadros-tt-rec-1545-1009.csv"
teamtailor,grace,url,suspeito,"processados.csv;quadros-fora-censo-1209.csv;quadros-tt-rec-1545-1009.csv"
teamtailor,graft,url,sim,"quadros-fora-censo-1209.csv;quadros-tt-rec-1545-1009.csv"
teamtailor,groundcontrol,url,sim,"quadros-fora-censo-1209.csv;quadros-tt-rec-1545-1009.csv"
teamtailor,habitat,url,sim,"quadros-fora-censo-1209.csv;quadros-tt-rec-1545-1009.csv"
teamtailor,hampastudio,url,nao,"censo-boards-0709.csv;censo-boards-0809.csv;garimpo-cgstudiomap.csv;index.html;processados.csv"
teamtailor,here,url,sim,"quadros-fora-censo-1209.csv;quadros-tt-rec-1545-1009.csv"
teamtailor,hero,url,sim,"quadros-fora-censo-1209.csv;quadros-tt-rec-1545-1009.csv"
teamtailor,homa,url,sim,"quadros-fora-censo-1209.csv;quadros-tt-rec-1545-1009.csv"
teamtailor,house,url,sim,"quadros-fora-censo-1209.csv;quadros-tt-rec-1545-1009.csv"
teamtailor,houseofhow,url,nao,"censo-boards-0709.csv;censo-boards-0809.csv;index.html;processados.csv"
teamtailor,hypehype,url,nao,"index.html;quadros-novos-wikidata-1509.csv"
teamtailor,ilpvfx,url,nao,"censo-boards-0709.csv;censo-boards-0809.csv;garimpo-cgstudiomap.csv;index.html;processados.csv"
teamtailor,impact,url,sim,"quadros-fora-censo-1209.csv;quadros-tt-rec-1545-1009.csv"
teamtailor,imperiaonline,url,nao,"index.html;quadros-dominio-1609.csv"
teamtailor,infinity,url,sim,"quadros-fora-censo-1209.csv;quadros-tt-rec-1545-1009.csv"
teamtailor,invisiblewalls,url,nao,"index.html;quadros-fora-censo-1209.csv"
teamtailor,ioi,url,nao,"censo-boards-0709.csv;censo-boards-0809.csv;index.html"
teamtailor,kavalrigames,coluna,nao,"quadros-novos-1009.csv"
teamtailor,keengames,url,nao,"index.html;quadros-fora-censo-1209.csv"
teamtailor,keplerinteractive,coluna,nao,"quadros-fora-censo-1209.csv"
teamtailor,kindabrave,url,suspeito,"index.html;quadros-fora-censo-1209.csv;quadros-tt-rec-1545-1009.csv"
teamtailor,kinetic,url,sim,"quadros-fora-censo-1209.csv;quadros-tt-rec-1545-1009.csv"
teamtailor,kixeye,url,nao,"index.html;quadros-novos-wikidata-1509.csv"
teamtailor,lastarrowgames,url,suspeito,"index.html;quadros-fora-censo-1209.csv;quadros-tt-rec-1545-1009.csv"
teamtailor,level,url,sim,"quadros-fora-censo-1209.csv;quadros-tt-rec-1545-1009.csv"
teamtailor,life,url,sim,"quadros-fora-censo-1209.csv;quadros-tt-rec-1545-1009.csv"
teamtailor,lightheartentertainment,url,suspeito,"index.html;quadros-fora-censo-1209.csv;quadros-tt-rec-1545-1009.csv"
teamtailor,lingokids,url,sim,"quadros-fora-censo-1209.csv;quadros-tt-rec-1545-1009.csv"
teamtailor,liquidswords,url,suspeito,"processados.csv;quadros-fora-censo-1209.csv;quadros-tt-rec-1545-1009.csv"
teamtailor,lunar,url,sim,"quadros-fora-censo-1209.csv;quadros-tt-rec-1545-1009.csv"
teamtailor,madbox,url,nao,"index.html;quadros-fora-censo-1209.csv;quadros-novos-1009.csv"
teamtailor,made,url,sim,"quadros-fora-censo-1209.csv;quadros-tt-rec-1545-1009.csv"
teamtailor,mag,url,nao,"index.html"
teamtailor,mill,url,sim,"quadros-fora-censo-1209.csv;quadros-tt-rec-1545-1009.csv"
teamtailor,mind,url,sim,"quadros-fora-censo-1209.csv;quadros-tt-rec-1545-1009.csv"
teamtailor,mindark,url,suspeito,"index.html;quadros-fora-censo-1209.csv;quadros-tt-rec-1545-1009.csv"
teamtailor,minogames,url,nao,"index.html;quadros-fora-censo-1209.csv"
teamtailor,mobile,url,sim,"quadros-fora-censo-1209.csv;quadros-tt-rec-1545-1009.csv"
teamtailor,monster,url,sim,"quadros-fora-censo-1209.csv;quadros-tt-rec-1545-1009.csv"
teamtailor,neat,url,sim,"quadros-fora-censo-1209.csv;quadros-tt-rec-1545-1009.csv"
teamtailor,neongiant,url,suspeito,"index.html;quadros-fora-censo-1209.csv;quadros-tt-rec-1545-1009.csv"
teamtailor,newmoonproduction,url,suspeito,"index.html;quadros-fora-censo-1209.csv;quadros-tt-rec-1545-1009.csv"
teamtailor,next,url,sim,"quadros-fora-censo-1209.csv;quadros-tt-rec-1545-1009.csv"
teamtailor,nolimitcity,url,nao,"index.html;quadros-novos-wikidata-1509.csv"
teamtailor,northkingdom,url,nao,"index.html;quadros-novos-wikidata-1509.csv"
teamtailor,ofmstudios,url,suspeito,"index.html;quadros-fora-censo-1209.csv;quadros-tt-rec-1545-1009.csv"
teamtailor,once,url,sim,"quadros-fora-censo-1209.csv;quadros-tt-rec-1545-1009.csv"
teamtailor,opusmajor,url,sim,"quadros-fora-censo-1209.csv;quadros-tt-rec-1545-1009.csv"
teamtailor,osome,url,sim,"quadros-fora-censo-1209.csv;quadros-tt-rec-1545-1009.csv"
teamtailor,paradox,coluna,nao,"quadros-fora-censo-1209.csv"
teamtailor,paradox-interactive,coluna,nao,"quadros-novos-1009.csv"
teamtailor,paradoxinteractive,coluna,nao,"quadros-fora-censo-1209.csv"
teamtailor,paradoxplaza,coluna,nao,"quadros-fora-censo-1209.csv"
teamtailor,parallax,url,nao,"quadros-novos-wikidata-1509.csv"
teamtailor,parkerschauffeurs,coluna,nao,"quadros-fora-censo-1209.csv;quadros-novos-1009.csv"
teamtailor,pfx,url,nao,"censo-boards-0709.csv;censo-boards-0809.csv;index.html;processados.csv"
teamtailor,pixiongames,url,suspeito,"index.html;quadros-fora-censo-1209.csv;quadros-tt-rec-1545-1009.csv"
teamtailor,playagames,url,nao,"censo-boards-0709.csv;censo-boards-0809.csv;index.html;processados.csv"
teamtailor,podimo,url,nao,"quadros-novos-wikidata-1509.csv"
teamtailor,power,url,sim,"quadros-fora-censo-1209.csv;quadros-tt-rec-1545-1009.csv"
teamtailor,presto,url,nao,"quadros-dominio-1609.csv"
teamtailor,princessbento,url,suspeito,"index.html;quadros-fora-censo-1209.csv;quadros-tt-rec-1545-1009.csv"
teamtailor,radicalforge,url,nao,"processados.csv;quadros-fora-censo-1209.csv"
teamtailor,rawfury,url,suspeito,"index.html;quadros-fora-censo-1209.csv;quadros-tt-rec-1545-1009.csv"
teamtailor,rawpowergames-1700833558,coluna,nao,"quadros-novos-1009.csv"
teamtailor,realtime,url,nao,"censo-boards-0709.csv;censo-boards-0809.csv;index.html;processados.csv"
teamtailor,redroverinteractive,coluna,nao,"quadros-novos-1009.csv"
teamtailor,revolution,url,suspeito,"quadros-dominio-1609.csv;quadros-fora-censo-1209.csv;quadros-tt-rec-1545-1009.csv"
teamtailor,rhino,url,sim,"quadros-fora-censo-1209.csv;quadros-tt-rec-1545-1009.csv"
teamtailor,salt,url,sim,"quadros-fora-censo-1209.csv;quadros-tt-rec-1545-1009.csv"
teamtailor,sandboxinteractive,url,nao,"fila-gamedevmap-europa.csv;index.html;processados.csv;quadros-fora-censo-1209.csv"
teamtailor,seven,url,sim,"quadros-fora-censo-1209.csv;quadros-tt-rec-1545-1009.csv"
teamtailor,sharkmob,url,sim,"quadros-fora-censo-1209.csv;quadros-tt-rec-1545-1009.csv"
teamtailor,sloclap,url,nao,"censo-boards-0709.csv;censo-boards-0809.csv"
teamtailor,slug,url,nao,"index.html;processados.csv;quadros-fora-censo-1209.csv"
teamtailor,snowprint,coluna,nao,"quadros-fora-censo-1209.csv"
teamtailor,snowprintstudios,url,suspeito,"index.html;processados.csv;quadros-fora-censo-1209.csv;quadros-tt-rec-1545-1009.csv"
teamtailor,squeeze,url,sim,"quadros-fora-censo-1209.csv;quadros-tt-rec-1545-1009.csv"
teamtailor,starbreeze,url,nao,"censo-boards-0709.csv;censo-boards-0809.csv;quadros-dominio-1609.csv"
teamtailor,stardust,url,sim,"quadros-fora-censo-1209.csv;quadros-tt-rec-1545-1009.csv"
teamtailor,starship,url,sim,"quadros-fora-censo-1209.csv;quadros-tt-rec-1545-1009.csv"
teamtailor,starstable,url,nao,"censo-boards-0709.csv;censo-boards-0809.csv;index.html"
teamtailor,stillfrontgroup,url,suspeito,"index.html;quadros-fora-censo-1209.csv;quadros-tt-rec-1545-1009.csv"
teamtailor,stim,url,sim,"quadros-fora-censo-1209.csv;quadros-tt-rec-1545-1009.csv"
teamtailor,stunlocksstudios,url,nao,"censo-boards-0709.csv;censo-boards-0809.csv;index.html"
teamtailor,stunlockstudios,url,nao,"index.html;quadros-fora-censo-1209.csv"
teamtailor,sunday,url,sim,"quadros-fora-censo-1209.csv;quadros-tt-rec-1545-1009.csv"
teamtailor,sweet,url,sim,"quadros-fora-censo-1209.csv;quadros-tt-rec-1545-1009.csv"
teamtailor,sweetspot,url,sim,"quadros-fora-censo-1209.csv;quadros-tt-rec-1545-1009.csv"
teamtailor,swiftgames,url,sim,"quadros-fora-censo-1209.csv;quadros-tt-rec-1545-1009.csv"
teamtailor,sybo,url,nao,"censo-boards-0709.csv;censo-boards-0809.csv;garimpo-cgstudiomap.csv;index.html;processados.csv"
teamtailor,sybogames,coluna,nao,"quadros-fora-censo-1209.csv"
teamtailor,tacticaladventures,url,nao,"censo-boards-0709.csv;censo-boards-0809.csv;index.html;processados.csv"
teamtailor,tapnation,url,suspeito,"index.html;quadros-fora-censo-1209.csv;quadros-tt-rec-1545-1009.csv"
teamtailor,territorystudio,url,suspeito,"index.html;quadros-fora-censo-1209.csv;quadros-tt-rec-1545-1009.csv"
teamtailor,thegang,url,suspeito,"index.html;quadros-fora-censo-1209.csv;quadros-tt-rec-1545-1009.csv"
teamtailor,triband,url,sim,"quadros-fora-censo-1209.csv;quadros-tt-rec-1545-1009.csv"
teamtailor,tribes,url,sim,"quadros-fora-censo-1209.csv;quadros-tt-rec-1545-1009.csv"
teamtailor,tt,coluna,nao,"quadros-fora-censo-1209.csv;quadros-novos-1009.csv"
teamtailor,twinharbour,url,nao,"censo-boards-0709.csv;censo-boards-0809.csv;index.html;processados.csv"
teamtailor,unfold,url,sim,"quadros-fora-censo-1209.csv;quadros-tt-rec-1545-1009.csv"
teamtailor,united,url,sim,"quadros-fora-censo-1209.csv;quadros-tt-rec-1545-1009.csv"
teamtailor,unleash,url,sim,"quadros-fora-censo-1209.csv;quadros-tt-rec-1545-1009.csv"
teamtailor,untoldstdfg1324556,url,nao,"censo-boards-0709.csv;censo-boards-0809.csv"
teamtailor,vinefx,url,nao,"censo-boards-0709.csv;censo-boards-0809.csv;index.html"
teamtailor,vividgamessa,url,suspeito,"index.html;quadros-fora-censo-1209.csv;quadros-tt-rec-1545-1009.csv"
teamtailor,waypoint,url,sim,"quadros-fora-censo-1209.csv;quadros-tt-rec-1545-1009.csv"
teamtailor,wetaworkshop,url,nao,"censo-boards-0709.csv;censo-boards-0809.csv;processados.csv"
teamtailor,yonder,url,sim,"quadros-fora-censo-1209.csv;quadros-tt-rec-1545-1009.csv"
teamtailor,zero,url,sim,"quadros-fora-censo-1209.csv;quadros-tt-rec-1545-1009.csv"
workable,580933,url,nao,"index.html"
workable,8i,coluna,nao,"quadros-novos-1009.csv"
workable,arkadium-1,coluna,nao,"quadros-novos-1009.csv"
workable,bardel-entertainment,url,nao,"index.html;quadros-fora-censo-1209.csv"
workable,beamng,url,nao,"index.html;quadros-fora-censo-1209.csv"
workable,big-viking-games-3,coluna,nao,"quadros-fora-censo-1209.csv;quadros-novos-1009.csv"
workable,cause-and-fx-ltd,coluna,nao,"quadros-fora-censo-1209.csv;quadros-novos-1009.csv"
workable,double-eleven,coluna,nao,"quadros-fora-censo-1209.csv"
workable,escape-velocity-entertainment-inc,coluna,nao,"quadros-fora-censo-1209.csv"
workable,homa-games,coluna,nao,"quadros-novos-1009.csv"
workable,jagex-limited,coluna,nao,"quadros-fora-censo-1209.csv"
workable,keywords-intl1,url,nao,"garimpo-pdf-fontes.csv;index.html;quadros-fora-censo-1209.csv"
workable,kingsisle-entertainment-inc,url,nao,"index.html;quadros-fora-censo-1209.csv"
workable,lighthousegames,url,nao,"garimpo-pdf-fontes.csv;index.html;processados.csv;quadros-fora-censo-1209.csv"
workable,mino-games,coluna,nao,"quadros-fora-censo-1209.csv"
workable,nexusstudios,url,nao,"index.html;processados.csv;quadros-fora-censo-1209.csv;quadros-novos-1009.csv"
workable,one-of-us,url,nao,"index.html;quadros-fora-censo-1209.csv"
workable,pikpok,url,nao,"index.html;quadros-fora-censo-1209.csv"
workable,pxo,url,nao,"index.html;processados.csv;quadros-fora-censo-1209.csv"
workable,rebellion,url,nao,"index.html;quadros-fora-censo-1209.csv"
workable,secret-6,coluna,nao,"quadros-novos-1009.csv"
workable,skrice,coluna,nao,"quadros-novos-1009.csv"
workable,sperasoft,coluna,nao,"quadros-novos-1009.csv"
workable,square-enix-america,coluna,nao,"quadros-novos-1009.csv"
workable,streamlinestudios,url,nao,"index.html;quadros-fora-censo-1209.csv"
workable,supermassivegames,coluna,nao,"quadros-fora-censo-1209.csv"
workable,team-17-digital,url,nao,"index.html;quadros-fora-censo-1209.csv;quadros-novos-1009.csv"
workable,velanstudios,url,nao,"index.html;quadros-fora-censo-1209.csv"
